[2025-11-15 01:29:26] === Quiz Save Request Started ===
[2025-11-15 01:29:26] User logged in: 8
[2025-11-15 01:29:26] Raw JSON: {"user_id":8,"book_id":2,"total_questions":5,"correct_answers":2,"score_percentage":40,"time_taken":4,"responses":[{"question_id":6,"user_answer":"A","is_correct":true},{"question_id":7,"user_answer":"B","is_correct":true},{"question_id":8,"user_answer":"C","is_correct":false},{"question_id":9,"user_answer":"C","is_correct":false},{"question_id":10,"user_answer":"C","is_correct":false}]}
[2025-11-15 01:29:26] Quiz Data: Array
(
    [user_id] => 8
    [book_id] => 2
    [total_questions] => 5
    [correct_answers] => 2
    [score_percentage] => 40
    [time_taken] => 4
    [responses] => Array
        (
            [0] => Array
                (
                    [question_id] => 6
                    [user_answer] => A
                    [is_correct] => 1
                )

            [1] => Array
                (
                    [question_id] => 7
                    [user_answer] => B
                    [is_correct] => 1
                )

            [2] => Array
                (
                    [question_id] => 8
                    [user_answer] => C
                    [is_correct] => 
                )

            [3] => Array
                (
                    [question_id] => 9
                    [user_answer] => C
                    [is_correct] => 
                )

            [4] => Array
                (
                    [question_id] => 10
                    [user_answer] => C
                    [is_correct] => 
                )

        )

)

[2025-11-15 01:29:26] Extracted data - User: 8, Book: 2, Score: 2/5 (40%)
[2025-11-15 01:29:26] Starting database operations...
[2025-11-15 01:29:26] User verified: Ponpon Alarcon
[2025-11-15 01:29:26] Book verified: Charlotte's Web
[2025-11-15 01:29:26] Attempting to insert quiz attempt...
[2025-11-15 01:29:26] Quiz attempt inserted successfully! Attempt ID: 2
[2025-11-15 01:29:26] System log created
[2025-11-15 01:29:26] Books completed count: 0
[2025-11-15 01:29:26] Average score: 50%
[2025-11-15 01:29:26] Processing rewards...
[2025-11-15 01:29:26] Total rewards: 0
[2025-11-15 01:29:26] Response data: Array
(
    [attempt_id] => 2
    [books_completed] => 0
    [average_score] => 50
    [rewards_earned] => 0
    [new_rewards] => Array
        (
        )

    [all_rewards] => Array
        (
        )

    [user_name] => Ponpon Alarcon
    [book_title] => Charlotte's Web
    [passed] => 
)

[2025-11-15 01:29:26] === Quiz Save Successful ===
[2025-11-15 01:29:56] === Quiz Save Request Started ===
[2025-11-15 01:29:56] User logged in: 8
[2025-11-15 01:29:56] Raw JSON: {"user_id":8,"book_id":2,"total_questions":5,"correct_answers":1,"score_percentage":20,"time_taken":7,"responses":[{"question_id":6,"user_answer":"A","is_correct":true},{"question_id":7,"user_answer":"A","is_correct":false},{"question_id":8,"user_answer":"A","is_correct":false},{"question_id":9,"user_answer":"A","is_correct":false},{"question_id":10,"user_answer":"A","is_correct":false}]}
[2025-11-15 01:29:56] Quiz Data: Array
(
    [user_id] => 8
    [book_id] => 2
    [total_questions] => 5
    [correct_answers] => 1
    [score_percentage] => 20
    [time_taken] => 7
    [responses] => Array
        (
            [0] => Array
                (
                    [question_id] => 6
                    [user_answer] => A
                    [is_correct] => 1
                )

            [1] => Array
                (
                    [question_id] => 7
                    [user_answer] => A
                    [is_correct] => 
                )

            [2] => Array
                (
                    [question_id] => 8
                    [user_answer] => A
                    [is_correct] => 
                )

            [3] => Array
                (
                    [question_id] => 9
                    [user_answer] => A
                    [is_correct] => 
                )

            [4] => Array
                (
                    [question_id] => 10
                    [user_answer] => A
                    [is_correct] => 
                )

        )

)

[2025-11-15 01:29:56] Extracted data - User: 8, Book: 2, Score: 1/5 (20%)
[2025-11-15 01:29:56] Starting database operations...
[2025-11-15 01:29:56] User verified: Ponpon Alarcon
[2025-11-15 01:29:56] Book verified: Charlotte's Web
[2025-11-15 01:29:56] Attempting to insert quiz attempt...
[2025-11-15 01:29:56] Quiz attempt inserted successfully! Attempt ID: 3
[2025-11-15 01:29:56] System log created
[2025-11-15 01:29:56] Books completed count: 0
[2025-11-15 01:29:56] Average score: 40%
[2025-11-15 01:29:56] Processing rewards...
[2025-11-15 01:29:56] Total rewards: 0
[2025-11-15 01:29:56] Response data: Array
(
    [attempt_id] => 3
    [books_completed] => 0
    [average_score] => 40
    [rewards_earned] => 0
    [new_rewards] => Array
        (
        )

    [all_rewards] => Array
        (
        )

    [user_name] => Ponpon Alarcon
    [book_title] => Charlotte's Web
    [passed] => 
)

[2025-11-15 01:29:56] === Quiz Save Successful ===
[2025-11-15 01:30:42] === Quiz Save Request Started ===
[2025-11-15 01:30:42] User logged in: 8
[2025-11-15 01:30:42] Raw JSON: {"user_id":8,"book_id":2,"total_questions":5,"correct_answers":5,"score_percentage":100,"time_taken":6,"responses":[{"question_id":6,"user_answer":"A","is_correct":true},{"question_id":7,"user_answer":"B","is_correct":true},{"question_id":8,"user_answer":"B","is_correct":true},{"question_id":9,"user_answer":"B","is_correct":true},{"question_id":10,"user_answer":"B","is_correct":true}]}
[2025-11-15 01:30:42] Quiz Data: Array
(
    [user_id] => 8
    [book_id] => 2
    [total_questions] => 5
    [correct_answers] => 5
    [score_percentage] => 100
    [time_taken] => 6
    [responses] => Array
        (
            [0] => Array
                (
                    [question_id] => 6
                    [user_answer] => A
                    [is_correct] => 1
                )

            [1] => Array
                (
                    [question_id] => 7
                    [user_answer] => B
                    [is_correct] => 1
                )

            [2] => Array
                (
                    [question_id] => 8
                    [user_answer] => B
                    [is_correct] => 1
                )

            [3] => Array
                (
                    [question_id] => 9
                    [user_answer] => B
                    [is_correct] => 1
                )

            [4] => Array
                (
                    [question_id] => 10
                    [user_answer] => B
                    [is_correct] => 1
                )

        )

)

[2025-11-15 01:30:42] Extracted data - User: 8, Book: 2, Score: 5/5 (100%)
[2025-11-15 01:30:42] Starting database operations...
[2025-11-15 01:30:42] User verified: Ponpon Alarcon
[2025-11-15 01:30:42] Book verified: Charlotte's Web
[2025-11-15 01:30:42] Attempting to insert quiz attempt...
[2025-11-15 01:30:42] Quiz attempt inserted successfully! Attempt ID: 4
[2025-11-15 01:30:42] System log created
[2025-11-15 01:30:42] Books completed count: 1
[2025-11-15 01:30:42] Average score: 55%
[2025-11-15 01:30:42] Processing rewards...
[2025-11-15 01:30:42] Total rewards: 0
[2025-11-15 01:30:42] Response data: Array
(
    [attempt_id] => 4
    [books_completed] => 1
    [average_score] => 55
    [rewards_earned] => 0
    [new_rewards] => Array
        (
        )

    [all_rewards] => Array
        (
        )

    [user_name] => Ponpon Alarcon
    [book_title] => Charlotte's Web
    [passed] => 1
)

[2025-11-15 01:30:42] === Quiz Save Successful ===
[2025-11-15 01:33:05] === Quiz Save Request Started ===
[2025-11-15 01:33:05] User logged in: 8
[2025-11-15 01:33:05] Raw JSON: {"user_id":8,"book_id":2,"total_questions":5,"correct_answers":1,"score_percentage":20,"time_taken":7,"responses":[{"question_id":6,"user_answer":"A","is_correct":true},{"question_id":7,"user_answer":"D","is_correct":false},{"question_id":8,"user_answer":"C","is_correct":false},{"question_id":9,"user_answer":"C","is_correct":false},{"question_id":10,"user_answer":"C","is_correct":false}]}
[2025-11-15 01:33:05] Quiz Data: Array
(
    [user_id] => 8
    [book_id] => 2
    [total_questions] => 5
    [correct_answers] => 1
    [score_percentage] => 20
    [time_taken] => 7
    [responses] => Array
        (
            [0] => Array
                (
                    [question_id] => 6
                    [user_answer] => A
                    [is_correct] => 1
                )

            [1] => Array
                (
                    [question_id] => 7
                    [user_answer] => D
                    [is_correct] => 
                )

            [2] => Array
                (
                    [question_id] => 8
                    [user_answer] => C
                    [is_correct] => 
                )

            [3] => Array
                (
                    [question_id] => 9
                    [user_answer] => C
                    [is_correct] => 
                )

            [4] => Array
                (
                    [question_id] => 10
                    [user_answer] => C
                    [is_correct] => 
                )

        )

)

[2025-11-15 01:33:05] Extracted data - User: 8, Book: 2, Score: 1/5 (20%)
[2025-11-15 01:33:05] Starting database operations...
[2025-11-15 01:33:05] User verified: Ponpon Alarcon
[2025-11-15 01:33:05] Book verified: Charlotte's Web
[2025-11-15 01:33:05] Attempting to insert quiz attempt...
[2025-11-15 01:33:05] Quiz attempt inserted successfully! Attempt ID: 5
[2025-11-15 01:33:05] System log created
[2025-11-15 01:33:05] Books completed count: 1
[2025-11-15 01:33:05] Average score: 48%
[2025-11-15 01:33:05] Processing rewards...
[2025-11-15 01:33:05] Total rewards: 0
[2025-11-15 01:33:05] Response data: Array
(
    [attempt_id] => 5
    [books_completed] => 1
    [average_score] => 48
    [rewards_earned] => 0
    [new_rewards] => Array
        (
        )

    [all_rewards] => Array
        (
        )

    [user_name] => Ponpon Alarcon
    [book_title] => Charlotte's Web
    [passed] => 
)

[2025-11-15 01:33:05] === Quiz Save Successful ===
[2025-11-15 01:33:43] === Quiz Save Request Started ===
[2025-11-15 01:33:43] User logged in: 8
[2025-11-15 01:33:43] Raw JSON: {"user_id":8,"book_id":1,"total_questions":5,"correct_answers":1,"score_percentage":20,"time_taken":7,"responses":[{"question_id":1,"user_answer":"A","is_correct":true},{"question_id":2,"user_answer":"A","is_correct":false},{"question_id":3,"user_answer":"A","is_correct":false},{"question_id":4,"user_answer":"A","is_correct":false},{"question_id":5,"user_answer":"A","is_correct":false}]}
[2025-11-15 01:33:43] Quiz Data: Array
(
    [user_id] => 8
    [book_id] => 1
    [total_questions] => 5
    [correct_answers] => 1
    [score_percentage] => 20
    [time_taken] => 7
    [responses] => Array
        (
            [0] => Array
                (
                    [question_id] => 1
                    [user_answer] => A
                    [is_correct] => 1
                )

            [1] => Array
                (
                    [question_id] => 2
                    [user_answer] => A
                    [is_correct] => 
                )

            [2] => Array
                (
                    [question_id] => 3
                    [user_answer] => A
                    [is_correct] => 
                )

            [3] => Array
                (
                    [question_id] => 4
                    [user_answer] => A
                    [is_correct] => 
                )

            [4] => Array
                (
                    [question_id] => 5
                    [user_answer] => A
                    [is_correct] => 
                )

        )

)

[2025-11-15 01:33:43] Extracted data - User: 8, Book: 1, Score: 1/5 (20%)
[2025-11-15 01:33:43] Starting database operations...
[2025-11-15 01:33:43] User verified: Ponpon Alarcon
[2025-11-15 01:33:43] Book verified: The Adventures of Tom Sawyer
[2025-11-15 01:33:43] Attempting to insert quiz attempt...
[2025-11-15 01:33:43] Quiz attempt inserted successfully! Attempt ID: 6
[2025-11-15 01:33:43] System log created
[2025-11-15 01:33:43] Books completed count: 1
[2025-11-15 01:33:43] Average score: 43.3%
[2025-11-15 01:33:43] Processing rewards...
[2025-11-15 01:33:43] Total rewards: 0
[2025-11-15 01:33:43] Response data: Array
(
    [attempt_id] => 6
    [books_completed] => 1
    [average_score] => 43.3
    [rewards_earned] => 0
    [new_rewards] => Array
        (
        )

    [all_rewards] => Array
        (
        )

    [user_name] => Ponpon Alarcon
    [book_title] => The Adventures of Tom Sawyer
    [passed] => 
)

[2025-11-15 01:33:43] === Quiz Save Successful ===
[2025-11-15 01:33:53] === Quiz Save Request Started ===
[2025-11-15 01:33:53] User logged in: 8
[2025-11-15 01:33:53] Raw JSON: {"user_id":8,"book_id":1,"total_questions":5,"correct_answers":2,"score_percentage":40,"time_taken":6,"responses":[{"question_id":1,"user_answer":"A","is_correct":true},{"question_id":2,"user_answer":"A","is_correct":false},{"question_id":3,"user_answer":"A","is_correct":false},{"question_id":4,"user_answer":"B","is_correct":true},{"question_id":5,"user_answer":"A","is_correct":false}]}
[2025-11-15 01:33:53] Quiz Data: Array
(
    [user_id] => 8
    [book_id] => 1
    [total_questions] => 5
    [correct_answers] => 2
    [score_percentage] => 40
    [time_taken] => 6
    [responses] => Array
        (
            [0] => Array
                (
                    [question_id] => 1
                    [user_answer] => A
                    [is_correct] => 1
                )

            [1] => Array
                (
                    [question_id] => 2
                    [user_answer] => A
                    [is_correct] => 
                )

            [2] => Array
                (
                    [question_id] => 3
                    [user_answer] => A
                    [is_correct] => 
                )

            [3] => Array
                (
                    [question_id] => 4
                    [user_answer] => B
                    [is_correct] => 1
                )

            [4] => Array
                (
                    [question_id] => 5
                    [user_answer] => A
                    [is_correct] => 
                )

        )

)

[2025-11-15 01:33:53] Extracted data - User: 8, Book: 1, Score: 2/5 (40%)
[2025-11-15 01:33:53] Starting database operations...
[2025-11-15 01:33:53] User verified: Ponpon Alarcon
[2025-11-15 01:33:53] Book verified: The Adventures of Tom Sawyer
[2025-11-15 01:33:53] Attempting to insert quiz attempt...
[2025-11-15 01:33:53] Quiz attempt inserted successfully! Attempt ID: 7
[2025-11-15 01:33:53] System log created
[2025-11-15 01:33:53] Books completed count: 1
[2025-11-15 01:33:53] Average score: 42.9%
[2025-11-15 01:33:53] Processing rewards...
[2025-11-15 01:33:53] Total rewards: 0
[2025-11-15 01:33:53] Response data: Array
(
    [attempt_id] => 7
    [books_completed] => 1
    [average_score] => 42.9
    [rewards_earned] => 0
    [new_rewards] => Array
        (
        )

    [all_rewards] => Array
        (
        )

    [user_name] => Ponpon Alarcon
    [book_title] => The Adventures of Tom Sawyer
    [passed] => 
)

[2025-11-15 01:33:53] === Quiz Save Successful ===
[2025-11-15 01:34:29] === Quiz Save Request Started ===
[2025-11-15 01:34:29] User logged in: 8
[2025-11-15 01:34:29] Raw JSON: {"user_id":8,"book_id":1,"total_questions":5,"correct_answers":1,"score_percentage":20,"time_taken":4,"responses":[{"question_id":1,"user_answer":"C","is_correct":false},{"question_id":2,"user_answer":"C","is_correct":false},{"question_id":3,"user_answer":"D","is_correct":false},{"question_id":4,"user_answer":"C","is_correct":false},{"question_id":5,"user_answer":"C","is_correct":true}]}
[2025-11-15 01:34:29] Quiz Data: Array
(
    [user_id] => 8
    [book_id] => 1
    [total_questions] => 5
    [correct_answers] => 1
    [score_percentage] => 20
    [time_taken] => 4
    [responses] => Array
        (
            [0] => Array
                (
                    [question_id] => 1
                    [user_answer] => C
                    [is_correct] => 
                )

            [1] => Array
                (
                    [question_id] => 2
                    [user_answer] => C
                    [is_correct] => 
                )

            [2] => Array
                (
                    [question_id] => 3
                    [user_answer] => D
                    [is_correct] => 
                )

            [3] => Array
                (
                    [question_id] => 4
                    [user_answer] => C
                    [is_correct] => 
                )

            [4] => Array
                (
                    [question_id] => 5
                    [user_answer] => C
                    [is_correct] => 1
                )

        )

)

[2025-11-15 01:34:29] Extracted data - User: 8, Book: 1, Score: 1/5 (20%)
[2025-11-15 01:34:29] Starting database operations...
[2025-11-15 01:34:29] User verified: Ponpon Alarcon
[2025-11-15 01:34:29] Book verified: The Adventures of Tom Sawyer
[2025-11-15 01:34:29] Attempting to insert quiz attempt...
[2025-11-15 01:34:29] Quiz attempt inserted successfully! Attempt ID: 8
[2025-11-15 01:34:29] System log created
[2025-11-15 01:34:29] Books completed count: 1
[2025-11-15 01:34:29] Average score: 40%
[2025-11-15 01:34:29] Processing rewards...
[2025-11-15 01:34:29] Total rewards: 0
[2025-11-15 01:34:29] Response data: Array
(
    [attempt_id] => 8
    [books_completed] => 1
    [average_score] => 40
    [rewards_earned] => 0
    [new_rewards] => Array
        (
        )

    [all_rewards] => Array
        (
        )

    [user_name] => Ponpon Alarcon
    [book_title] => The Adventures of Tom Sawyer
    [passed] => 
)

[2025-11-15 01:34:29] === Quiz Save Successful ===
[2025-11-15 01:38:05] === Quiz Save Request Started ===
[2025-11-15 01:38:05] User logged in: 8
[2025-11-15 01:38:05] Raw JSON: {"user_id":8,"book_id":1,"total_questions":5,"correct_answers":3,"score_percentage":60,"time_taken":7,"responses":[{"question_id":1,"user_answer":"A","is_correct":true},{"question_id":2,"user_answer":"C","is_correct":false},{"question_id":3,"user_answer":"C","is_correct":true},{"question_id":4,"user_answer":"D","is_correct":false},{"question_id":5,"user_answer":"C","is_correct":true}]}
[2025-11-15 01:38:05] Quiz Data: Array
(
    [user_id] => 8
    [book_id] => 1
    [total_questions] => 5
    [correct_answers] => 3
    [score_percentage] => 60
    [time_taken] => 7
    [responses] => Array
        (
            [0] => Array
                (
                    [question_id] => 1
                    [user_answer] => A
                    [is_correct] => 1
                )

            [1] => Array
                (
                    [question_id] => 2
                    [user_answer] => C
                    [is_correct] => 
                )

            [2] => Array
                (
                    [question_id] => 3
                    [user_answer] => C
                    [is_correct] => 1
                )

            [3] => Array
                (
                    [question_id] => 4
                    [user_answer] => D
                    [is_correct] => 
                )

            [4] => Array
                (
                    [question_id] => 5
                    [user_answer] => C
                    [is_correct] => 1
                )

        )

)

[2025-11-15 01:38:05] Extracted data - User: 8, Book: 1, Score: 3/5 (60%)
[2025-11-15 01:38:05] Starting database operations...
[2025-11-15 01:38:05] User verified: Ponpon Alarcon
[2025-11-15 01:38:05] Book verified: The Adventures of Tom Sawyer
[2025-11-15 01:38:05] Attempting to insert quiz attempt...
[2025-11-15 01:38:05] Quiz attempt inserted successfully! Attempt ID: 9
[2025-11-15 01:38:05] System log created
[2025-11-15 01:38:05] Books completed count: 1
[2025-11-15 01:38:05] Average score: 42.2%
[2025-11-15 01:38:05] Processing rewards...
[2025-11-15 01:38:05] Total rewards: 0
[2025-11-15 01:38:05] Response data: Array
(
    [attempt_id] => 9
    [books_completed] => 1
    [average_score] => 42.2
    [rewards_earned] => 0
    [new_rewards] => Array
        (
        )

    [all_rewards] => Array
        (
        )

    [user_name] => Ponpon Alarcon
    [book_title] => The Adventures of Tom Sawyer
    [passed] => 
)

[2025-11-15 01:38:05] === Quiz Save Successful ===
[2025-11-15 01:38:25] === Quiz Save Request Started ===
[2025-11-15 01:38:25] User logged in: 8
[2025-11-15 01:38:25] Raw JSON: {"user_id":8,"book_id":2,"total_questions":5,"correct_answers":2,"score_percentage":40,"time_taken":6,"responses":[{"question_id":6,"user_answer":"A","is_correct":true},{"question_id":7,"user_answer":"C","is_correct":false},{"question_id":8,"user_answer":"C","is_correct":false},{"question_id":9,"user_answer":"B","is_correct":true},{"question_id":10,"user_answer":"C","is_correct":false}]}
[2025-11-15 01:38:25] Quiz Data: Array
(
    [user_id] => 8
    [book_id] => 2
    [total_questions] => 5
    [correct_answers] => 2
    [score_percentage] => 40
    [time_taken] => 6
    [responses] => Array
        (
            [0] => Array
                (
                    [question_id] => 6
                    [user_answer] => A
                    [is_correct] => 1
                )

            [1] => Array
                (
                    [question_id] => 7
                    [user_answer] => C
                    [is_correct] => 
                )

            [2] => Array
                (
                    [question_id] => 8
                    [user_answer] => C
                    [is_correct] => 
                )

            [3] => Array
                (
                    [question_id] => 9
                    [user_answer] => B
                    [is_correct] => 1
                )

            [4] => Array
                (
                    [question_id] => 10
                    [user_answer] => C
                    [is_correct] => 
                )

        )

)

[2025-11-15 01:38:25] Extracted data - User: 8, Book: 2, Score: 2/5 (40%)
[2025-11-15 01:38:25] Starting database operations...
[2025-11-15 01:38:25] User verified: Ponpon Alarcon
[2025-11-15 01:38:25] Book verified: Charlotte's Web
[2025-11-15 01:38:25] Attempting to insert quiz attempt...
[2025-11-15 01:38:25] Quiz attempt inserted successfully! Attempt ID: 10
[2025-11-15 01:38:25] System log created
[2025-11-15 01:38:25] Books completed count: 1
[2025-11-15 01:38:25] Average score: 42%
[2025-11-15 01:38:25] Processing rewards...
[2025-11-15 01:38:25] Total rewards: 0
[2025-11-15 01:38:25] Response data: Array
(
    [attempt_id] => 10
    [books_completed] => 1
    [average_score] => 42
    [rewards_earned] => 0
    [new_rewards] => Array
        (
        )

    [all_rewards] => Array
        (
        )

    [user_name] => Ponpon Alarcon
    [book_title] => Charlotte's Web
    [passed] => 
)

[2025-11-15 01:38:25] === Quiz Save Successful ===
[2025-11-15 01:38:55] === Quiz Save Request Started ===
[2025-11-15 01:38:55] User logged in: 8
[2025-11-15 01:38:55] Raw JSON: {"user_id":8,"book_id":3,"total_questions":5,"correct_answers":1,"score_percentage":20,"time_taken":5,"responses":[{"question_id":11,"user_answer":"B","is_correct":false},{"question_id":12,"user_answer":"C","is_correct":false},{"question_id":13,"user_answer":"C","is_correct":false},{"question_id":14,"user_answer":"C","is_correct":true},{"question_id":15,"user_answer":"C","is_correct":false}]}
[2025-11-15 01:38:55] Quiz Data: Array
(
    [user_id] => 8
    [book_id] => 3
    [total_questions] => 5
    [correct_answers] => 1
    [score_percentage] => 20
    [time_taken] => 5
    [responses] => Array
        (
            [0] => Array
                (
                    [question_id] => 11
                    [user_answer] => B
                    [is_correct] => 
                )

            [1] => Array
                (
                    [question_id] => 12
                    [user_answer] => C
                    [is_correct] => 
                )

            [2] => Array
                (
                    [question_id] => 13
                    [user_answer] => C
                    [is_correct] => 
                )

            [3] => Array
                (
                    [question_id] => 14
                    [user_answer] => C
                    [is_correct] => 1
                )

            [4] => Array
                (
                    [question_id] => 15
                    [user_answer] => C
                    [is_correct] => 
                )

        )

)

[2025-11-15 01:38:55] Extracted data - User: 8, Book: 3, Score: 1/5 (20%)
[2025-11-15 01:38:55] Starting database operations...
[2025-11-15 01:38:55] User verified: Ponpon Alarcon
[2025-11-15 01:38:55] Book verified: Where the Red Fern Grows
[2025-11-15 01:38:55] Attempting to insert quiz attempt...
[2025-11-15 01:38:55] Quiz attempt inserted successfully! Attempt ID: 11
[2025-11-15 01:38:55] System log created
[2025-11-15 01:38:55] Books completed count: 1
[2025-11-15 01:38:55] Average score: 40%
[2025-11-15 01:38:55] Processing rewards...
[2025-11-15 01:38:55] Total rewards: 0
[2025-11-15 01:38:55] Response data: Array
(
    [attempt_id] => 11
    [books_completed] => 1
    [average_score] => 40
    [rewards_earned] => 0
    [new_rewards] => Array
        (
        )

    [all_rewards] => Array
        (
        )

    [user_name] => Ponpon Alarcon
    [book_title] => Where the Red Fern Grows
    [passed] => 
)

[2025-11-15 01:38:55] === Quiz Save Successful ===
[2025-11-15 01:39:28] === Quiz Save Request Started ===
[2025-11-15 01:39:28] User logged in: 8
[2025-11-15 01:39:28] Raw JSON: {"user_id":8,"book_id":4,"total_questions":5,"correct_answers":1,"score_percentage":20,"time_taken":8,"responses":[{"question_id":16,"user_answer":"A","is_correct":false},{"question_id":17,"user_answer":"A","is_correct":true},{"question_id":18,"user_answer":"A","is_correct":false},{"question_id":19,"user_answer":"A","is_correct":false},{"question_id":20,"user_answer":"B","is_correct":false}]}
[2025-11-15 01:39:28] Quiz Data: Array
(
    [user_id] => 8
    [book_id] => 4
    [total_questions] => 5
    [correct_answers] => 1
    [score_percentage] => 20
    [time_taken] => 8
    [responses] => Array
        (
            [0] => Array
                (
                    [question_id] => 16
                    [user_answer] => A
                    [is_correct] => 
                )

            [1] => Array
                (
                    [question_id] => 17
                    [user_answer] => A
                    [is_correct] => 1
                )

            [2] => Array
                (
                    [question_id] => 18
                    [user_answer] => A
                    [is_correct] => 
                )

            [3] => Array
                (
                    [question_id] => 19
                    [user_answer] => A
                    [is_correct] => 
                )

            [4] => Array
                (
                    [question_id] => 20
                    [user_answer] => B
                    [is_correct] => 
                )

        )

)

[2025-11-15 01:39:28] Extracted data - User: 8, Book: 4, Score: 1/5 (20%)
[2025-11-15 01:39:28] Starting database operations...
[2025-11-15 01:39:28] User verified: Ponpon Alarcon
[2025-11-15 01:39:28] Book verified: The Lion, the Witch and the Wardrobe
[2025-11-15 01:39:28] Attempting to insert quiz attempt...
[2025-11-15 01:39:28] Quiz attempt inserted successfully! Attempt ID: 12
[2025-11-15 01:39:28] System log created
[2025-11-15 01:39:28] Books completed count: 1
[2025-11-15 01:39:28] Average score: 38.3%
[2025-11-15 01:39:28] Processing rewards...
[2025-11-15 01:39:28] Total rewards: 0
[2025-11-15 01:39:28] Response data: Array
(
    [attempt_id] => 12
    [books_completed] => 1
    [average_score] => 38.3
    [rewards_earned] => 0
    [new_rewards] => Array
        (
        )

    [all_rewards] => Array
        (
        )

    [user_name] => Ponpon Alarcon
    [book_title] => The Lion, the Witch and the Wardrobe
    [passed] => 
)

[2025-11-15 01:39:28] === Quiz Save Successful ===
[2025-11-15 01:41:30] === Quiz Save Request Started ===
[2025-11-15 01:41:30] User logged in: 8
[2025-11-15 01:41:30] Raw JSON: {"user_id":8,"book_id":4,"total_questions":5,"correct_answers":1,"score_percentage":20,"time_taken":6,"responses":[{"question_id":16,"user_answer":"A","is_correct":false},{"question_id":17,"user_answer":"C","is_correct":false},{"question_id":18,"user_answer":"C","is_correct":false},{"question_id":19,"user_answer":"C","is_correct":false},{"question_id":20,"user_answer":"C","is_correct":true}]}
[2025-11-15 01:41:30] Quiz Data: Array
(
    [user_id] => 8
    [book_id] => 4
    [total_questions] => 5
    [correct_answers] => 1
    [score_percentage] => 20
    [time_taken] => 6
    [responses] => Array
        (
            [0] => Array
                (
                    [question_id] => 16
                    [user_answer] => A
                    [is_correct] => 
                )

            [1] => Array
                (
                    [question_id] => 17
                    [user_answer] => C
                    [is_correct] => 
                )

            [2] => Array
                (
                    [question_id] => 18
                    [user_answer] => C
                    [is_correct] => 
                )

            [3] => Array
                (
                    [question_id] => 19
                    [user_answer] => C
                    [is_correct] => 
                )

            [4] => Array
                (
                    [question_id] => 20
                    [user_answer] => C
                    [is_correct] => 1
                )

        )

)

[2025-11-15 01:41:30] Extracted data - User: 8, Book: 4, Score: 1/5 (20%)
[2025-11-15 01:41:30] Starting database operations...
[2025-11-15 01:41:30] User verified: Ponpon Alarcon
[2025-11-15 01:41:30] Book verified: The Lion, the Witch and the Wardrobe
[2025-11-15 01:41:30] Attempting to insert quiz attempt...
[2025-11-15 01:41:30] Quiz attempt inserted successfully! Attempt ID: 13
[2025-11-15 01:41:30] System log created
[2025-11-15 01:41:30] Books completed count: 1
[2025-11-15 01:41:30] Average score: 36.9%
[2025-11-15 01:41:30] Processing rewards...
[2025-11-15 01:41:30] Total rewards: 0
[2025-11-15 01:41:30] Response data: Array
(
    [attempt_id] => 13
    [books_completed] => 1
    [average_score] => 36.9
    [rewards_earned] => 0
    [new_rewards] => Array
        (
        )

    [all_rewards] => Array
        (
        )

    [user_name] => Ponpon Alarcon
    [book_title] => The Lion, the Witch and the Wardrobe
    [passed] => 
)

[2025-11-15 01:41:30] === Quiz Save Successful ===
[2025-11-15 01:41:45] === Quiz Save Request Started ===
[2025-11-15 01:41:45] User logged in: 8
[2025-11-15 01:41:45] Raw JSON: {"user_id":8,"book_id":4,"total_questions":5,"correct_answers":1,"score_percentage":20,"time_taken":13,"responses":[{"question_id":16,"user_answer":"A","is_correct":false},{"question_id":17,"user_answer":"B","is_correct":false},{"question_id":18,"user_answer":"A","is_correct":false},{"question_id":19,"user_answer":"B","is_correct":true},{"question_id":20,"user_answer":"A","is_correct":false}]}
[2025-11-15 01:41:45] Quiz Data: Array
(
    [user_id] => 8
    [book_id] => 4
    [total_questions] => 5
    [correct_answers] => 1
    [score_percentage] => 20
    [time_taken] => 13
    [responses] => Array
        (
            [0] => Array
                (
                    [question_id] => 16
                    [user_answer] => A
                    [is_correct] => 
                )

            [1] => Array
                (
                    [question_id] => 17
                    [user_answer] => B
                    [is_correct] => 
                )

            [2] => Array
                (
                    [question_id] => 18
                    [user_answer] => A
                    [is_correct] => 
                )

            [3] => Array
                (
                    [question_id] => 19
                    [user_answer] => B
                    [is_correct] => 1
                )

            [4] => Array
                (
                    [question_id] => 20
                    [user_answer] => A
                    [is_correct] => 
                )

        )

)

[2025-11-15 01:41:45] Extracted data - User: 8, Book: 4, Score: 1/5 (20%)
[2025-11-15 01:41:45] Starting database operations...
[2025-11-15 01:41:45] User verified: Ponpon Alarcon
[2025-11-15 01:41:45] Book verified: The Lion, the Witch and the Wardrobe
[2025-11-15 01:41:45] Attempting to insert quiz attempt...
[2025-11-15 01:41:45] Quiz attempt inserted successfully! Attempt ID: 14
[2025-11-15 01:41:45] System log created
[2025-11-15 01:41:45] Books completed count: 1
[2025-11-15 01:41:45] Average score: 35.7%
[2025-11-15 01:41:45] Processing rewards...
[2025-11-15 01:41:45] Total rewards: 0
[2025-11-15 01:41:45] Response data: Array
(
    [attempt_id] => 14
    [books_completed] => 1
    [average_score] => 35.7
    [rewards_earned] => 0
    [new_rewards] => Array
        (
        )

    [all_rewards] => Array
        (
        )

    [user_name] => Ponpon Alarcon
    [book_title] => The Lion, the Witch and the Wardrobe
    [passed] => 
)

[2025-11-15 01:41:45] === Quiz Save Successful ===
[2025-11-15 01:54:50] === Quiz Save Request Started ===
[2025-11-15 01:54:50] User logged in: 1
[2025-11-15 01:54:50] Raw JSON: {"user_id":1,"book_id":10,"total_questions":5,"correct_answers":2,"score_percentage":40,"time_taken":6,"responses":[{"question_id":46,"user_answer":"A","is_correct":true},{"question_id":47,"user_answer":"B","is_correct":false},{"question_id":48,"user_answer":"B","is_correct":false},{"question_id":49,"user_answer":"A","is_correct":false},{"question_id":50,"user_answer":"B","is_correct":true}]}
[2025-11-15 01:54:50] Quiz Data: Array
(
    [user_id] => 1
    [book_id] => 10
    [total_questions] => 5
    [correct_answers] => 2
    [score_percentage] => 40
    [time_taken] => 6
    [responses] => Array
        (
            [0] => Array
                (
                    [question_id] => 46
                    [user_answer] => A
                    [is_correct] => 1
                )

            [1] => Array
                (
                    [question_id] => 47
                    [user_answer] => B
                    [is_correct] => 
                )

            [2] => Array
                (
                    [question_id] => 48
                    [user_answer] => B
                    [is_correct] => 
                )

            [3] => Array
                (
                    [question_id] => 49
                    [user_answer] => A
                    [is_correct] => 
                )

            [4] => Array
                (
                    [question_id] => 50
                    [user_answer] => B
                    [is_correct] => 1
                )

        )

)

[2025-11-15 01:54:50] Extracted data - User: 1, Book: 10, Score: 2/5 (40%)
[2025-11-15 01:54:50] Starting database operations...
[2025-11-15 01:54:50] User verified: Juan Dela Cruz
[2025-11-15 01:54:50] Book verified: Wonder
[2025-11-15 01:54:50] Attempting to insert quiz attempt...
[2025-11-15 01:54:50] Quiz attempt inserted successfully! Attempt ID: 1
[2025-11-15 01:54:50] System log created
[2025-11-15 01:54:50] Books completed count: 0
[2025-11-15 01:54:50] Average score: 40%
[2025-11-15 01:54:50] Processing rewards...
[2025-11-15 01:54:50] Total rewards: 0
[2025-11-15 01:54:50] Response data: Array
(
    [attempt_id] => 1
    [books_completed] => 0
    [average_score] => 40
    [rewards_earned] => 0
    [new_rewards] => Array
        (
        )

    [all_rewards] => Array
        (
        )

    [user_name] => Juan Dela Cruz
    [book_title] => Wonder
    [passed] => 
)

[2025-11-15 01:54:50] === Quiz Save Successful ===
[2025-11-15 01:55:03] === Quiz Save Request Started ===
[2025-11-15 01:55:03] User logged in: 1
[2025-11-15 01:55:03] Raw JSON: {"user_id":1,"book_id":10,"total_questions":5,"correct_answers":2,"score_percentage":40,"time_taken":11,"responses":[{"question_id":46,"user_answer":"A","is_correct":true},{"question_id":47,"user_answer":"B","is_correct":false},{"question_id":48,"user_answer":"C","is_correct":false},{"question_id":49,"user_answer":"C","is_correct":false},{"question_id":50,"user_answer":"B","is_correct":true}]}
[2025-11-15 01:55:03] Quiz Data: Array
(
    [user_id] => 1
    [book_id] => 10
    [total_questions] => 5
    [correct_answers] => 2
    [score_percentage] => 40
    [time_taken] => 11
    [responses] => Array
        (
            [0] => Array
                (
                    [question_id] => 46
                    [user_answer] => A
                    [is_correct] => 1
                )

            [1] => Array
                (
                    [question_id] => 47
                    [user_answer] => B
                    [is_correct] => 
                )

            [2] => Array
                (
                    [question_id] => 48
                    [user_answer] => C
                    [is_correct] => 
                )

            [3] => Array
                (
                    [question_id] => 49
                    [user_answer] => C
                    [is_correct] => 
                )

            [4] => Array
                (
                    [question_id] => 50
                    [user_answer] => B
                    [is_correct] => 1
                )

        )

)

[2025-11-15 01:55:03] Extracted data - User: 1, Book: 10, Score: 2/5 (40%)
[2025-11-15 01:55:03] Starting database operations...
[2025-11-15 01:55:03] User verified: Juan Dela Cruz
[2025-11-15 01:55:03] Book verified: Wonder
[2025-11-15 01:55:03] Attempting to insert quiz attempt...
[2025-11-15 01:55:03] Quiz attempt inserted successfully! Attempt ID: 2
[2025-11-15 01:55:03] System log created
[2025-11-15 01:55:03] Books completed count: 0
[2025-11-15 01:55:03] Average score: 40%
[2025-11-15 01:55:03] Processing rewards...
[2025-11-15 01:55:03] Total rewards: 0
[2025-11-15 01:55:03] Response data: Array
(
    [attempt_id] => 2
    [books_completed] => 0
    [average_score] => 40
    [rewards_earned] => 0
    [new_rewards] => Array
        (
        )

    [all_rewards] => Array
        (
        )

    [user_name] => Juan Dela Cruz
    [book_title] => Wonder
    [passed] => 
)

[2025-11-15 01:55:03] === Quiz Save Successful ===
[2025-11-15 01:58:05] === Quiz Save Request Started ===
[2025-11-15 01:58:05] User logged in: 1
[2025-11-15 01:58:05] Raw JSON: {"user_id":1,"book_id":10,"total_questions":5,"correct_answers":2,"score_percentage":40,"time_taken":9,"responses":[{"question_id":46,"user_answer":"A","is_correct":true},{"question_id":47,"user_answer":"B","is_correct":false},{"question_id":48,"user_answer":"C","is_correct":false},{"question_id":49,"user_answer":"C","is_correct":false},{"question_id":50,"user_answer":"B","is_correct":true}]}
[2025-11-15 01:58:05] Quiz Data: Array
(
    [user_id] => 1
    [book_id] => 10
    [total_questions] => 5
    [correct_answers] => 2
    [score_percentage] => 40
    [time_taken] => 9
    [responses] => Array
        (
            [0] => Array
                (
                    [question_id] => 46
                    [user_answer] => A
                    [is_correct] => 1
                )

            [1] => Array
                (
                    [question_id] => 47
                    [user_answer] => B
                    [is_correct] => 
                )

            [2] => Array
                (
                    [question_id] => 48
                    [user_answer] => C
                    [is_correct] => 
                )

            [3] => Array
                (
                    [question_id] => 49
                    [user_answer] => C
                    [is_correct] => 
                )

            [4] => Array
                (
                    [question_id] => 50
                    [user_answer] => B
                    [is_correct] => 1
                )

        )

)

[2025-11-15 01:58:05] Extracted data - User: 1, Book: 10, Score: 2/5 (40%)
[2025-11-15 01:58:05] Starting database operations...
[2025-11-15 01:58:05] Transaction started
[2025-11-15 01:58:05] User verified: Juan Dela Cruz
[2025-11-15 01:58:05] Book verified: Wonder
[2025-11-15 01:58:05] Attempting to insert quiz attempt...
[2025-11-15 01:58:05] Quiz attempt inserted successfully! Attempt ID: 3
[2025-11-15 01:58:05] System log created
[2025-11-15 01:58:05] Books completed count (score >= 70%): 0
[2025-11-15 01:58:05] Average score: 40%
[2025-11-15 01:58:05] Processing rewards based on 0 books completed...
[2025-11-15 01:58:05] Checking reward: Pen Reward (requires 10 books)
[2025-11-15 01:58:05] Not enough books for reward: Pen Reward
[2025-11-15 01:58:05] Checking reward: Notebook Reward (requires 25 books)
[2025-11-15 01:58:05] Not enough books for reward: Notebook Reward
[2025-11-15 01:58:05] Checking reward: Drawing Materials (requires 50 books)
[2025-11-15 01:58:05] Not enough books for reward: Drawing Materials
[2025-11-15 01:58:05] Checking reward: School Supplies Bundle (requires 100 books)
[2025-11-15 01:58:05] Not enough books for reward: School Supplies Bundle
[2025-11-15 01:58:05] Total rewards earned: 0
[2025-11-15 01:58:05] ✅ Transaction committed successfully
[2025-11-15 01:58:05] Response data: Array
(
    [attempt_id] => 3
    [books_completed] => 0
    [average_score] => 40
    [rewards_earned] => 0
    [new_rewards] => Array
        (
        )

    [all_rewards] => Array
        (
        )

    [user_name] => Juan Dela Cruz
    [book_title] => Wonder
    [passed] => 
)

[2025-11-15 01:58:05] === Quiz Save Successful ===
[2025-11-15 01:58:59] === Quiz Save Request Started ===
[2025-11-15 01:58:59] User logged in: 1
[2025-11-15 01:58:59] Raw JSON: {"user_id":1,"book_id":1,"total_questions":5,"correct_answers":1,"score_percentage":20,"time_taken":8,"responses":[{"question_id":1,"user_answer":"A","is_correct":true},{"question_id":2,"user_answer":"A","is_correct":false},{"question_id":3,"user_answer":"A","is_correct":false},{"question_id":4,"user_answer":"A","is_correct":false},{"question_id":5,"user_answer":"A","is_correct":false}]}
[2025-11-15 01:58:59] Quiz Data: Array
(
    [user_id] => 1
    [book_id] => 1
    [total_questions] => 5
    [correct_answers] => 1
    [score_percentage] => 20
    [time_taken] => 8
    [responses] => Array
        (
            [0] => Array
                (
                    [question_id] => 1
                    [user_answer] => A
                    [is_correct] => 1
                )

            [1] => Array
                (
                    [question_id] => 2
                    [user_answer] => A
                    [is_correct] => 
                )

            [2] => Array
                (
                    [question_id] => 3
                    [user_answer] => A
                    [is_correct] => 
                )

            [3] => Array
                (
                    [question_id] => 4
                    [user_answer] => A
                    [is_correct] => 
                )

            [4] => Array
                (
                    [question_id] => 5
                    [user_answer] => A
                    [is_correct] => 
                )

        )

)

[2025-11-15 01:58:59] Extracted data - User: 1, Book: 1, Score: 1/5 (20%)
[2025-11-15 01:58:59] Starting database operations...
[2025-11-15 01:58:59] Transaction started
[2025-11-15 01:58:59] User verified: Juan Dela Cruz
[2025-11-15 01:58:59] Book verified: The Adventures of Tom Sawyer
[2025-11-15 01:58:59] Attempting to insert quiz attempt...
[2025-11-15 01:58:59] Quiz attempt inserted successfully! Attempt ID: 4
[2025-11-15 01:58:59] System log created
[2025-11-15 01:58:59] Books completed count (score >= 70%): 0
[2025-11-15 01:58:59] Average score: 35%
[2025-11-15 01:58:59] Processing rewards based on 0 books completed...
[2025-11-15 01:58:59] Checking reward: Pen Reward (requires 10 books)
[2025-11-15 01:58:59] Not enough books for reward: Pen Reward
[2025-11-15 01:58:59] Checking reward: Notebook Reward (requires 25 books)
[2025-11-15 01:58:59] Not enough books for reward: Notebook Reward
[2025-11-15 01:58:59] Checking reward: Drawing Materials (requires 50 books)
[2025-11-15 01:58:59] Not enough books for reward: Drawing Materials
[2025-11-15 01:58:59] Checking reward: School Supplies Bundle (requires 100 books)
[2025-11-15 01:58:59] Not enough books for reward: School Supplies Bundle
[2025-11-15 01:58:59] Total rewards earned: 0
[2025-11-15 01:58:59] ✅ Transaction committed successfully
[2025-11-15 01:58:59] Response data: Array
(
    [attempt_id] => 4
    [books_completed] => 0
    [average_score] => 35
    [rewards_earned] => 0
    [new_rewards] => Array
        (
        )

    [all_rewards] => Array
        (
        )

    [user_name] => Juan Dela Cruz
    [book_title] => The Adventures of Tom Sawyer
    [passed] => 
)

[2025-11-15 01:58:59] === Quiz Save Successful ===
[2025-11-15 02:01:49] === Quiz Save Request Started ===
[2025-11-15 02:01:49] User logged in: 1
[2025-11-15 02:01:49] Raw JSON: {"user_id":1,"book_id":1,"total_questions":5,"correct_answers":3,"score_percentage":60,"time_taken":6,"responses":[{"question_id":1,"user_answer":"A","is_correct":true},{"question_id":2,"user_answer":"B","is_correct":true},{"question_id":3,"user_answer":"C","is_correct":true},{"question_id":4,"user_answer":"C","is_correct":false},{"question_id":5,"user_answer":"B","is_correct":false}]}
[2025-11-15 02:01:49] Quiz Data: Array
(
    [user_id] => 1
    [book_id] => 1
    [total_questions] => 5
    [correct_answers] => 3
    [score_percentage] => 60
    [time_taken] => 6
    [responses] => Array
        (
            [0] => Array
                (
                    [question_id] => 1
                    [user_answer] => A
                    [is_correct] => 1
                )

            [1] => Array
                (
                    [question_id] => 2
                    [user_answer] => B
                    [is_correct] => 1
                )

            [2] => Array
                (
                    [question_id] => 3
                    [user_answer] => C
                    [is_correct] => 1
                )

            [3] => Array
                (
                    [question_id] => 4
                    [user_answer] => C
                    [is_correct] => 
                )

            [4] => Array
                (
                    [question_id] => 5
                    [user_answer] => B
                    [is_correct] => 
                )

        )

)

[2025-11-15 02:01:49] Extracted data - User: 1, Book: 1, Score: 3/5 (60%)
[2025-11-15 02:01:49] Starting database operations...
[2025-11-15 02:01:49] Transaction started
[2025-11-15 02:01:49] User verified: Juan Dela Cruz
[2025-11-15 02:01:49] Book verified: The Adventures of Tom Sawyer
[2025-11-15 02:01:49] Attempting to insert quiz attempt...
[2025-11-15 02:01:49] Quiz attempt inserted successfully! Attempt ID: 5
[2025-11-15 02:01:49] System log created
[2025-11-15 02:01:49] Books completed count (score >= 70%): 0
[2025-11-15 02:01:49] Average score: 40%
[2025-11-15 02:01:49] Processing rewards based on 0 books completed...
[2025-11-15 02:01:49] Checking reward: Pen Reward (requires 10 books)
[2025-11-15 02:01:49] Not enough books for reward: Pen Reward
[2025-11-15 02:01:49] Checking reward: Notebook Reward (requires 25 books)
[2025-11-15 02:01:49] Not enough books for reward: Notebook Reward
[2025-11-15 02:01:49] Checking reward: Drawing Materials (requires 50 books)
[2025-11-15 02:01:49] Not enough books for reward: Drawing Materials
[2025-11-15 02:01:49] Checking reward: School Supplies Bundle (requires 100 books)
[2025-11-15 02:01:49] Not enough books for reward: School Supplies Bundle
[2025-11-15 02:01:49] Total rewards earned: 0
[2025-11-15 02:01:49] ✅ Transaction committed successfully
[2025-11-15 02:01:49] Response data: Array
(
    [attempt_id] => 5
    [books_completed] => 0
    [average_score] => 40
    [rewards_earned] => 0
    [new_rewards] => Array
        (
        )

    [all_rewards] => Array
        (
        )

    [user_name] => Juan Dela Cruz
    [book_title] => The Adventures of Tom Sawyer
    [passed] => 
)

[2025-11-15 02:01:49] === Quiz Save Successful ===
[2025-11-15 02:03:59] === Quiz Save Request Started ===
[2025-11-15 02:03:59] User logged in: 1
[2025-11-15 02:03:59] Raw JSON: {"user_id":1,"book_id":1,"total_questions":5,"correct_answers":1,"score_percentage":20,"time_taken":4,"responses":[{"question_id":1,"user_answer":"C","is_correct":false},{"question_id":2,"user_answer":"C","is_correct":false},{"question_id":3,"user_answer":"C","is_correct":true},{"question_id":4,"user_answer":"C","is_correct":false},{"question_id":5,"user_answer":"B","is_correct":false}]}
[2025-11-15 02:03:59] Quiz Data: Array
(
    [user_id] => 1
    [book_id] => 1
    [total_questions] => 5
    [correct_answers] => 1
    [score_percentage] => 20
    [time_taken] => 4
    [responses] => Array
        (
            [0] => Array
                (
                    [question_id] => 1
                    [user_answer] => C
                    [is_correct] => 
                )

            [1] => Array
                (
                    [question_id] => 2
                    [user_answer] => C
                    [is_correct] => 
                )

            [2] => Array
                (
                    [question_id] => 3
                    [user_answer] => C
                    [is_correct] => 1
                )

            [3] => Array
                (
                    [question_id] => 4
                    [user_answer] => C
                    [is_correct] => 
                )

            [4] => Array
                (
                    [question_id] => 5
                    [user_answer] => B
                    [is_correct] => 
                )

        )

)

[2025-11-15 02:03:59] Extracted data - User: 1, Book: 1, Score: 1/5 (20%)
[2025-11-15 02:03:59] Starting database operations...
[2025-11-15 02:03:59] Transaction started
[2025-11-15 02:03:59] User verified: Juan Dela Cruz
[2025-11-15 02:03:59] Book verified: The Adventures of Tom Sawyer
[2025-11-15 02:03:59] Attempting to insert quiz attempt...
[2025-11-15 02:03:59] Quiz attempt inserted successfully! Attempt ID: 6
[2025-11-15 02:03:59] System log created
[2025-11-15 02:03:59] Books completed count (score >= 70%): 0
[2025-11-15 02:03:59] Average score: 36.7%
[2025-11-15 02:03:59] Processing rewards based on 0 books completed...
[2025-11-15 02:03:59] Checking reward: Pen Reward (requires 10 books)
[2025-11-15 02:03:59] Not enough books for reward: Pen Reward
[2025-11-15 02:03:59] Checking reward: Notebook Reward (requires 25 books)
[2025-11-15 02:03:59] Not enough books for reward: Notebook Reward
[2025-11-15 02:03:59] Checking reward: Drawing Materials (requires 50 books)
[2025-11-15 02:03:59] Not enough books for reward: Drawing Materials
[2025-11-15 02:03:59] Checking reward: School Supplies Bundle (requires 100 books)
[2025-11-15 02:03:59] Not enough books for reward: School Supplies Bundle
[2025-11-15 02:03:59] Total rewards earned: 0
[2025-11-15 02:03:59] ✅ Transaction committed successfully
[2025-11-15 02:03:59] Response data: Array
(
    [attempt_id] => 6
    [books_completed] => 0
    [average_score] => 36.7
    [rewards_earned] => 0
    [new_rewards] => Array
        (
        )

    [all_rewards] => Array
        (
        )

    [user_name] => Juan Dela Cruz
    [book_title] => The Adventures of Tom Sawyer
    [passed] => 
)

[2025-11-15 02:03:59] === Quiz Save Successful ===
[2025-11-15 02:04:31] === Quiz Save Request Started ===
[2025-11-15 02:04:31] User logged in: 1
[2025-11-15 02:04:31] Raw JSON: {"user_id":1,"book_id":1,"total_questions":5,"correct_answers":2,"score_percentage":40,"time_taken":27,"responses":[{"question_id":1,"user_answer":"A","is_correct":true},{"question_id":2,"user_answer":"C","is_correct":false},{"question_id":3,"user_answer":"C","is_correct":true},{"question_id":4,"user_answer":"A","is_correct":false},{"question_id":5,"user_answer":"B","is_correct":false}]}
[2025-11-15 02:04:31] Quiz Data: Array
(
    [user_id] => 1
    [book_id] => 1
    [total_questions] => 5
    [correct_answers] => 2
    [score_percentage] => 40
    [time_taken] => 27
    [responses] => Array
        (
            [0] => Array
                (
                    [question_id] => 1
                    [user_answer] => A
                    [is_correct] => 1
                )

            [1] => Array
                (
                    [question_id] => 2
                    [user_answer] => C
                    [is_correct] => 
                )

            [2] => Array
                (
                    [question_id] => 3
                    [user_answer] => C
                    [is_correct] => 1
                )

            [3] => Array
                (
                    [question_id] => 4
                    [user_answer] => A
                    [is_correct] => 
                )

            [4] => Array
                (
                    [question_id] => 5
                    [user_answer] => B
                    [is_correct] => 
                )

        )

)

[2025-11-15 02:04:31] Extracted data - User: 1, Book: 1, Score: 2/5 (40%)
[2025-11-15 02:04:31] Starting database operations...
[2025-11-15 02:04:31] Transaction started
[2025-11-15 02:04:31] User verified: Juan Dela Cruz
[2025-11-15 02:04:31] Book verified: The Adventures of Tom Sawyer
[2025-11-15 02:04:31] Attempting to insert quiz attempt...
[2025-11-15 02:04:31] Quiz attempt inserted successfully! Attempt ID: 7
[2025-11-15 02:04:31] System log created
[2025-11-15 02:04:31] Books completed count (score >= 70%): 0
[2025-11-15 02:04:31] Average score: 37.1%
[2025-11-15 02:04:31] Processing rewards based on 0 books completed...
[2025-11-15 02:04:31] Checking reward: Pen Reward (requires 10 books)
[2025-11-15 02:04:31] Not enough books for reward: Pen Reward
[2025-11-15 02:04:31] Checking reward: Notebook Reward (requires 25 books)
[2025-11-15 02:04:31] Not enough books for reward: Notebook Reward
[2025-11-15 02:04:31] Checking reward: Drawing Materials (requires 50 books)
[2025-11-15 02:04:31] Not enough books for reward: Drawing Materials
[2025-11-15 02:04:31] Checking reward: School Supplies Bundle (requires 100 books)
[2025-11-15 02:04:31] Not enough books for reward: School Supplies Bundle
[2025-11-15 02:04:31] Total rewards earned: 0
[2025-11-15 02:04:31] ✅ Transaction committed successfully
[2025-11-15 02:04:31] Response data: Array
(
    [attempt_id] => 7
    [books_completed] => 0
    [average_score] => 37.1
    [rewards_earned] => 0
    [new_rewards] => Array
        (
        )

    [all_rewards] => Array
        (
        )

    [user_name] => Juan Dela Cruz
    [book_title] => The Adventures of Tom Sawyer
    [passed] => 
)

[2025-11-15 02:04:31] === Quiz Save Successful ===
[2025-11-15 02:06:15] === Quiz Save Request Started ===
[2025-11-15 02:06:15] User logged in: 1
[2025-11-15 02:06:15] Raw JSON: {"user_id":1,"book_id":1,"total_questions":5,"correct_answers":4,"score_percentage":80,"time_taken":15,"responses":[{"question_id":1,"user_answer":"A","is_correct":true},{"question_id":2,"user_answer":"B","is_correct":true},{"question_id":3,"user_answer":"C","is_correct":true},{"question_id":4,"user_answer":"B","is_correct":true},{"question_id":5,"user_answer":"B","is_correct":false}]}
[2025-11-15 02:06:15] Quiz Data: Array
(
    [user_id] => 1
    [book_id] => 1
    [total_questions] => 5
    [correct_answers] => 4
    [score_percentage] => 80
    [time_taken] => 15
    [responses] => Array
        (
            [0] => Array
                (
                    [question_id] => 1
                    [user_answer] => A
                    [is_correct] => 1
                )

            [1] => Array
                (
                    [question_id] => 2
                    [user_answer] => B
                    [is_correct] => 1
                )

            [2] => Array
                (
                    [question_id] => 3
                    [user_answer] => C
                    [is_correct] => 1
                )

            [3] => Array
                (
                    [question_id] => 4
                    [user_answer] => B
                    [is_correct] => 1
                )

            [4] => Array
                (
                    [question_id] => 5
                    [user_answer] => B
                    [is_correct] => 
                )

        )

)

[2025-11-15 02:06:15] Extracted data - User: 1, Book: 1, Score: 4/5 (80%)
[2025-11-15 02:06:15] Starting database operations...
[2025-11-15 02:06:15] Transaction started
[2025-11-15 02:06:15] User verified: Juan Dela Cruz
[2025-11-15 02:06:15] Book verified: The Adventures of Tom Sawyer
[2025-11-15 02:06:15] Attempting to insert quiz attempt...
[2025-11-15 02:06:15] Quiz attempt inserted successfully! Attempt ID: 8
[2025-11-15 02:06:15] System log created
[2025-11-15 02:06:15] Books completed count (score >= 70%): 1
[2025-11-15 02:06:15] Average score: 42.5%
[2025-11-15 02:06:15] Processing rewards based on 1 books completed...
[2025-11-15 02:06:15] Checking reward: Pen Reward (requires 10 books)
[2025-11-15 02:06:15] Not enough books for reward: Pen Reward
[2025-11-15 02:06:15] Checking reward: Notebook Reward (requires 25 books)
[2025-11-15 02:06:15] Not enough books for reward: Notebook Reward
[2025-11-15 02:06:15] Checking reward: Drawing Materials (requires 50 books)
[2025-11-15 02:06:15] Not enough books for reward: Drawing Materials
[2025-11-15 02:06:15] Checking reward: School Supplies Bundle (requires 100 books)
[2025-11-15 02:06:15] Not enough books for reward: School Supplies Bundle
[2025-11-15 02:06:15] Total rewards earned: 0
[2025-11-15 02:06:15] ✅ Transaction committed successfully
[2025-11-15 02:06:15] Response data: Array
(
    [attempt_id] => 8
    [books_completed] => 1
    [average_score] => 42.5
    [rewards_earned] => 0
    [new_rewards] => Array
        (
        )

    [all_rewards] => Array
        (
        )

    [user_name] => Juan Dela Cruz
    [book_title] => The Adventures of Tom Sawyer
    [passed] => 1
)

[2025-11-15 02:06:15] === Quiz Save Successful ===
[2025-11-15 02:06:45] === Quiz Save Request Started ===
[2025-11-15 02:06:45] User logged in: 1
[2025-11-15 02:06:45] Raw JSON: {"user_id":1,"book_id":2,"total_questions":5,"correct_answers":3,"score_percentage":60,"time_taken":5,"responses":[{"question_id":6,"user_answer":"B","is_correct":false},{"question_id":7,"user_answer":"B","is_correct":true},{"question_id":8,"user_answer":"C","is_correct":false},{"question_id":9,"user_answer":"B","is_correct":true},{"question_id":10,"user_answer":"B","is_correct":true}]}
[2025-11-15 02:06:45] Quiz Data: Array
(
    [user_id] => 1
    [book_id] => 2
    [total_questions] => 5
    [correct_answers] => 3
    [score_percentage] => 60
    [time_taken] => 5
    [responses] => Array
        (
            [0] => Array
                (
                    [question_id] => 6
                    [user_answer] => B
                    [is_correct] => 
                )

            [1] => Array
                (
                    [question_id] => 7
                    [user_answer] => B
                    [is_correct] => 1
                )

            [2] => Array
                (
                    [question_id] => 8
                    [user_answer] => C
                    [is_correct] => 
                )

            [3] => Array
                (
                    [question_id] => 9
                    [user_answer] => B
                    [is_correct] => 1
                )

            [4] => Array
                (
                    [question_id] => 10
                    [user_answer] => B
                    [is_correct] => 1
                )

        )

)

[2025-11-15 02:06:45] Extracted data - User: 1, Book: 2, Score: 3/5 (60%)
[2025-11-15 02:06:45] Starting database operations...
[2025-11-15 02:06:45] Transaction started
[2025-11-15 02:06:45] User verified: Juan Dela Cruz
[2025-11-15 02:06:45] Book verified: Charlotte's Web
[2025-11-15 02:06:45] Attempting to insert quiz attempt...
[2025-11-15 02:06:45] Quiz attempt inserted successfully! Attempt ID: 9
[2025-11-15 02:06:45] System log created
[2025-11-15 02:06:45] Books completed count (score >= 70%): 1
[2025-11-15 02:06:45] Average score: 44.4%
[2025-11-15 02:06:45] Processing rewards based on 1 books completed...
[2025-11-15 02:06:45] Checking reward: Pen Reward (requires 10 books)
[2025-11-15 02:06:45] Not enough books for reward: Pen Reward
[2025-11-15 02:06:45] Checking reward: Notebook Reward (requires 25 books)
[2025-11-15 02:06:45] Not enough books for reward: Notebook Reward
[2025-11-15 02:06:45] Checking reward: Drawing Materials (requires 50 books)
[2025-11-15 02:06:45] Not enough books for reward: Drawing Materials
[2025-11-15 02:06:45] Checking reward: School Supplies Bundle (requires 100 books)
[2025-11-15 02:06:45] Not enough books for reward: School Supplies Bundle
[2025-11-15 02:06:45] Total rewards earned: 0
[2025-11-15 02:06:45] ✅ Transaction committed successfully
[2025-11-15 02:06:45] Response data: Array
(
    [attempt_id] => 9
    [books_completed] => 1
    [average_score] => 44.4
    [rewards_earned] => 0
    [new_rewards] => Array
        (
        )

    [all_rewards] => Array
        (
        )

    [user_name] => Juan Dela Cruz
    [book_title] => Charlotte's Web
    [passed] => 
)

[2025-11-15 02:06:45] === Quiz Save Successful ===
[2025-11-15 02:07:19] === Quiz Save Request Started ===
[2025-11-15 02:07:19] User logged in: 1
[2025-11-15 02:07:19] Raw JSON: {"user_id":1,"book_id":10,"total_questions":5,"correct_answers":1,"score_percentage":20,"time_taken":7,"responses":[{"question_id":46,"user_answer":"B","is_correct":false},{"question_id":47,"user_answer":"C","is_correct":false},{"question_id":48,"user_answer":"C","is_correct":false},{"question_id":49,"user_answer":"C","is_correct":false},{"question_id":50,"user_answer":"B","is_correct":true}]}
[2025-11-15 02:07:19] Quiz Data: Array
(
    [user_id] => 1
    [book_id] => 10
    [total_questions] => 5
    [correct_answers] => 1
    [score_percentage] => 20
    [time_taken] => 7
    [responses] => Array
        (
            [0] => Array
                (
                    [question_id] => 46
                    [user_answer] => B
                    [is_correct] => 
                )

            [1] => Array
                (
                    [question_id] => 47
                    [user_answer] => C
                    [is_correct] => 
                )

            [2] => Array
                (
                    [question_id] => 48
                    [user_answer] => C
                    [is_correct] => 
                )

            [3] => Array
                (
                    [question_id] => 49
                    [user_answer] => C
                    [is_correct] => 
                )

            [4] => Array
                (
                    [question_id] => 50
                    [user_answer] => B
                    [is_correct] => 1
                )

        )

)

[2025-11-15 02:07:19] Extracted data - User: 1, Book: 10, Score: 1/5 (20%)
[2025-11-15 02:07:19] Starting database operations...
[2025-11-15 02:07:19] Transaction started
[2025-11-15 02:07:19] User verified: Juan Dela Cruz
[2025-11-15 02:07:19] Book verified: Wonder
[2025-11-15 02:07:19] Attempting to insert quiz attempt...
[2025-11-15 02:07:19] Quiz attempt inserted successfully! Attempt ID: 10
[2025-11-15 02:07:19] System log created
[2025-11-15 02:07:19] Books completed count (score >= 70%): 1
[2025-11-15 02:07:19] Average score: 42%
[2025-11-15 02:07:19] Processing rewards based on 1 books completed...
[2025-11-15 02:07:19] Checking reward: Pen Reward (requires 10 books)
[2025-11-15 02:07:19] Not enough books for reward: Pen Reward
[2025-11-15 02:07:19] Checking reward: Notebook Reward (requires 25 books)
[2025-11-15 02:07:19] Not enough books for reward: Notebook Reward
[2025-11-15 02:07:19] Checking reward: Drawing Materials (requires 50 books)
[2025-11-15 02:07:19] Not enough books for reward: Drawing Materials
[2025-11-15 02:07:19] Checking reward: School Supplies Bundle (requires 100 books)
[2025-11-15 02:07:19] Not enough books for reward: School Supplies Bundle
[2025-11-15 02:07:19] Total rewards earned: 0
[2025-11-15 02:07:19] ✅ Transaction committed successfully
[2025-11-15 02:07:19] Response data: Array
(
    [attempt_id] => 10
    [books_completed] => 1
    [average_score] => 42
    [rewards_earned] => 0
    [new_rewards] => Array
        (
        )

    [all_rewards] => Array
        (
        )

    [user_name] => Juan Dela Cruz
    [book_title] => Wonder
    [passed] => 
)

[2025-11-15 02:07:19] === Quiz Save Successful ===
[2025-11-15 02:11:02] === Quiz Save Request Started ===
[2025-11-15 02:11:02] User logged in: 1
[2025-11-15 02:11:02] Raw JSON: {"user_id":1,"book_id":10,"total_questions":5,"correct_answers":3,"score_percentage":60,"time_taken":12,"responses":[{"question_id":46,"user_answer":"A","is_correct":true},{"question_id":47,"user_answer":"A","is_correct":true},{"question_id":48,"user_answer":"A","is_correct":true},{"question_id":49,"user_answer":"A","is_correct":false},{"question_id":50,"user_answer":"A","is_correct":false}]}
[2025-11-15 02:11:02] Quiz Data: Array
(
    [user_id] => 1
    [book_id] => 10
    [total_questions] => 5
    [correct_answers] => 3
    [score_percentage] => 60
    [time_taken] => 12
    [responses] => Array
        (
            [0] => Array
                (
                    [question_id] => 46
                    [user_answer] => A
                    [is_correct] => 1
                )

            [1] => Array
                (
                    [question_id] => 47
                    [user_answer] => A
                    [is_correct] => 1
                )

            [2] => Array
                (
                    [question_id] => 48
                    [user_answer] => A
                    [is_correct] => 1
                )

            [3] => Array
                (
                    [question_id] => 49
                    [user_answer] => A
                    [is_correct] => 
                )

            [4] => Array
                (
                    [question_id] => 50
                    [user_answer] => A
                    [is_correct] => 
                )

        )

)

[2025-11-15 02:11:02] Extracted data - User: 1, Book: 10, Score: 3/5 (60%)
[2025-11-15 02:11:02] Starting database operations...
[2025-11-15 02:11:02] Transaction started
[2025-11-15 02:11:02] User verified: Juan Dela Cruz
[2025-11-15 02:11:02] Book verified: Wonder
[2025-11-15 02:11:02] Attempting to insert quiz attempt...
[2025-11-15 02:11:02] Quiz attempt inserted successfully! Attempt ID: 11
[2025-11-15 02:11:03] System log created
[2025-11-15 02:11:03] Is re-attempt: YES (Previous attempts: 5)
[2025-11-15 02:11:03] Books completed count (any attempt): 3
[2025-11-15 02:11:03] Average score: 43.6%
[2025-11-15 02:11:03] Processing rewards based on 3 books completed...
[2025-11-15 02:11:03] Checking reward: Pen Reward (requires 10 books)
[2025-11-15 02:11:03] Not enough books for reward: Pen Reward
[2025-11-15 02:11:03] Checking reward: Notebook Reward (requires 25 books)
[2025-11-15 02:11:03] Not enough books for reward: Notebook Reward
[2025-11-15 02:11:03] Checking reward: Drawing Materials (requires 50 books)
[2025-11-15 02:11:03] Not enough books for reward: Drawing Materials
[2025-11-15 02:11:03] Checking reward: School Supplies Bundle (requires 100 books)
[2025-11-15 02:11:03] Not enough books for reward: School Supplies Bundle
[2025-11-15 02:11:03] Total rewards earned: 0
[2025-11-15 02:11:03] ✅ Transaction committed successfully
[2025-11-15 02:11:03] Response data: Array
(
    [attempt_id] => 11
    [books_completed] => 3
    [average_score] => 43.6
    [rewards_earned] => 0
    [new_rewards] => Array
        (
        )

    [all_rewards] => Array
        (
        )

    [user_name] => Juan Dela Cruz
    [book_title] => Wonder
    [passed] => 
    [is_reattempt] => 1
)

[2025-11-15 02:11:03] === Quiz Save Successful ===
[2025-11-15 02:13:25] === Quiz Save Request Started ===
[2025-11-15 02:13:25] User logged in: 1
[2025-11-15 02:13:25] Raw JSON: {"user_id":1,"book_id":1,"total_questions":5,"correct_answers":1,"score_percentage":20,"time_taken":7,"responses":[{"question_id":1,"user_answer":"A","is_correct":true},{"question_id":2,"user_answer":"A","is_correct":false},{"question_id":3,"user_answer":"A","is_correct":false},{"question_id":4,"user_answer":"A","is_correct":false},{"question_id":5,"user_answer":"A","is_correct":false}]}
[2025-11-15 02:13:25] Quiz Data: Array
(
    [user_id] => 1
    [book_id] => 1
    [total_questions] => 5
    [correct_answers] => 1
    [score_percentage] => 20
    [time_taken] => 7
    [responses] => Array
        (
            [0] => Array
                (
                    [question_id] => 1
                    [user_answer] => A
                    [is_correct] => 1
                )

            [1] => Array
                (
                    [question_id] => 2
                    [user_answer] => A
                    [is_correct] => 
                )

            [2] => Array
                (
                    [question_id] => 3
                    [user_answer] => A
                    [is_correct] => 
                )

            [3] => Array
                (
                    [question_id] => 4
                    [user_answer] => A
                    [is_correct] => 
                )

            [4] => Array
                (
                    [question_id] => 5
                    [user_answer] => A
                    [is_correct] => 
                )

        )

)

[2025-11-15 02:13:25] Extracted data - User: 1, Book: 1, Score: 1/5 (20%)
[2025-11-15 02:13:25] Starting database operations...
[2025-11-15 02:13:25] Transaction started
[2025-11-15 02:13:25] User verified: Juan Dela Cruz
[2025-11-15 02:13:25] Book verified: The Adventures of Tom Sawyer
[2025-11-15 02:13:25] Attempting to insert quiz attempt...
[2025-11-15 02:13:25] Quiz attempt inserted successfully! Attempt ID: 12
[2025-11-15 02:13:25] System log created
[2025-11-15 02:13:25] Is re-attempt: YES (Previous attempts: 6)
[2025-11-15 02:13:25] Books completed count (any attempt): 3
[2025-11-15 02:13:25] Average score: 41.7%
[2025-11-15 02:13:25] Processing rewards based on 3 books completed...
[2025-11-15 02:13:25] Checking reward: Pen Reward (requires 10 books)
[2025-11-15 02:13:25] Not enough books for reward: Pen Reward
[2025-11-15 02:13:25] Checking reward: Notebook Reward (requires 25 books)
[2025-11-15 02:13:25] Not enough books for reward: Notebook Reward
[2025-11-15 02:13:25] Checking reward: Drawing Materials (requires 50 books)
[2025-11-15 02:13:25] Not enough books for reward: Drawing Materials
[2025-11-15 02:13:25] Checking reward: School Supplies Bundle (requires 100 books)
[2025-11-15 02:13:25] Not enough books for reward: School Supplies Bundle
[2025-11-15 02:13:25] Total rewards earned: 0
[2025-11-15 02:13:25] ✅ Transaction committed successfully
[2025-11-15 02:13:25] Response data: Array
(
    [attempt_id] => 12
    [books_completed] => 3
    [average_score] => 41.7
    [rewards_earned] => 0
    [new_rewards] => Array
        (
        )

    [all_rewards] => Array
        (
        )

    [user_name] => Juan Dela Cruz
    [book_title] => The Adventures of Tom Sawyer
    [passed] => 
    [is_reattempt] => 1
)

[2025-11-15 02:13:25] === Quiz Save Successful ===
[2025-11-15 02:13:51] === Quiz Save Request Started ===
[2025-11-15 02:13:51] User logged in: 1
[2025-11-15 02:13:51] Raw JSON: {"user_id":1,"book_id":2,"total_questions":5,"correct_answers":1,"score_percentage":20,"time_taken":7,"responses":[{"question_id":6,"user_answer":"A","is_correct":true},{"question_id":7,"user_answer":"A","is_correct":false},{"question_id":8,"user_answer":"A","is_correct":false},{"question_id":9,"user_answer":"A","is_correct":false},{"question_id":10,"user_answer":"A","is_correct":false}]}
[2025-11-15 02:13:51] Quiz Data: Array
(
    [user_id] => 1
    [book_id] => 2
    [total_questions] => 5
    [correct_answers] => 1
    [score_percentage] => 20
    [time_taken] => 7
    [responses] => Array
        (
            [0] => Array
                (
                    [question_id] => 6
                    [user_answer] => A
                    [is_correct] => 1
                )

            [1] => Array
                (
                    [question_id] => 7
                    [user_answer] => A
                    [is_correct] => 
                )

            [2] => Array
                (
                    [question_id] => 8
                    [user_answer] => A
                    [is_correct] => 
                )

            [3] => Array
                (
                    [question_id] => 9
                    [user_answer] => A
                    [is_correct] => 
                )

            [4] => Array
                (
                    [question_id] => 10
                    [user_answer] => A
                    [is_correct] => 
                )

        )

)

[2025-11-15 02:13:51] Extracted data - User: 1, Book: 2, Score: 1/5 (20%)
[2025-11-15 02:13:51] Starting database operations...
[2025-11-15 02:13:51] Transaction started
[2025-11-15 02:13:51] User verified: Juan Dela Cruz
[2025-11-15 02:13:51] Book verified: Charlotte's Web
[2025-11-15 02:13:51] Attempting to insert quiz attempt...
[2025-11-15 02:13:51] Quiz attempt inserted successfully! Attempt ID: 13
[2025-11-15 02:13:51] System log created
[2025-11-15 02:13:51] Is re-attempt: YES (Previous attempts: 2)
[2025-11-15 02:13:51] Books completed count (any attempt): 3
[2025-11-15 02:13:51] Average score: 40%
[2025-11-15 02:13:51] Processing rewards based on 3 books completed...
[2025-11-15 02:13:51] Checking reward: Pen Reward (requires 10 books)
[2025-11-15 02:13:51] Not enough books for reward: Pen Reward
[2025-11-15 02:13:51] Checking reward: Notebook Reward (requires 25 books)
[2025-11-15 02:13:51] Not enough books for reward: Notebook Reward
[2025-11-15 02:13:51] Checking reward: Drawing Materials (requires 50 books)
[2025-11-15 02:13:51] Not enough books for reward: Drawing Materials
[2025-11-15 02:13:51] Checking reward: School Supplies Bundle (requires 100 books)
[2025-11-15 02:13:51] Not enough books for reward: School Supplies Bundle
[2025-11-15 02:13:51] Total rewards earned: 0
[2025-11-15 02:13:51] ✅ Transaction committed successfully
[2025-11-15 02:13:51] Response data: Array
(
    [attempt_id] => 13
    [books_completed] => 3
    [average_score] => 40
    [rewards_earned] => 0
    [new_rewards] => Array
        (
        )

    [all_rewards] => Array
        (
        )

    [user_name] => Juan Dela Cruz
    [book_title] => Charlotte's Web
    [passed] => 
    [is_reattempt] => 1
)

[2025-11-15 02:13:51] === Quiz Save Successful ===
[2025-11-15 02:14:12] === Quiz Save Request Started ===
[2025-11-15 02:14:12] User logged in: 1
[2025-11-15 02:14:12] Raw JSON: {"user_id":1,"book_id":3,"total_questions":5,"correct_answers":1,"score_percentage":20,"time_taken":6,"responses":[{"question_id":11,"user_answer":"A","is_correct":true},{"question_id":12,"user_answer":"A","is_correct":false},{"question_id":13,"user_answer":"A","is_correct":false},{"question_id":14,"user_answer":"A","is_correct":false},{"question_id":15,"user_answer":"A","is_correct":false}]}
[2025-11-15 02:14:12] Quiz Data: Array
(
    [user_id] => 1
    [book_id] => 3
    [total_questions] => 5
    [correct_answers] => 1
    [score_percentage] => 20
    [time_taken] => 6
    [responses] => Array
        (
            [0] => Array
                (
                    [question_id] => 11
                    [user_answer] => A
                    [is_correct] => 1
                )

            [1] => Array
                (
                    [question_id] => 12
                    [user_answer] => A
                    [is_correct] => 
                )

            [2] => Array
                (
                    [question_id] => 13
                    [user_answer] => A
                    [is_correct] => 
                )

            [3] => Array
                (
                    [question_id] => 14
                    [user_answer] => A
                    [is_correct] => 
                )

            [4] => Array
                (
                    [question_id] => 15
                    [user_answer] => A
                    [is_correct] => 
                )

        )

)

[2025-11-15 02:14:12] Extracted data - User: 1, Book: 3, Score: 1/5 (20%)
[2025-11-15 02:14:12] Starting database operations...
[2025-11-15 02:14:12] Transaction started
[2025-11-15 02:14:12] User verified: Juan Dela Cruz
[2025-11-15 02:14:12] Book verified: Where the Red Fern Grows
[2025-11-15 02:14:12] Attempting to insert quiz attempt...
[2025-11-15 02:14:12] Quiz attempt inserted successfully! Attempt ID: 14
[2025-11-15 02:14:12] System log created
[2025-11-15 02:14:12] Is re-attempt: YES (Previous attempts: 1)
[2025-11-15 02:14:12] Books completed count (any attempt): 4
[2025-11-15 02:14:12] Average score: 38.6%
[2025-11-15 02:14:12] Processing rewards based on 4 books completed...
[2025-11-15 02:14:12] Checking reward: Pen Reward (requires 10 books)
[2025-11-15 02:14:12] Not enough books for reward: Pen Reward
[2025-11-15 02:14:12] Checking reward: Notebook Reward (requires 25 books)
[2025-11-15 02:14:12] Not enough books for reward: Notebook Reward
[2025-11-15 02:14:12] Checking reward: Drawing Materials (requires 50 books)
[2025-11-15 02:14:12] Not enough books for reward: Drawing Materials
[2025-11-15 02:14:12] Checking reward: School Supplies Bundle (requires 100 books)
[2025-11-15 02:14:12] Not enough books for reward: School Supplies Bundle
[2025-11-15 02:14:12] Total rewards earned: 0
[2025-11-15 02:14:12] ✅ Transaction committed successfully
[2025-11-15 02:14:12] Response data: Array
(
    [attempt_id] => 14
    [books_completed] => 4
    [average_score] => 38.6
    [rewards_earned] => 0
    [new_rewards] => Array
        (
        )

    [all_rewards] => Array
        (
        )

    [user_name] => Juan Dela Cruz
    [book_title] => Where the Red Fern Grows
    [passed] => 
    [is_reattempt] => 1
)

[2025-11-15 02:14:12] === Quiz Save Successful ===
[2025-11-15 02:14:40] === Quiz Save Request Started ===
[2025-11-15 02:14:40] User logged in: 1
[2025-11-15 02:14:40] Raw JSON: {"user_id":1,"book_id":4,"total_questions":5,"correct_answers":1,"score_percentage":20,"time_taken":6,"responses":[{"question_id":16,"user_answer":"A","is_correct":false},{"question_id":17,"user_answer":"B","is_correct":false},{"question_id":18,"user_answer":"B","is_correct":false},{"question_id":19,"user_answer":"C","is_correct":false},{"question_id":20,"user_answer":"C","is_correct":true}]}
[2025-11-15 02:14:40] Quiz Data: Array
(
    [user_id] => 1
    [book_id] => 4
    [total_questions] => 5
    [correct_answers] => 1
    [score_percentage] => 20
    [time_taken] => 6
    [responses] => Array
        (
            [0] => Array
                (
                    [question_id] => 16
                    [user_answer] => A
                    [is_correct] => 
                )

            [1] => Array
                (
                    [question_id] => 17
                    [user_answer] => B
                    [is_correct] => 
                )

            [2] => Array
                (
                    [question_id] => 18
                    [user_answer] => B
                    [is_correct] => 
                )

            [3] => Array
                (
                    [question_id] => 19
                    [user_answer] => C
                    [is_correct] => 
                )

            [4] => Array
                (
                    [question_id] => 20
                    [user_answer] => C
                    [is_correct] => 1
                )

        )

)

[2025-11-15 02:14:40] Extracted data - User: 1, Book: 4, Score: 1/5 (20%)
[2025-11-15 02:14:40] Starting database operations...
[2025-11-15 02:14:40] Transaction started
[2025-11-15 02:14:40] User verified: Juan Dela Cruz
[2025-11-15 02:14:40] Book verified: The Lion, the Witch and the Wardrobe
[2025-11-15 02:14:40] Attempting to insert quiz attempt...
[2025-11-15 02:14:40] Quiz attempt inserted successfully! Attempt ID: 15
[2025-11-15 02:14:40] System log created
[2025-11-15 02:14:40] Is re-attempt: YES (Previous attempts: 1)
[2025-11-15 02:14:40] Books completed count (any attempt): 5
[2025-11-15 02:14:40] Average score: 37.3%
[2025-11-15 02:14:40] Processing rewards based on 5 books completed...
[2025-11-15 02:14:40] Checking reward: Pen Reward (requires 10 books)
[2025-11-15 02:14:40] Not enough books for reward: Pen Reward
[2025-11-15 02:14:40] Checking reward: Notebook Reward (requires 25 books)
[2025-11-15 02:14:40] Not enough books for reward: Notebook Reward
[2025-11-15 02:14:40] Checking reward: Drawing Materials (requires 50 books)
[2025-11-15 02:14:40] Not enough books for reward: Drawing Materials
[2025-11-15 02:14:40] Checking reward: School Supplies Bundle (requires 100 books)
[2025-11-15 02:14:40] Not enough books for reward: School Supplies Bundle
[2025-11-15 02:14:40] Total rewards earned: 0
[2025-11-15 02:14:40] ✅ Transaction committed successfully
[2025-11-15 02:14:40] Response data: Array
(
    [attempt_id] => 15
    [books_completed] => 5
    [average_score] => 37.3
    [rewards_earned] => 0
    [new_rewards] => Array
        (
        )

    [all_rewards] => Array
        (
        )

    [user_name] => Juan Dela Cruz
    [book_title] => The Lion, the Witch and the Wardrobe
    [passed] => 
    [is_reattempt] => 1
)

[2025-11-15 02:14:40] === Quiz Save Successful ===
[2025-11-15 02:15:10] === Quiz Save Request Started ===
[2025-11-15 02:15:10] User logged in: 1
[2025-11-15 02:15:10] Raw JSON: {"user_id":1,"book_id":5,"total_questions":5,"correct_answers":0,"score_percentage":0,"time_taken":7,"responses":[{"question_id":21,"user_answer":"A","is_correct":false},{"question_id":22,"user_answer":"A","is_correct":false},{"question_id":23,"user_answer":"A","is_correct":false},{"question_id":24,"user_answer":"D","is_correct":false},{"question_id":25,"user_answer":"C","is_correct":false}]}
[2025-11-15 02:15:10] Quiz Data: Array
(
    [user_id] => 1
    [book_id] => 5
    [total_questions] => 5
    [correct_answers] => 0
    [score_percentage] => 0
    [time_taken] => 7
    [responses] => Array
        (
            [0] => Array
                (
                    [question_id] => 21
                    [user_answer] => A
                    [is_correct] => 
                )

            [1] => Array
                (
                    [question_id] => 22
                    [user_answer] => A
                    [is_correct] => 
                )

            [2] => Array
                (
                    [question_id] => 23
                    [user_answer] => A
                    [is_correct] => 
                )

            [3] => Array
                (
                    [question_id] => 24
                    [user_answer] => D
                    [is_correct] => 
                )

            [4] => Array
                (
                    [question_id] => 25
                    [user_answer] => C
                    [is_correct] => 
                )

        )

)

[2025-11-15 02:15:10] Extracted data - User: 1, Book: 5, Score: 0/5 (0%)
[2025-11-15 02:15:10] Starting database operations...
[2025-11-15 02:15:10] Transaction started
[2025-11-15 02:15:10] User verified: Juan Dela Cruz
[2025-11-15 02:15:10] Book verified: Bridge to Terabithia
[2025-11-15 02:15:10] Attempting to insert quiz attempt...
[2025-11-15 02:15:10] Quiz attempt inserted successfully! Attempt ID: 16
[2025-11-15 02:15:10] System log created
[2025-11-15 02:15:10] Is re-attempt: YES (Previous attempts: 1)
[2025-11-15 02:15:10] Books completed count (any attempt): 6
[2025-11-15 02:15:10] Average score: 35%
[2025-11-15 02:15:10] Processing rewards based on 6 books completed...
[2025-11-15 02:15:10] Checking reward: Pen Reward (requires 10 books)
[2025-11-15 02:15:10] Not enough books for reward: Pen Reward
[2025-11-15 02:15:10] Checking reward: Notebook Reward (requires 25 books)
[2025-11-15 02:15:10] Not enough books for reward: Notebook Reward
[2025-11-15 02:15:10] Checking reward: Drawing Materials (requires 50 books)
[2025-11-15 02:15:10] Not enough books for reward: Drawing Materials
[2025-11-15 02:15:10] Checking reward: School Supplies Bundle (requires 100 books)
[2025-11-15 02:15:10] Not enough books for reward: School Supplies Bundle
[2025-11-15 02:15:10] Total rewards earned: 0
[2025-11-15 02:15:10] ✅ Transaction committed successfully
[2025-11-15 02:15:10] Response data: Array
(
    [attempt_id] => 16
    [books_completed] => 6
    [average_score] => 35
    [rewards_earned] => 0
    [new_rewards] => Array
        (
        )

    [all_rewards] => Array
        (
        )

    [user_name] => Juan Dela Cruz
    [book_title] => Bridge to Terabithia
    [passed] => 
    [is_reattempt] => 1
)

[2025-11-15 02:15:10] === Quiz Save Successful ===
[2025-11-15 02:15:37] === Quiz Save Request Started ===
[2025-11-15 02:15:37] User logged in: 1
[2025-11-15 02:15:37] Raw JSON: {"user_id":1,"book_id":6,"total_questions":5,"correct_answers":1,"score_percentage":20,"time_taken":5,"responses":[{"question_id":26,"user_answer":"A","is_correct":false},{"question_id":27,"user_answer":"B","is_correct":false},{"question_id":28,"user_answer":"B","is_correct":false},{"question_id":29,"user_answer":"B","is_correct":false},{"question_id":30,"user_answer":"B","is_correct":true}]}
[2025-11-15 02:15:37] Quiz Data: Array
(
    [user_id] => 1
    [book_id] => 6
    [total_questions] => 5
    [correct_answers] => 1
    [score_percentage] => 20
    [time_taken] => 5
    [responses] => Array
        (
            [0] => Array
                (
                    [question_id] => 26
                    [user_answer] => A
                    [is_correct] => 
                )

            [1] => Array
                (
                    [question_id] => 27
                    [user_answer] => B
                    [is_correct] => 
                )

            [2] => Array
                (
                    [question_id] => 28
                    [user_answer] => B
                    [is_correct] => 
                )

            [3] => Array
                (
                    [question_id] => 29
                    [user_answer] => B
                    [is_correct] => 
                )

            [4] => Array
                (
                    [question_id] => 30
                    [user_answer] => B
                    [is_correct] => 1
                )

        )

)

[2025-11-15 02:15:37] Extracted data - User: 1, Book: 6, Score: 1/5 (20%)
[2025-11-15 02:15:37] Starting database operations...
[2025-11-15 02:15:37] Transaction started
[2025-11-15 02:15:37] User verified: Juan Dela Cruz
[2025-11-15 02:15:37] Book verified: Harry Potter and the Sorcerer's Stone
[2025-11-15 02:15:37] Attempting to insert quiz attempt...
[2025-11-15 02:15:37] Quiz attempt inserted successfully! Attempt ID: 17
[2025-11-15 02:15:37] System log created
[2025-11-15 02:15:37] Is re-attempt: YES (Previous attempts: 1)
[2025-11-15 02:15:37] Books completed count (any attempt): 7
[2025-11-15 02:15:37] Average score: 34.1%
[2025-11-15 02:15:37] Processing rewards based on 7 books completed...
[2025-11-15 02:15:37] Checking reward: Pen Reward (requires 10 books)
[2025-11-15 02:15:37] Not enough books for reward: Pen Reward
[2025-11-15 02:15:37] Checking reward: Notebook Reward (requires 25 books)
[2025-11-15 02:15:37] Not enough books for reward: Notebook Reward
[2025-11-15 02:15:37] Checking reward: Drawing Materials (requires 50 books)
[2025-11-15 02:15:37] Not enough books for reward: Drawing Materials
[2025-11-15 02:15:37] Checking reward: School Supplies Bundle (requires 100 books)
[2025-11-15 02:15:37] Not enough books for reward: School Supplies Bundle
[2025-11-15 02:15:37] Total rewards earned: 0
[2025-11-15 02:15:37] ✅ Transaction committed successfully
[2025-11-15 02:15:37] Response data: Array
(
    [attempt_id] => 17
    [books_completed] => 7
    [average_score] => 34.1
    [rewards_earned] => 0
    [new_rewards] => Array
        (
        )

    [all_rewards] => Array
        (
        )

    [user_name] => Juan Dela Cruz
    [book_title] => Harry Potter and the Sorcerer's Stone
    [passed] => 
    [is_reattempt] => 1
)

[2025-11-15 02:15:37] === Quiz Save Successful ===
[2025-11-15 02:16:01] === Quiz Save Request Started ===
[2025-11-15 02:16:01] User logged in: 1
[2025-11-15 02:16:01] Raw JSON: {"user_id":1,"book_id":7,"total_questions":5,"correct_answers":3,"score_percentage":60,"time_taken":6,"responses":[{"question_id":31,"user_answer":"A","is_correct":true},{"question_id":32,"user_answer":"B","is_correct":true},{"question_id":33,"user_answer":"B","is_correct":false},{"question_id":34,"user_answer":"B","is_correct":true},{"question_id":35,"user_answer":"B","is_correct":false}]}
[2025-11-15 02:16:01] Quiz Data: Array
(
    [user_id] => 1
    [book_id] => 7
    [total_questions] => 5
    [correct_answers] => 3
    [score_percentage] => 60
    [time_taken] => 6
    [responses] => Array
        (
            [0] => Array
                (
                    [question_id] => 31
                    [user_answer] => A
                    [is_correct] => 1
                )

            [1] => Array
                (
                    [question_id] => 32
                    [user_answer] => B
                    [is_correct] => 1
                )

            [2] => Array
                (
                    [question_id] => 33
                    [user_answer] => B
                    [is_correct] => 
                )

            [3] => Array
                (
                    [question_id] => 34
                    [user_answer] => B
                    [is_correct] => 1
                )

            [4] => Array
                (
                    [question_id] => 35
                    [user_answer] => B
                    [is_correct] => 
                )

        )

)

[2025-11-15 02:16:01] Extracted data - User: 1, Book: 7, Score: 3/5 (60%)
[2025-11-15 02:16:01] Starting database operations...
[2025-11-15 02:16:01] Transaction started
[2025-11-15 02:16:01] User verified: Juan Dela Cruz
[2025-11-15 02:16:01] Book verified: The Secret Garden
[2025-11-15 02:16:01] Attempting to insert quiz attempt...
[2025-11-15 02:16:01] Quiz attempt inserted successfully! Attempt ID: 18
[2025-11-15 02:16:01] System log created
[2025-11-15 02:16:01] Is re-attempt: YES (Previous attempts: 1)
[2025-11-15 02:16:01] Books completed count (any attempt): 8
[2025-11-15 02:16:01] Average score: 35.6%
[2025-11-15 02:16:01] Processing rewards based on 8 books completed...
[2025-11-15 02:16:01] Checking reward: Pen Reward (requires 10 books)
[2025-11-15 02:16:01] Not enough books for reward: Pen Reward
[2025-11-15 02:16:01] Checking reward: Notebook Reward (requires 25 books)
[2025-11-15 02:16:01] Not enough books for reward: Notebook Reward
[2025-11-15 02:16:01] Checking reward: Drawing Materials (requires 50 books)
[2025-11-15 02:16:01] Not enough books for reward: Drawing Materials
[2025-11-15 02:16:01] Checking reward: School Supplies Bundle (requires 100 books)
[2025-11-15 02:16:01] Not enough books for reward: School Supplies Bundle
[2025-11-15 02:16:01] Total rewards earned: 0
[2025-11-15 02:16:01] ✅ Transaction committed successfully
[2025-11-15 02:16:01] Response data: Array
(
    [attempt_id] => 18
    [books_completed] => 8
    [average_score] => 35.6
    [rewards_earned] => 0
    [new_rewards] => Array
        (
        )

    [all_rewards] => Array
        (
        )

    [user_name] => Juan Dela Cruz
    [book_title] => The Secret Garden
    [passed] => 
    [is_reattempt] => 1
)

[2025-11-15 02:16:01] === Quiz Save Successful ===
[2025-11-15 02:16:22] === Quiz Save Request Started ===
[2025-11-15 02:16:22] User logged in: 1
[2025-11-15 02:16:22] Raw JSON: {"user_id":1,"book_id":8,"total_questions":5,"correct_answers":2,"score_percentage":40,"time_taken":9,"responses":[{"question_id":36,"user_answer":"A","is_correct":false},{"question_id":37,"user_answer":"D","is_correct":false},{"question_id":38,"user_answer":"C","is_correct":false},{"question_id":39,"user_answer":"B","is_correct":true},{"question_id":40,"user_answer":"B","is_correct":true}]}
[2025-11-15 02:16:22] Quiz Data: Array
(
    [user_id] => 1
    [book_id] => 8
    [total_questions] => 5
    [correct_answers] => 2
    [score_percentage] => 40
    [time_taken] => 9
    [responses] => Array
        (
            [0] => Array
                (
                    [question_id] => 36
                    [user_answer] => A
                    [is_correct] => 
                )

            [1] => Array
                (
                    [question_id] => 37
                    [user_answer] => D
                    [is_correct] => 
                )

            [2] => Array
                (
                    [question_id] => 38
                    [user_answer] => C
                    [is_correct] => 
                )

            [3] => Array
                (
                    [question_id] => 39
                    [user_answer] => B
                    [is_correct] => 1
                )

            [4] => Array
                (
                    [question_id] => 40
                    [user_answer] => B
                    [is_correct] => 1
                )

        )

)

[2025-11-15 02:16:22] Extracted data - User: 1, Book: 8, Score: 2/5 (40%)
[2025-11-15 02:16:22] Starting database operations...
[2025-11-15 02:16:22] Transaction started
[2025-11-15 02:16:22] User verified: Juan Dela Cruz
[2025-11-15 02:16:22] Book verified: Matilda
[2025-11-15 02:16:22] Attempting to insert quiz attempt...
[2025-11-15 02:16:22] Quiz attempt inserted successfully! Attempt ID: 19
[2025-11-15 02:16:22] System log created
[2025-11-15 02:16:22] Is re-attempt: YES (Previous attempts: 1)
[2025-11-15 02:16:22] Books completed count (any attempt): 9
[2025-11-15 02:16:22] Average score: 35.8%
[2025-11-15 02:16:22] Processing rewards based on 9 books completed...
[2025-11-15 02:16:22] Checking reward: Pen Reward (requires 10 books)
[2025-11-15 02:16:22] Not enough books for reward: Pen Reward
[2025-11-15 02:16:22] Checking reward: Notebook Reward (requires 25 books)
[2025-11-15 02:16:22] Not enough books for reward: Notebook Reward
[2025-11-15 02:16:22] Checking reward: Drawing Materials (requires 50 books)
[2025-11-15 02:16:22] Not enough books for reward: Drawing Materials
[2025-11-15 02:16:22] Checking reward: School Supplies Bundle (requires 100 books)
[2025-11-15 02:16:22] Not enough books for reward: School Supplies Bundle
[2025-11-15 02:16:22] Total rewards earned: 0
[2025-11-15 02:16:22] ✅ Transaction committed successfully
[2025-11-15 02:16:22] Response data: Array
(
    [attempt_id] => 19
    [books_completed] => 9
    [average_score] => 35.8
    [rewards_earned] => 0
    [new_rewards] => Array
        (
        )

    [all_rewards] => Array
        (
        )

    [user_name] => Juan Dela Cruz
    [book_title] => Matilda
    [passed] => 
    [is_reattempt] => 1
)

[2025-11-15 02:16:22] === Quiz Save Successful ===
[2025-11-15 02:16:39] === Quiz Save Request Started ===
[2025-11-15 02:16:39] User logged in: 1
[2025-11-15 02:16:39] Raw JSON: {"user_id":1,"book_id":9,"total_questions":5,"correct_answers":2,"score_percentage":40,"time_taken":7,"responses":[{"question_id":41,"user_answer":"A","is_correct":false},{"question_id":42,"user_answer":"B","is_correct":false},{"question_id":43,"user_answer":"B","is_correct":false},{"question_id":44,"user_answer":"C","is_correct":true},{"question_id":45,"user_answer":"B","is_correct":true}]}
[2025-11-15 02:16:39] Quiz Data: Array
(
    [user_id] => 1
    [book_id] => 9
    [total_questions] => 5
    [correct_answers] => 2
    [score_percentage] => 40
    [time_taken] => 7
    [responses] => Array
        (
            [0] => Array
                (
                    [question_id] => 41
                    [user_answer] => A
                    [is_correct] => 
                )

            [1] => Array
                (
                    [question_id] => 42
                    [user_answer] => B
                    [is_correct] => 
                )

            [2] => Array
                (
                    [question_id] => 43
                    [user_answer] => B
                    [is_correct] => 
                )

            [3] => Array
                (
                    [question_id] => 44
                    [user_answer] => C
                    [is_correct] => 1
                )

            [4] => Array
                (
                    [question_id] => 45
                    [user_answer] => B
                    [is_correct] => 1
                )

        )

)

[2025-11-15 02:16:39] Extracted data - User: 1, Book: 9, Score: 2/5 (40%)
[2025-11-15 02:16:39] Starting database operations...
[2025-11-15 02:16:39] Transaction started
[2025-11-15 02:16:39] User verified: Juan Dela Cruz
[2025-11-15 02:16:39] Book verified: Percy Jackson: The Lightning Thief
[2025-11-15 02:16:39] Attempting to insert quiz attempt...
[2025-11-15 02:16:39] Quiz attempt inserted successfully! Attempt ID: 20
[2025-11-15 02:16:39] System log created
[2025-11-15 02:16:39] Is re-attempt: YES (Previous attempts: 1)
[2025-11-15 02:16:39] Books completed count (any attempt): 10
[2025-11-15 02:16:39] Average score: 36%
[2025-11-15 02:16:39] Processing rewards based on 10 books completed...
[2025-11-15 02:16:39] Checking reward: Pen Reward (requires 10 books)
[2025-11-15 02:16:39] ✅ New reward awarded: Pen Reward
[2025-11-15 02:16:39] Checking reward: Notebook Reward (requires 25 books)
[2025-11-15 02:16:39] Not enough books for reward: Notebook Reward
[2025-11-15 02:16:39] Checking reward: Drawing Materials (requires 50 books)
[2025-11-15 02:16:39] Not enough books for reward: Drawing Materials
[2025-11-15 02:16:39] Checking reward: School Supplies Bundle (requires 100 books)
[2025-11-15 02:16:39] Not enough books for reward: School Supplies Bundle
[2025-11-15 02:16:39] Total rewards earned: 1
[2025-11-15 02:16:39] ✅ Transaction committed successfully
[2025-11-15 02:16:39] Response data: Array
(
    [attempt_id] => 20
    [books_completed] => 10
    [average_score] => 36
    [rewards_earned] => 1
    [new_rewards] => Array
        (
            [0] => Pen Reward
        )

    [all_rewards] => Array
        (
            [0] => Pen Reward
        )

    [user_name] => Juan Dela Cruz
    [book_title] => Percy Jackson: The Lightning Thief
    [passed] => 
    [is_reattempt] => 1
)

[2025-11-15 02:16:39] === Quiz Save Successful ===
[2025-11-15 02:52:05] === Quiz Save Request Started ===
[2025-11-15 02:52:05] User logged in: 1
[2025-11-15 02:52:05] Raw JSON: {"user_id":1,"book_id":17,"total_questions":1,"correct_answers":1,"score_percentage":100,"time_taken":4,"responses":[{"question_id":52,"user_answer":"B","is_correct":true}]}
[2025-11-15 02:52:05] Quiz Data: Array
(
    [user_id] => 1
    [book_id] => 17
    [total_questions] => 1
    [correct_answers] => 1
    [score_percentage] => 100
    [time_taken] => 4
    [responses] => Array
        (
            [0] => Array
                (
                    [question_id] => 52
                    [user_answer] => B
                    [is_correct] => 1
                )

        )

)

[2025-11-15 02:52:05] Extracted data - User: 1, Book: 17, Score: 1/1 (100%)
[2025-11-15 02:52:05] Starting database operations...
[2025-11-15 02:52:05] Transaction started
[2025-11-15 02:52:05] User verified: Juan Dela Cruz
[2025-11-15 02:52:05] Book verified: The Ugly Duckling
[2025-11-15 02:52:05] Attempting to insert quiz attempt...
[2025-11-15 02:52:05] Quiz attempt inserted successfully! Attempt ID: 21
[2025-11-15 02:52:05] System log created
[2025-11-15 02:52:05] Is re-attempt: YES (Previous attempts: 1)
[2025-11-15 02:52:05] Books completed count (any attempt): 11
[2025-11-15 02:52:05] Average score: 39%
[2025-11-15 02:52:05] Processing rewards based on 11 books completed...
[2025-11-15 02:52:05] Checking reward: Pen Reward (requires 10 books)
[2025-11-15 02:52:05] User already has reward: Pen Reward
[2025-11-15 02:52:05] Checking reward: Notebook Reward (requires 25 books)
[2025-11-15 02:52:05] Not enough books for reward: Notebook Reward
[2025-11-15 02:52:05] Checking reward: Drawing Materials (requires 50 books)
[2025-11-15 02:52:05] Not enough books for reward: Drawing Materials
[2025-11-15 02:52:05] Checking reward: School Supplies Bundle (requires 100 books)
[2025-11-15 02:52:05] Not enough books for reward: School Supplies Bundle
[2025-11-15 02:52:05] Total rewards earned: 1
[2025-11-15 02:52:05] ✅ Transaction committed successfully
[2025-11-15 02:52:05] Response data: Array
(
    [attempt_id] => 21
    [books_completed] => 11
    [average_score] => 39
    [rewards_earned] => 1
    [new_rewards] => Array
        (
        )

    [all_rewards] => Array
        (
            [0] => Pen Reward
        )

    [user_name] => Juan Dela Cruz
    [book_title] => The Ugly Duckling
    [passed] => 1
    [is_reattempt] => 1
)

[2025-11-15 02:52:05] === Quiz Save Successful ===
[2025-11-15 15:45:15] === Quiz Save Request Started ===
[2025-11-15 15:45:15] User logged in: 1
[2025-11-15 15:45:15] Raw JSON: {"user_id":1,"book_id":6,"total_questions":5,"correct_answers":3,"score_percentage":60,"time_taken":12,"responses":[{"question_id":26,"user_answer":"A","is_correct":false},{"question_id":27,"user_answer":"B","is_correct":false},{"question_id":28,"user_answer":"C","is_correct":true},{"question_id":29,"user_answer":"D","is_correct":true},{"question_id":30,"user_answer":"B","is_correct":true}]}
[2025-11-15 15:45:15] Quiz Data: Array
(
    [user_id] => 1
    [book_id] => 6
    [total_questions] => 5
    [correct_answers] => 3
    [score_percentage] => 60
    [time_taken] => 12
    [responses] => Array
        (
            [0] => Array
                (
                    [question_id] => 26
                    [user_answer] => A
                    [is_correct] => 
                )

            [1] => Array
                (
                    [question_id] => 27
                    [user_answer] => B
                    [is_correct] => 
                )

            [2] => Array
                (
                    [question_id] => 28
                    [user_answer] => C
                    [is_correct] => 1
                )

            [3] => Array
                (
                    [question_id] => 29
                    [user_answer] => D
                    [is_correct] => 1
                )

            [4] => Array
                (
                    [question_id] => 30
                    [user_answer] => B
                    [is_correct] => 1
                )

        )

)

[2025-11-15 15:45:15] Extracted data - User: 1, Book: 6, Score: 3/5 (60%)
[2025-11-15 15:45:15] Starting database operations...
[2025-11-15 15:45:15] Transaction started
[2025-11-15 15:45:15] User verified: Juan Dela Cruz
[2025-11-15 15:45:15] Book verified: Harry Potter and the Sorcerer's Stone
[2025-11-15 15:45:15] Attempting to insert quiz attempt...
[2025-11-15 15:45:15] Quiz attempt inserted successfully! Attempt ID: 1
[2025-11-15 15:45:15] System log created
[2025-11-15 15:45:15] Is re-attempt: YES (Previous attempts: 1)
[2025-11-15 15:45:15] Books completed count (any attempt): 1
[2025-11-15 15:45:15] Average score: 60%
[2025-11-15 15:45:15] Processing rewards based on 1 books completed...
[2025-11-15 15:45:15] Checking reward: Pen Reward (requires 10 books)
[2025-11-15 15:45:15] Not enough books for reward: Pen Reward
[2025-11-15 15:45:15] Checking reward: Notebook Reward (requires 25 books)
[2025-11-15 15:45:15] Not enough books for reward: Notebook Reward
[2025-11-15 15:45:15] Checking reward: Drawing Materials (requires 50 books)
[2025-11-15 15:45:15] Not enough books for reward: Drawing Materials
[2025-11-15 15:45:15] Checking reward: School Supplies Bundle (requires 100 books)
[2025-11-15 15:45:15] Not enough books for reward: School Supplies Bundle
[2025-11-15 15:45:15] Total rewards earned: 0
[2025-11-15 15:45:15] ✅ Transaction committed successfully
[2025-11-15 15:45:15] Response data: Array
(
    [attempt_id] => 1
    [books_completed] => 1
    [average_score] => 60
    [rewards_earned] => 0
    [new_rewards] => Array
        (
        )

    [all_rewards] => Array
        (
        )

    [user_name] => Juan Dela Cruz
    [book_title] => Harry Potter and the Sorcerer's Stone
    [passed] => 
    [is_reattempt] => 1
)

[2025-11-15 15:45:15] === Quiz Save Successful ===
[2025-11-15 15:49:03] === Quiz Save Request Started ===
[2025-11-15 15:49:03] User logged in: 1
[2025-11-15 15:49:03] Raw JSON: {"user_id":1,"book_id":11,"total_questions":5,"correct_answers":5,"score_percentage":100,"time_taken":12,"responses":[{"question_id":51,"user_answer":"B","is_correct":true},{"question_id":52,"user_answer":"B","is_correct":true},{"question_id":53,"user_answer":"B","is_correct":true},{"question_id":54,"user_answer":"B","is_correct":true},{"question_id":55,"user_answer":"B","is_correct":true}]}
[2025-11-15 15:49:03] Quiz Data: Array
(
    [user_id] => 1
    [book_id] => 11
    [total_questions] => 5
    [correct_answers] => 5
    [score_percentage] => 100
    [time_taken] => 12
    [responses] => Array
        (
            [0] => Array
                (
                    [question_id] => 51
                    [user_answer] => B
                    [is_correct] => 1
                )

            [1] => Array
                (
                    [question_id] => 52
                    [user_answer] => B
                    [is_correct] => 1
                )

            [2] => Array
                (
                    [question_id] => 53
                    [user_answer] => B
                    [is_correct] => 1
                )

            [3] => Array
                (
                    [question_id] => 54
                    [user_answer] => B
                    [is_correct] => 1
                )

            [4] => Array
                (
                    [question_id] => 55
                    [user_answer] => B
                    [is_correct] => 1
                )

        )

)

[2025-11-15 15:49:03] Extracted data - User: 1, Book: 11, Score: 5/5 (100%)
[2025-11-15 15:49:03] Starting database operations...
[2025-11-15 15:49:03] Transaction started
[2025-11-15 15:49:03] User verified: Juan Dela Cruz
[2025-11-15 15:49:03] Book verified: ads
[2025-11-15 15:49:03] Attempting to insert quiz attempt...
[2025-11-15 15:49:03] Quiz attempt inserted successfully! Attempt ID: 2
[2025-11-15 15:49:03] System log created
[2025-11-15 15:49:03] Is re-attempt: YES (Previous attempts: 1)
[2025-11-15 15:49:03] Books completed count (any attempt): 2
[2025-11-15 15:49:03] Average score: 80%
[2025-11-15 15:49:03] Processing rewards based on 2 books completed...
[2025-11-15 15:49:03] Checking reward: Pen Reward (requires 10 books)
[2025-11-15 15:49:03] Not enough books for reward: Pen Reward
[2025-11-15 15:49:03] Checking reward: Notebook Reward (requires 25 books)
[2025-11-15 15:49:03] Not enough books for reward: Notebook Reward
[2025-11-15 15:49:03] Checking reward: Drawing Materials (requires 50 books)
[2025-11-15 15:49:03] Not enough books for reward: Drawing Materials
[2025-11-15 15:49:03] Checking reward: School Supplies Bundle (requires 100 books)
[2025-11-15 15:49:03] Not enough books for reward: School Supplies Bundle
[2025-11-15 15:49:03] Total rewards earned: 0
[2025-11-15 15:49:03] ✅ Transaction committed successfully
[2025-11-15 15:49:03] Response data: Array
(
    [attempt_id] => 2
    [books_completed] => 2
    [average_score] => 80
    [rewards_earned] => 0
    [new_rewards] => Array
        (
        )

    [all_rewards] => Array
        (
        )

    [user_name] => Juan Dela Cruz
    [book_title] => ads
    [passed] => 1
    [is_reattempt] => 1
)

[2025-11-15 15:49:03] === Quiz Save Successful ===
[2025-11-15 16:48:06] === Quiz Save Request Started ===
[2025-11-15 16:48:06] User logged in: 1
[2025-11-15 16:48:06] Raw JSON: {"user_id":1,"book_id":11,"total_questions":10,"correct_answers":6,"score_percentage":60,"time_taken":141,"responses":[{"question_id":51,"user_answer":"B","is_correct":true},{"question_id":52,"user_answer":"C","is_correct":false},{"question_id":53,"user_answer":"A","is_correct":false},{"question_id":54,"user_answer":"B","is_correct":true},{"question_id":55,"user_answer":"B","is_correct":true},{"question_id":56,"user_answer":"B","is_correct":true},{"question_id":57,"user_answer":"D","is_correct":false},{"question_id":58,"user_answer":"A","is_correct":false},{"question_id":59,"user_answer":"B","is_correct":true},{"question_id":60,"user_answer":"B","is_correct":true}]}
[2025-11-15 16:48:06] Quiz Data: Array
(
    [user_id] => 1
    [book_id] => 11
    [total_questions] => 10
    [correct_answers] => 6
    [score_percentage] => 60
    [time_taken] => 141
    [responses] => Array
        (
            [0] => Array
                (
                    [question_id] => 51
                    [user_answer] => B
                    [is_correct] => 1
                )

            [1] => Array
                (
                    [question_id] => 52
                    [user_answer] => C
                    [is_correct] => 
                )

            [2] => Array
                (
                    [question_id] => 53
                    [user_answer] => A
                    [is_correct] => 
                )

            [3] => Array
                (
                    [question_id] => 54
                    [user_answer] => B
                    [is_correct] => 1
                )

            [4] => Array
                (
                    [question_id] => 55
                    [user_answer] => B
                    [is_correct] => 1
                )

            [5] => Array
                (
                    [question_id] => 56
                    [user_answer] => B
                    [is_correct] => 1
                )

            [6] => Array
                (
                    [question_id] => 57
                    [user_answer] => D
                    [is_correct] => 
                )

            [7] => Array
                (
                    [question_id] => 58
                    [user_answer] => A
                    [is_correct] => 
                )

            [8] => Array
                (
                    [question_id] => 59
                    [user_answer] => B
                    [is_correct] => 1
                )

            [9] => Array
                (
                    [question_id] => 60
                    [user_answer] => B
                    [is_correct] => 1
                )

        )

)

[2025-11-15 16:48:06] Extracted data - User: 1, Book: 11, Score: 6/10 (60%)
[2025-11-15 16:48:06] Starting database operations...
[2025-11-15 16:48:06] Transaction started
[2025-11-15 16:48:06] User verified: Juan Dela Cruz
[2025-11-15 16:48:06] Book verified: ads
[2025-11-15 16:48:06] Attempting to insert quiz attempt...
[2025-11-15 16:48:06] Quiz attempt inserted successfully! Attempt ID: 3
[2025-11-15 16:48:06] System log created
[2025-11-15 16:48:06] Is re-attempt: YES (Previous attempts: 2)
[2025-11-15 16:48:06] Books completed count (any attempt): 2
[2025-11-15 16:48:06] Average score: 73.3%
[2025-11-15 16:48:06] Processing rewards based on 2 books completed...
[2025-11-15 16:48:06] Checking reward: Pen Reward (requires 10 books)
[2025-11-15 16:48:06] Not enough books for reward: Pen Reward
[2025-11-15 16:48:06] Checking reward: Notebook Reward (requires 25 books)
[2025-11-15 16:48:06] Not enough books for reward: Notebook Reward
[2025-11-15 16:48:06] Checking reward: Drawing Materials (requires 50 books)
[2025-11-15 16:48:06] Not enough books for reward: Drawing Materials
[2025-11-15 16:48:06] Checking reward: School Supplies Bundle (requires 100 books)
[2025-11-15 16:48:06] Not enough books for reward: School Supplies Bundle
[2025-11-15 16:48:06] Total rewards earned: 0
[2025-11-15 16:48:06] ✅ Transaction committed successfully
[2025-11-15 16:48:06] Response data: Array
(
    [attempt_id] => 3
    [books_completed] => 2
    [average_score] => 73.3
    [rewards_earned] => 0
    [new_rewards] => Array
        (
        )

    [all_rewards] => Array
        (
        )

    [user_name] => Juan Dela Cruz
    [book_title] => ads
    [passed] => 
    [is_reattempt] => 1
)

[2025-11-15 16:48:06] === Quiz Save Successful ===
[2025-11-22 13:20:52] === Quiz Save Request Started ===
[2025-11-22 13:20:52] User logged in: 1
[2025-11-22 13:20:52] Raw JSON: {"user_id":1,"book_id":3,"total_questions":5,"correct_answers":2,"score_percentage":40,"time_taken":11,"responses":[{"question_id":11,"user_answer":"B","is_correct":false},{"question_id":12,"user_answer":"C","is_correct":false},{"question_id":13,"user_answer":"C","is_correct":false},{"question_id":14,"user_answer":"C","is_correct":true},{"question_id":15,"user_answer":"B","is_correct":true}]}
[2025-11-22 13:20:52] Quiz Data: Array
(
    [user_id] => 1
    [book_id] => 3
    [total_questions] => 5
    [correct_answers] => 2
    [score_percentage] => 40
    [time_taken] => 11
    [responses] => Array
        (
            [0] => Array
                (
                    [question_id] => 11
                    [user_answer] => B
                    [is_correct] => 
                )

            [1] => Array
                (
                    [question_id] => 12
                    [user_answer] => C
                    [is_correct] => 
                )

            [2] => Array
                (
                    [question_id] => 13
                    [user_answer] => C
                    [is_correct] => 
                )

            [3] => Array
                (
                    [question_id] => 14
                    [user_answer] => C
                    [is_correct] => 1
                )

            [4] => Array
                (
                    [question_id] => 15
                    [user_answer] => B
                    [is_correct] => 1
                )

        )

)

[2025-11-22 13:20:52] Extracted data - User: 1, Book: 3, Score: 2/5 (40%)
[2025-11-22 13:20:52] Starting database operations...
[2025-11-22 13:20:52] Transaction started
[2025-11-22 13:20:52] User verified: Juan Dela Cruz
[2025-11-22 13:20:52] Book verified: Where the Red Fern Grows
[2025-11-22 13:20:52] Attempting to insert quiz attempt...
[2025-11-22 13:20:52] Quiz attempt inserted successfully! Attempt ID: 23
[2025-11-22 13:20:52] System log created
[2025-11-22 13:20:52] Is re-attempt: YES (Previous attempts: 2)
[2025-11-22 13:20:52] Books completed count (any attempt): 10
[2025-11-22 13:20:52] Average score: 36.2%
[2025-11-22 13:20:52] Processing rewards based on 10 books completed...
[2025-11-22 13:20:52] Checking reward: Pen Reward (requires 10 books)
[2025-11-22 13:20:52] User already has reward: Pen Reward
[2025-11-22 13:20:52] Checking reward: Notebook Reward (requires 25 books)
[2025-11-22 13:20:52] Not enough books for reward: Notebook Reward
[2025-11-22 13:20:52] Checking reward: Drawing Materials (requires 50 books)
[2025-11-22 13:20:52] Not enough books for reward: Drawing Materials
[2025-11-22 13:20:52] Checking reward: School Supplies Bundle (requires 100 books)
[2025-11-22 13:20:52] Not enough books for reward: School Supplies Bundle
[2025-11-22 13:20:52] Total rewards earned: 1
[2025-11-22 13:20:52] ✅ Transaction committed successfully
[2025-11-22 13:20:52] Response data: Array
(
    [attempt_id] => 23
    [books_completed] => 10
    [average_score] => 36.2
    [rewards_earned] => 1
    [new_rewards] => Array
        (
        )

    [all_rewards] => Array
        (
            [0] => Pen Reward
        )

    [user_name] => Juan Dela Cruz
    [book_title] => Where the Red Fern Grows
    [passed] => 
    [is_reattempt] => 1
)

[2025-11-22 13:20:52] === Quiz Save Successful ===
[2025-11-22 13:27:14] === Quiz Save Request Started ===
[2025-11-22 13:27:14] User logged in: 1
[2025-11-22 13:27:14] Raw JSON: {"user_id":1,"book_id":5,"total_questions":5,"correct_answers":1,"score_percentage":20,"time_taken":14,"responses":[{"question_id":21,"user_answer":"C","is_correct":true},{"question_id":22,"user_answer":"C","is_correct":false},{"question_id":23,"user_answer":"C","is_correct":false},{"question_id":24,"user_answer":"D","is_correct":false},{"question_id":25,"user_answer":"C","is_correct":false}]}
[2025-11-22 13:27:14] Quiz Data: Array
(
    [user_id] => 1
    [book_id] => 5
    [total_questions] => 5
    [correct_answers] => 1
    [score_percentage] => 20
    [time_taken] => 14
    [responses] => Array
        (
            [0] => Array
                (
                    [question_id] => 21
                    [user_answer] => C
                    [is_correct] => 1
                )

            [1] => Array
                (
                    [question_id] => 22
                    [user_answer] => C
                    [is_correct] => 
                )

            [2] => Array
                (
                    [question_id] => 23
                    [user_answer] => C
                    [is_correct] => 
                )

            [3] => Array
                (
                    [question_id] => 24
                    [user_answer] => D
                    [is_correct] => 
                )

            [4] => Array
                (
                    [question_id] => 25
                    [user_answer] => C
                    [is_correct] => 
                )

        )

)

[2025-11-22 13:27:14] Extracted data - User: 1, Book: 5, Score: 1/5 (20%)
[2025-11-22 13:27:14] Starting database operations...
[2025-11-22 13:27:14] Transaction started
[2025-11-22 13:27:14] User verified: Juan Dela Cruz
[2025-11-22 13:27:14] Book verified: Bridge to Terabithia
[2025-11-22 13:27:14] Attempting to insert quiz attempt...
[2025-11-22 13:27:14] Quiz attempt inserted successfully! Attempt ID: 24
[2025-11-22 13:27:14] System log created
[2025-11-22 13:27:14] Is re-attempt: YES (Previous attempts: 2)
[2025-11-22 13:27:14] Books completed count (any attempt): 10
[2025-11-22 13:27:14] Average score: 35.5%
[2025-11-22 13:27:14] Processing rewards based on 10 books completed...
[2025-11-22 13:27:14] Checking reward: Pen Reward (requires 10 books)
[2025-11-22 13:27:14] User already has reward: Pen Reward
[2025-11-22 13:27:14] Checking reward: Notebook Reward (requires 25 books)
[2025-11-22 13:27:14] Not enough books for reward: Notebook Reward
[2025-11-22 13:27:14] Checking reward: Drawing Materials (requires 50 books)
[2025-11-22 13:27:14] Not enough books for reward: Drawing Materials
[2025-11-22 13:27:14] Checking reward: School Supplies Bundle (requires 100 books)
[2025-11-22 13:27:14] Not enough books for reward: School Supplies Bundle
[2025-11-22 13:27:14] Total rewards earned: 1
[2025-11-22 13:27:14] ✅ Transaction committed successfully
[2025-11-22 13:27:14] Response data: Array
(
    [attempt_id] => 24
    [books_completed] => 10
    [average_score] => 35.5
    [rewards_earned] => 1
    [new_rewards] => Array
        (
        )

    [all_rewards] => Array
        (
            [0] => Pen Reward
        )

    [user_name] => Juan Dela Cruz
    [book_title] => Bridge to Terabithia
    [passed] => 
    [is_reattempt] => 1
)

[2025-11-22 13:27:14] === Quiz Save Successful ===
[2025-11-22 14:20:44] === Quiz Save Request Started ===
[2025-11-22 14:20:44] User logged in: 1
[2025-11-22 14:20:44] Raw JSON: {"user_id":1,"book_id":1,"total_questions":5,"correct_answers":5,"score_percentage":100,"time_taken":142,"responses":[{"question_id":1,"user_answer":"A","is_correct":true},{"question_id":2,"user_answer":"B","is_correct":true},{"question_id":3,"user_answer":"C","is_correct":true},{"question_id":4,"user_answer":"B","is_correct":true},{"question_id":5,"user_answer":"C","is_correct":true}]}
[2025-11-22 14:20:44] Quiz Data: Array
(
    [user_id] => 1
    [book_id] => 1
    [total_questions] => 5
    [correct_answers] => 5
    [score_percentage] => 100
    [time_taken] => 142
    [responses] => Array
        (
            [0] => Array
                (
                    [question_id] => 1
                    [user_answer] => A
                    [is_correct] => 1
                )

            [1] => Array
                (
                    [question_id] => 2
                    [user_answer] => B
                    [is_correct] => 1
                )

            [2] => Array
                (
                    [question_id] => 3
                    [user_answer] => C
                    [is_correct] => 1
                )

            [3] => Array
                (
                    [question_id] => 4
                    [user_answer] => B
                    [is_correct] => 1
                )

            [4] => Array
                (
                    [question_id] => 5
                    [user_answer] => C
                    [is_correct] => 1
                )

        )

)

[2025-11-22 14:20:44] Extracted data - User: 1, Book: 1, Score: 5/5 (100%)
[2025-11-22 14:20:44] Starting database operations...
[2025-11-22 14:20:44] Transaction started
[2025-11-22 14:20:44] User verified: Juan Dela Cruz
[2025-11-22 14:20:44] Book verified: The Adventures of Tom Sawyer
[2025-11-22 14:20:44] Attempting to insert quiz attempt...
[2025-11-22 14:20:44] Quiz attempt inserted successfully! Attempt ID: 25
[2025-11-22 14:20:44] System log created
[2025-11-22 14:20:44] Is re-attempt: YES (Previous attempts: 7)
[2025-11-22 14:20:44] Books completed count (any attempt): 10
[2025-11-22 14:20:44] Average score: 38.3%
[2025-11-22 14:20:44] Processing rewards based on 10 books completed...
[2025-11-22 14:20:44] Checking reward: Pen Reward (requires 10 books)
[2025-11-22 14:20:44] User already has reward: Pen Reward
[2025-11-22 14:20:44] Checking reward: Notebook Reward (requires 25 books)
[2025-11-22 14:20:44] Not enough books for reward: Notebook Reward
[2025-11-22 14:20:44] Checking reward: Drawing Materials (requires 50 books)
[2025-11-22 14:20:44] Not enough books for reward: Drawing Materials
[2025-11-22 14:20:44] Checking reward: School Supplies Bundle (requires 100 books)
[2025-11-22 14:20:44] Not enough books for reward: School Supplies Bundle
[2025-11-22 14:20:44] Total rewards earned: 1
[2025-11-22 14:20:44] ✅ Transaction committed successfully
[2025-11-22 14:20:44] Response data: Array
(
    [attempt_id] => 25
    [books_completed] => 10
    [average_score] => 38.3
    [rewards_earned] => 1
    [new_rewards] => Array
        (
        )

    [all_rewards] => Array
        (
            [0] => Pen Reward
        )

    [user_name] => Juan Dela Cruz
    [book_title] => The Adventures of Tom Sawyer
    [passed] => 1
    [is_reattempt] => 1
)

[2025-11-22 14:20:44] === Quiz Save Successful ===
[2025-11-22 14:22:51] === Quiz Save Request Started ===
[2025-11-22 14:22:51] User logged in: 9
[2025-11-22 14:22:51] Raw JSON: {"user_id":9,"book_id":1,"total_questions":5,"correct_answers":4,"score_percentage":80,"time_taken":19,"responses":[{"question_id":1,"user_answer":"A","is_correct":true},{"question_id":2,"user_answer":"B","is_correct":true},{"question_id":3,"user_answer":"C","is_correct":true},{"question_id":4,"user_answer":"B","is_correct":true},{"question_id":5,"user_answer":"D","is_correct":false}]}
[2025-11-22 14:22:51] Quiz Data: Array
(
    [user_id] => 9
    [book_id] => 1
    [total_questions] => 5
    [correct_answers] => 4
    [score_percentage] => 80
    [time_taken] => 19
    [responses] => Array
        (
            [0] => Array
                (
                    [question_id] => 1
                    [user_answer] => A
                    [is_correct] => 1
                )

            [1] => Array
                (
                    [question_id] => 2
                    [user_answer] => B
                    [is_correct] => 1
                )

            [2] => Array
                (
                    [question_id] => 3
                    [user_answer] => C
                    [is_correct] => 1
                )

            [3] => Array
                (
                    [question_id] => 4
                    [user_answer] => B
                    [is_correct] => 1
                )

            [4] => Array
                (
                    [question_id] => 5
                    [user_answer] => D
                    [is_correct] => 
                )

        )

)

[2025-11-22 14:22:51] Extracted data - User: 9, Book: 1, Score: 4/5 (80%)
[2025-11-22 14:22:51] Starting database operations...
[2025-11-22 14:22:51] Transaction started
[2025-11-22 14:22:51] User verified: Henry Doe
[2025-11-22 14:22:51] Book verified: The Adventures of Tom Sawyer
[2025-11-22 14:22:51] Attempting to insert quiz attempt...
[2025-11-22 14:22:51] Quiz attempt inserted successfully! Attempt ID: 26
[2025-11-22 14:22:51] System log created
[2025-11-22 14:22:51] Is re-attempt: YES (Previous attempts: 1)
[2025-11-22 14:22:51] Books completed count (any attempt): 1
[2025-11-22 14:22:51] Average score: 80%
[2025-11-22 14:22:51] Processing rewards based on 1 books completed...
[2025-11-22 14:22:51] Checking reward: Pen Reward (requires 10 books)
[2025-11-22 14:22:51] Not enough books for reward: Pen Reward
[2025-11-22 14:22:51] Checking reward: Notebook Reward (requires 25 books)
[2025-11-22 14:22:51] Not enough books for reward: Notebook Reward
[2025-11-22 14:22:51] Checking reward: Drawing Materials (requires 50 books)
[2025-11-22 14:22:51] Not enough books for reward: Drawing Materials
[2025-11-22 14:22:51] Checking reward: School Supplies Bundle (requires 100 books)
[2025-11-22 14:22:51] Not enough books for reward: School Supplies Bundle
[2025-11-22 14:22:51] Total rewards earned: 0
[2025-11-22 14:22:51] ✅ Transaction committed successfully
[2025-11-22 14:22:51] Response data: Array
(
    [attempt_id] => 26
    [books_completed] => 1
    [average_score] => 80
    [rewards_earned] => 0
    [new_rewards] => Array
        (
        )

    [all_rewards] => Array
        (
        )

    [user_name] => Henry Doe
    [book_title] => The Adventures of Tom Sawyer
    [passed] => 1
    [is_reattempt] => 1
)

[2025-11-22 14:22:51] === Quiz Save Successful ===
[2025-11-22 15:47:59] === Quiz Save Request Started ===
[2025-11-22 15:47:59] User logged in: 1
[2025-11-22 15:47:59] Raw JSON: {"user_id":1,"book_id":5,"total_questions":5,"correct_answers":2,"score_percentage":40,"time_taken":13,"responses":[{"question_id":21,"user_answer":"B","is_correct":false},{"question_id":22,"user_answer":"B","is_correct":true},{"question_id":23,"user_answer":"A","is_correct":false},{"question_id":24,"user_answer":"B","is_correct":true},{"question_id":25,"user_answer":"C","is_correct":false}]}
[2025-11-22 15:47:59] Quiz Data: Array
(
    [user_id] => 1
    [book_id] => 5
    [total_questions] => 5
    [correct_answers] => 2
    [score_percentage] => 40
    [time_taken] => 13
    [responses] => Array
        (
            [0] => Array
                (
                    [question_id] => 21
                    [user_answer] => B
                    [is_correct] => 
                )

            [1] => Array
                (
                    [question_id] => 22
                    [user_answer] => B
                    [is_correct] => 1
                )

            [2] => Array
                (
                    [question_id] => 23
                    [user_answer] => A
                    [is_correct] => 
                )

            [3] => Array
                (
                    [question_id] => 24
                    [user_answer] => B
                    [is_correct] => 1
                )

            [4] => Array
                (
                    [question_id] => 25
                    [user_answer] => C
                    [is_correct] => 
                )

        )

)

[2025-11-22 15:47:59] Extracted data - User: 1, Book: 5, Score: 2/5 (40%)
[2025-11-22 15:47:59] Starting database operations...
[2025-11-22 15:47:59] Transaction started
[2025-11-22 15:47:59] User verified: Juan Dela Cruz
[2025-11-22 15:47:59] Book verified: Bridge to Terabithia
[2025-11-22 15:47:59] Attempting to insert quiz attempt...
[2025-11-22 15:47:59] Quiz attempt inserted successfully! Attempt ID: 27
[2025-11-22 15:47:59] System log created
[2025-11-22 15:47:59] Is re-attempt: YES (Previous attempts: 3)
[2025-11-22 15:47:59] Books completed count (any attempt): 10
[2025-11-22 15:47:59] Average score: 38.3%
[2025-11-22 15:47:59] Processing rewards based on 10 books completed...
[2025-11-22 15:47:59] Checking reward: Pen Reward (requires 10 books)
[2025-11-22 15:47:59] User already has reward: Pen Reward
[2025-11-22 15:47:59] Checking reward: Notebook Reward (requires 25 books)
[2025-11-22 15:47:59] Not enough books for reward: Notebook Reward
[2025-11-22 15:47:59] Checking reward: Drawing Materials (requires 50 books)
[2025-11-22 15:47:59] Not enough books for reward: Drawing Materials
[2025-11-22 15:47:59] Checking reward: School Supplies Bundle (requires 100 books)
[2025-11-22 15:47:59] Not enough books for reward: School Supplies Bundle
[2025-11-22 15:47:59] Total rewards earned: 1
[2025-11-22 15:47:59] ✅ Transaction committed successfully
[2025-11-22 15:47:59] Response data: Array
(
    [attempt_id] => 27
    [books_completed] => 10
    [average_score] => 38.3
    [rewards_earned] => 1
    [new_rewards] => Array
        (
        )

    [all_rewards] => Array
        (
            [0] => Pen Reward
        )

    [user_name] => Juan Dela Cruz
    [book_title] => Bridge to Terabithia
    [passed] => 
    [is_reattempt] => 1
)

[2025-11-22 15:47:59] === Quiz Save Successful ===
[2025-11-23 15:28:08] === Quiz Save Request Started ===
[2025-11-23 15:28:08] User logged in: 1
[2025-11-23 15:28:08] Raw JSON: {"user_id":1,"book_id":1,"total_questions":5,"correct_answers":2,"score_percentage":40,"time_taken":54,"responses":[{"question_id":1,"user_answer":"C","is_correct":false},{"question_id":2,"user_answer":"B","is_correct":true},{"question_id":3,"user_answer":"C","is_correct":true},{"question_id":4,"user_answer":"N/A","is_correct":false},{"question_id":5,"user_answer":"N/A","is_correct":false}]}
[2025-11-23 15:28:08] Quiz Data: Array
(
    [user_id] => 1
    [book_id] => 1
    [total_questions] => 5
    [correct_answers] => 2
    [score_percentage] => 40
    [time_taken] => 54
    [responses] => Array
        (
            [0] => Array
                (
                    [question_id] => 1
                    [user_answer] => C
                    [is_correct] => 
                )

            [1] => Array
                (
                    [question_id] => 2
                    [user_answer] => B
                    [is_correct] => 1
                )

            [2] => Array
                (
                    [question_id] => 3
                    [user_answer] => C
                    [is_correct] => 1
                )

            [3] => Array
                (
                    [question_id] => 4
                    [user_answer] => N/A
                    [is_correct] => 
                )

            [4] => Array
                (
                    [question_id] => 5
                    [user_answer] => N/A
                    [is_correct] => 
                )

        )

)

[2025-11-23 15:28:08] Extracted data - User: 1, Book: 1, Score: 2/5 (40%)
[2025-11-23 15:28:08] Starting database operations...
[2025-11-23 15:28:08] Transaction started
[2025-11-23 15:28:08] User verified: Juan Dela Cruz
[2025-11-23 15:28:08] Book verified: The Adventures of Tom Sawyer
[2025-11-23 15:28:08] Attempting to insert quiz attempt...
[2025-11-23 15:28:08] Quiz attempt inserted successfully! Attempt ID: 1
[2025-11-23 15:28:08] System log created
[2025-11-23 15:28:08] Is re-attempt: YES (Previous attempts: 1)
[2025-11-23 15:28:08] Books completed count (any attempt): 1
[2025-11-23 15:28:08] Average score: 40%
[2025-11-23 15:28:08] Processing rewards based on 1 books completed...
[2025-11-23 15:28:08] Checking reward: Pen Reward (requires 10 books)
[2025-11-23 15:28:08] Not enough books for reward: Pen Reward
[2025-11-23 15:28:08] Checking reward: Notebook Reward (requires 25 books)
[2025-11-23 15:28:08] Not enough books for reward: Notebook Reward
[2025-11-23 15:28:08] Checking reward: Drawing Materials (requires 50 books)
[2025-11-23 15:28:08] Not enough books for reward: Drawing Materials
[2025-11-23 15:28:08] Checking reward: School Supplies Bundle (requires 100 books)
[2025-11-23 15:28:08] Not enough books for reward: School Supplies Bundle
[2025-11-23 15:28:08] Total rewards earned: 0
[2025-11-23 15:28:08] ✅ Transaction committed successfully
[2025-11-23 15:28:08] Response data: Array
(
    [attempt_id] => 1
    [books_completed] => 1
    [average_score] => 40
    [rewards_earned] => 0
    [new_rewards] => Array
        (
        )

    [all_rewards] => Array
        (
        )

    [user_name] => Juan Dela Cruz
    [book_title] => The Adventures of Tom Sawyer
    [passed] => 
    [is_reattempt] => 1
)

[2025-11-23 15:28:08] === Quiz Save Successful ===
[2025-11-25 18:48:24] === Quiz Save Request Started ===
[2025-11-25 18:48:24] User logged in: 1
[2025-11-25 18:48:24] Raw JSON: {"user_id":1,"book_id":3,"total_questions":5,"correct_answers":3,"score_percentage":60,"time_taken":13,"responses":[{"question_id":11,"user_answer":"A","is_correct":true},{"question_id":12,"user_answer":"B","is_correct":true},{"question_id":13,"user_answer":"B","is_correct":true},{"question_id":14,"user_answer":"B","is_correct":false},{"question_id":15,"user_answer":"A","is_correct":false}]}
[2025-11-25 18:48:24] Quiz Data: Array
(
    [user_id] => 1
    [book_id] => 3
    [total_questions] => 5
    [correct_answers] => 3
    [score_percentage] => 60
    [time_taken] => 13
    [responses] => Array
        (
            [0] => Array
                (
                    [question_id] => 11
                    [user_answer] => A
                    [is_correct] => 1
                )

            [1] => Array
                (
                    [question_id] => 12
                    [user_answer] => B
                    [is_correct] => 1
                )

            [2] => Array
                (
                    [question_id] => 13
                    [user_answer] => B
                    [is_correct] => 1
                )

            [3] => Array
                (
                    [question_id] => 14
                    [user_answer] => B
                    [is_correct] => 
                )

            [4] => Array
                (
                    [question_id] => 15
                    [user_answer] => A
                    [is_correct] => 
                )

        )

)

[2025-11-25 18:48:24] Extracted data - User: 1, Book: 3, Score: 3/5 (60%)
[2025-11-25 18:48:24] Starting database operations...
[2025-11-25 18:48:24] Transaction started
[2025-11-25 18:48:24] User verified: Juan Dela Cruz
[2025-11-25 18:48:24] Book verified: Where the Red Fern Grows
[2025-11-25 18:48:24] Attempting to insert quiz attempt...
[2025-11-25 18:48:24] Quiz attempt inserted successfully! Attempt ID: 2
[2025-11-25 18:48:24] System log created
[2025-11-25 18:48:24] Is re-attempt: YES (Previous attempts: 1)
[2025-11-25 18:48:24] Books completed count (any attempt): 2
[2025-11-25 18:48:24] Average score: 50%
[2025-11-25 18:48:24] Processing rewards based on 2 books completed...
[2025-11-25 18:48:24] Checking reward: Pen Reward (requires 10 books)
[2025-11-25 18:48:24] Not enough books for reward: Pen Reward
[2025-11-25 18:48:24] Checking reward: Notebook Reward (requires 25 books)
[2025-11-25 18:48:24] Not enough books for reward: Notebook Reward
[2025-11-25 18:48:24] Checking reward: Drawing Materials (requires 50 books)
[2025-11-25 18:48:24] Not enough books for reward: Drawing Materials
[2025-11-25 18:48:24] Checking reward: School Supplies Bundle (requires 100 books)
[2025-11-25 18:48:24] Not enough books for reward: School Supplies Bundle
[2025-11-25 18:48:24] Total rewards earned: 0
[2025-11-25 18:48:24] ✅ Transaction committed successfully
[2025-11-25 18:48:24] Response data: Array
(
    [attempt_id] => 2
    [books_completed] => 2
    [average_score] => 50
    [rewards_earned] => 0
    [new_rewards] => Array
        (
        )

    [all_rewards] => Array
        (
        )

    [user_name] => Juan Dela Cruz
    [book_title] => Where the Red Fern Grows
    [passed] => 
    [is_reattempt] => 1
)

[2025-11-25 18:48:24] === Quiz Save Successful ===
[2025-11-30 03:45:09] === Quiz Save Request Started ===
[2025-11-30 03:45:09] User logged in: 1
[2025-11-30 03:45:09] Raw JSON: {"user_id":1,"book_id":3,"total_questions":5,"correct_answers":0,"score_percentage":0,"time_taken":13,"responses":[{"question_id":11,"user_answer":"N/A","is_correct":false},{"question_id":12,"user_answer":"N/A","is_correct":false},{"question_id":13,"user_answer":"N/A","is_correct":false},{"question_id":15,"user_answer":"N/A","is_correct":false},{"question_id":14,"user_answer":"N/A","is_correct":false}],"tab_switch_count":0,"tab_switch_flagged":false,"tab_switch_log":[]}
[2025-11-30 03:45:09] Quiz Data: Array
(
    [user_id] => 1
    [book_id] => 3
    [total_questions] => 5
    [correct_answers] => 0
    [score_percentage] => 0
    [time_taken] => 13
    [responses] => Array
        (
            [0] => Array
                (
                    [question_id] => 11
                    [user_answer] => N/A
                    [is_correct] => 
                )

            [1] => Array
                (
                    [question_id] => 12
                    [user_answer] => N/A
                    [is_correct] => 
                )

            [2] => Array
                (
                    [question_id] => 13
                    [user_answer] => N/A
                    [is_correct] => 
                )

            [3] => Array
                (
                    [question_id] => 15
                    [user_answer] => N/A
                    [is_correct] => 
                )

            [4] => Array
                (
                    [question_id] => 14
                    [user_answer] => N/A
                    [is_correct] => 
                )

        )

    [tab_switch_count] => 0
    [tab_switch_flagged] => 
    [tab_switch_log] => Array
        (
        )

)

[2025-11-30 03:45:09] Extracted data - User: 1, Book: 3, Score: 0/5 (0%)
[2025-11-30 03:45:09] Starting database operations...
[2025-11-30 03:45:09] Transaction started
[2025-11-30 03:45:09] User verified: Juan Dela Cruz
[2025-11-30 03:45:09] Book verified: Where the Red Fern Grows
[2025-11-30 03:45:09] EXCEPTION: Unknown column 'time_taken_seconds' in 'field list'
[2025-11-30 03:45:13] === Quiz Save Request Started ===
[2025-11-30 03:45:13] ERROR: User not logged in
[2025-11-30 03:45:16] === Quiz Save Request Started ===
[2025-11-30 03:45:16] ERROR: User not logged in
[2025-11-30 03:45:28] === Quiz Save Request Started ===
[2025-11-30 03:45:28] ERROR: User not logged in
[2025-11-30 03:45:30] === Quiz Save Request Started ===
[2025-11-30 03:45:30] ERROR: User not logged in
[2025-11-30 03:47:25] === Quiz Save Request Started ===
[2025-11-30 03:47:25] User logged in: 1
[2025-11-30 03:47:25] Raw JSON: {"user_id":1,"book_id":3,"total_questions":5,"correct_answers":1,"score_percentage":20,"time_taken":5,"responses":[{"question_id":15,"user_answer":"A","is_correct":false},{"question_id":13,"user_answer":"B","is_correct":true},{"question_id":12,"user_answer":"C","is_correct":false},{"question_id":14,"user_answer":"D","is_correct":false},{"question_id":11,"user_answer":"D","is_correct":false}],"tab_switch_count":0,"tab_switch_flagged":false,"tab_switch_log":[]}
[2025-11-30 03:47:25] Quiz Data: Array
(
    [user_id] => 1
    [book_id] => 3
    [total_questions] => 5
    [correct_answers] => 1
    [score_percentage] => 20
    [time_taken] => 5
    [responses] => Array
        (
            [0] => Array
                (
                    [question_id] => 15
                    [user_answer] => A
                    [is_correct] => 
                )

            [1] => Array
                (
                    [question_id] => 13
                    [user_answer] => B
                    [is_correct] => 1
                )

            [2] => Array
                (
                    [question_id] => 12
                    [user_answer] => C
                    [is_correct] => 
                )

            [3] => Array
                (
                    [question_id] => 14
                    [user_answer] => D
                    [is_correct] => 
                )

            [4] => Array
                (
                    [question_id] => 11
                    [user_answer] => D
                    [is_correct] => 
                )

        )

    [tab_switch_count] => 0
    [tab_switch_flagged] => 
    [tab_switch_log] => Array
        (
        )

)

[2025-11-30 03:47:25] Extracted data - User: 1, Book: 3, Score: 1/5 (20%)
[2025-11-30 03:47:25] Starting database operations...
[2025-11-30 03:47:25] Transaction started
[2025-11-30 03:47:25] User verified: Juan Dela Cruz
[2025-11-30 03:47:25] Book verified: Where the Red Fern Grows
[2025-11-30 03:47:25] EXCEPTION: Unknown column 'time_taken_seconds' in 'field list'
[2025-11-30 03:47:55] === Quiz Save Request Started ===
[2025-11-30 03:47:55] ERROR: User not logged in
[2025-11-30 03:52:48] === Quiz Save Request Started ===
[2025-11-30 03:52:48] User logged in: 1
[2025-11-30 03:52:48] Raw JSON: {"user_id":1,"book_id":3,"total_questions":5,"correct_answers":0,"score_percentage":0,"time_taken":9,"responses":[{"question_id":15,"user_answer":"A","is_correct":false},{"question_id":14,"user_answer":"N/A","is_correct":false},{"question_id":11,"user_answer":"N/A","is_correct":false},{"question_id":12,"user_answer":"N/A","is_correct":false},{"question_id":13,"user_answer":"N/A","is_correct":false}],"tab_switch_count":4,"tab_switch_flagged":true,"tab_switch_log":[{"type":"window_blur","timestamp":"2025-11-29T19:52:43.733Z","question":1,"warning_number":1},{"type":"visibility_hidden","timestamp":"2025-11-29T19:52:43.735Z","question":1,"warning_number":2},{"type":"returned","timestamp":"2025-11-29T19:52:44.354Z","question":1},{"type":"window_blur","timestamp":"2025-11-29T19:52:44.741Z","question":1,"warning_number":3},{"type":"visibility_hidden","timestamp":"2025-11-29T19:52:44.744Z","question":1,"warning_number":4}]}
[2025-11-30 03:52:48] Quiz Data: Array
(
    [user_id] => 1
    [book_id] => 3
    [total_questions] => 5
    [correct_answers] => 0
    [score_percentage] => 0
    [time_taken] => 9
    [responses] => Array
        (
            [0] => Array
                (
                    [question_id] => 15
                    [user_answer] => A
                    [is_correct] => 
                )

            [1] => Array
                (
                    [question_id] => 14
                    [user_answer] => N/A
                    [is_correct] => 
                )

            [2] => Array
                (
                    [question_id] => 11
                    [user_answer] => N/A
                    [is_correct] => 
                )

            [3] => Array
                (
                    [question_id] => 12
                    [user_answer] => N/A
                    [is_correct] => 
                )

            [4] => Array
                (
                    [question_id] => 13
                    [user_answer] => N/A
                    [is_correct] => 
                )

        )

    [tab_switch_count] => 4
    [tab_switch_flagged] => 1
    [tab_switch_log] => Array
        (
            [0] => Array
                (
                    [type] => window_blur
                    [timestamp] => 2025-11-29T19:52:43.733Z
                    [question] => 1
                    [warning_number] => 1
                )

            [1] => Array
                (
                    [type] => visibility_hidden
                    [timestamp] => 2025-11-29T19:52:43.735Z
                    [question] => 1
                    [warning_number] => 2
                )

            [2] => Array
                (
                    [type] => returned
                    [timestamp] => 2025-11-29T19:52:44.354Z
                    [question] => 1
                )

            [3] => Array
                (
                    [type] => window_blur
                    [timestamp] => 2025-11-29T19:52:44.741Z
                    [question] => 1
                    [warning_number] => 3
                )

            [4] => Array
                (
                    [type] => visibility_hidden
                    [timestamp] => 2025-11-29T19:52:44.744Z
                    [question] => 1
                    [warning_number] => 4
                )

        )

)

[2025-11-30 03:52:48] Extracted data - User: 1, Book: 3, Score: 0/5 (0%)
[2025-11-30 03:52:48] Starting database operations...
[2025-11-30 03:52:48] Transaction started
[2025-11-30 03:52:48] User verified: Juan Dela Cruz
[2025-11-30 03:52:48] Book verified: Where the Red Fern Grows
[2025-11-30 03:52:48] Attempting to save quiz attempt...
[2025-11-30 03:52:48] Quiz attempt saved successfully! Attempt ID: 0
[2025-11-30 03:52:48] System log created
[2025-11-30 03:52:48] Is re-attempt: YES (Previous attempts: 2)
[2025-11-30 03:52:48] Books completed count (any attempt): 10
[2025-11-30 03:52:48] Average score: 35.8%
[2025-11-30 03:52:48] Processing rewards based on 10 books completed...
[2025-11-30 03:52:48] Checking reward: Pen Reward (requires 10 books)
[2025-11-30 03:52:48] User already has reward: Pen Reward
[2025-11-30 03:52:48] Checking reward: Notebook Reward (requires 25 books)
[2025-11-30 03:52:48] Not enough books for reward: Notebook Reward
[2025-11-30 03:52:48] Checking reward: Drawing Materials (requires 50 books)
[2025-11-30 03:52:48] Not enough books for reward: Drawing Materials
[2025-11-30 03:52:48] Checking reward: School Supplies Bundle (requires 100 books)
[2025-11-30 03:52:48] Not enough books for reward: School Supplies Bundle
[2025-11-30 03:52:48] Total rewards earned: 1
[2025-11-30 03:52:48] ✅ Transaction committed successfully
[2025-11-30 03:52:48] Response data: Array
(
    [attempt_id] => 0
    [books_completed] => 10
    [average_score] => 35.8
    [rewards_earned] => 1
    [new_rewards] => Array
        (
        )

    [all_rewards] => Array
        (
            [0] => Pen Reward
        )

    [user_name] => Juan Dela Cruz
    [book_title] => Where the Red Fern Grows
    [passed] => 
    [is_reattempt] => 1
    [tab_switch_flagged] => 1
)

[2025-11-30 03:52:48] === Quiz Save Successful ===
[2025-11-30 03:59:47] === Quiz Save Request Started ===
[2025-11-30 03:59:47] User logged in: 1
[2025-11-30 03:59:47] Raw JSON: {"user_id":1,"book_id":3,"total_questions":5,"correct_answers":0,"score_percentage":0,"time_taken":7,"responses":[{"question_id":11,"user_answer":"N/A","is_correct":false},{"question_id":12,"user_answer":"N/A","is_correct":false},{"question_id":13,"user_answer":"N/A","is_correct":false},{"question_id":15,"user_answer":"N/A","is_correct":false},{"question_id":14,"user_answer":"N/A","is_correct":false}],"tab_switch_count":4,"tab_switch_flagged":true,"tab_switch_log":[{"type":"window_blur","timestamp":"2025-11-29T19:59:42.653Z","question":1,"warning_number":1},{"type":"visibility_hidden","timestamp":"2025-11-29T19:59:42.659Z","question":1,"warning_number":2},{"type":"returned","timestamp":"2025-11-29T19:59:43.180Z","question":1},{"type":"window_blur","timestamp":"2025-11-29T19:59:44.013Z","question":1,"warning_number":3},{"type":"visibility_hidden","timestamp":"2025-11-29T19:59:44.019Z","question":1,"warning_number":4}]}
[2025-11-30 03:59:47] Quiz Data: Array
(
    [user_id] => 1
    [book_id] => 3
    [total_questions] => 5
    [correct_answers] => 0
    [score_percentage] => 0
    [time_taken] => 7
    [responses] => Array
        (
            [0] => Array
                (
                    [question_id] => 11
                    [user_answer] => N/A
                    [is_correct] => 
                )

            [1] => Array
                (
                    [question_id] => 12
                    [user_answer] => N/A
                    [is_correct] => 
                )

            [2] => Array
                (
                    [question_id] => 13
                    [user_answer] => N/A
                    [is_correct] => 
                )

            [3] => Array
                (
                    [question_id] => 15
                    [user_answer] => N/A
                    [is_correct] => 
                )

            [4] => Array
                (
                    [question_id] => 14
                    [user_answer] => N/A
                    [is_correct] => 
                )

        )

    [tab_switch_count] => 4
    [tab_switch_flagged] => 1
    [tab_switch_log] => Array
        (
            [0] => Array
                (
                    [type] => window_blur
                    [timestamp] => 2025-11-29T19:59:42.653Z
                    [question] => 1
                    [warning_number] => 1
                )

            [1] => Array
                (
                    [type] => visibility_hidden
                    [timestamp] => 2025-11-29T19:59:42.659Z
                    [question] => 1
                    [warning_number] => 2
                )

            [2] => Array
                (
                    [type] => returned
                    [timestamp] => 2025-11-29T19:59:43.180Z
                    [question] => 1
                )

            [3] => Array
                (
                    [type] => window_blur
                    [timestamp] => 2025-11-29T19:59:44.013Z
                    [question] => 1
                    [warning_number] => 3
                )

            [4] => Array
                (
                    [type] => visibility_hidden
                    [timestamp] => 2025-11-29T19:59:44.019Z
                    [question] => 1
                    [warning_number] => 4
                )

        )

)

[2025-11-30 03:59:47] Extracted data - User: 1, Book: 3, Score: 0/5 (0%)
[2025-11-30 03:59:47] Starting database operations...
[2025-11-30 03:59:47] Transaction started
[2025-11-30 03:59:47] User verified: Juan Dela Cruz
[2025-11-30 03:59:47] Book verified: Where the Red Fern Grows
[2025-11-30 03:59:47] Attempting to save quiz attempt...
[2025-11-30 03:59:47] Quiz attempt saved successfully! Attempt ID: 0
[2025-11-30 03:59:47] System log created
[2025-11-30 03:59:47] Is re-attempt: YES (Previous attempts: 2)
[2025-11-30 03:59:47] Books completed count (any attempt): 10
[2025-11-30 03:59:47] Average score: 35.8%
[2025-11-30 03:59:47] Processing rewards based on 10 books completed...
[2025-11-30 03:59:47] Checking reward: Pen Reward (requires 10 books)
[2025-11-30 03:59:47] User already has reward: Pen Reward
[2025-11-30 03:59:47] Checking reward: Notebook Reward (requires 25 books)
[2025-11-30 03:59:47] Not enough books for reward: Notebook Reward
[2025-11-30 03:59:47] Checking reward: Drawing Materials (requires 50 books)
[2025-11-30 03:59:47] Not enough books for reward: Drawing Materials
[2025-11-30 03:59:47] Checking reward: School Supplies Bundle (requires 100 books)
[2025-11-30 03:59:47] Not enough books for reward: School Supplies Bundle
[2025-11-30 03:59:47] Total rewards earned: 1
[2025-11-30 03:59:48] ✅ Transaction committed successfully
[2025-11-30 03:59:48] Response data: Array
(
    [attempt_id] => 0
    [books_completed] => 10
    [average_score] => 35.8
    [rewards_earned] => 1
    [new_rewards] => Array
        (
        )

    [all_rewards] => Array
        (
            [0] => Pen Reward
        )

    [user_name] => Juan Dela Cruz
    [book_title] => Where the Red Fern Grows
    [passed] => 
    [is_reattempt] => 1
    [tab_switch_flagged] => 1
)

[2025-11-30 03:59:48] === Quiz Save Successful ===
[2025-11-30 04:00:19] === Quiz Save Request Started ===
[2025-11-30 04:00:19] User logged in: 1
[2025-11-30 04:00:19] Raw JSON: {"user_id":1,"book_id":3,"total_questions":5,"correct_answers":2,"score_percentage":40,"time_taken":17,"responses":[{"question_id":12,"user_answer":"B","is_correct":true},{"question_id":15,"user_answer":"A","is_correct":false},{"question_id":14,"user_answer":"B","is_correct":false},{"question_id":13,"user_answer":"A","is_correct":false},{"question_id":11,"user_answer":"A","is_correct":true}],"tab_switch_count":4,"tab_switch_flagged":true,"tab_switch_log":[{"type":"window_blur","timestamp":"2025-11-29T20:00:10.397Z","question":5,"warning_number":1},{"type":"visibility_hidden","timestamp":"2025-11-29T20:00:10.403Z","question":5,"warning_number":2},{"type":"returned","timestamp":"2025-11-29T20:00:11.158Z","question":5},{"type":"window_blur","timestamp":"2025-11-29T20:00:15.709Z","question":5,"warning_number":3},{"type":"visibility_hidden","timestamp":"2025-11-29T20:00:15.715Z","question":5,"warning_number":4}]}
[2025-11-30 04:00:19] Quiz Data: Array
(
    [user_id] => 1
    [book_id] => 3
    [total_questions] => 5
    [correct_answers] => 2
    [score_percentage] => 40
    [time_taken] => 17
    [responses] => Array
        (
            [0] => Array
                (
                    [question_id] => 12
                    [user_answer] => B
                    [is_correct] => 1
                )

            [1] => Array
                (
                    [question_id] => 15
                    [user_answer] => A
                    [is_correct] => 
                )

            [2] => Array
                (
                    [question_id] => 14
                    [user_answer] => B
                    [is_correct] => 
                )

            [3] => Array
                (
                    [question_id] => 13
                    [user_answer] => A
                    [is_correct] => 
                )

            [4] => Array
                (
                    [question_id] => 11
                    [user_answer] => A
                    [is_correct] => 1
                )

        )

    [tab_switch_count] => 4
    [tab_switch_flagged] => 1
    [tab_switch_log] => Array
        (
            [0] => Array
                (
                    [type] => window_blur
                    [timestamp] => 2025-11-29T20:00:10.397Z
                    [question] => 5
                    [warning_number] => 1
                )

            [1] => Array
                (
                    [type] => visibility_hidden
                    [timestamp] => 2025-11-29T20:00:10.403Z
                    [question] => 5
                    [warning_number] => 2
                )

            [2] => Array
                (
                    [type] => returned
                    [timestamp] => 2025-11-29T20:00:11.158Z
                    [question] => 5
                )

            [3] => Array
                (
                    [type] => window_blur
                    [timestamp] => 2025-11-29T20:00:15.709Z
                    [question] => 5
                    [warning_number] => 3
                )

            [4] => Array
                (
                    [type] => visibility_hidden
                    [timestamp] => 2025-11-29T20:00:15.715Z
                    [question] => 5
                    [warning_number] => 4
                )

        )

)

[2025-11-30 04:00:19] Extracted data - User: 1, Book: 3, Score: 2/5 (40%)
[2025-11-30 04:00:19] Starting database operations...
[2025-11-30 04:00:19] Transaction started
[2025-11-30 04:00:19] User verified: Juan Dela Cruz
[2025-11-30 04:00:19] Book verified: Where the Red Fern Grows
[2025-11-30 04:00:19] Attempting to save quiz attempt...
[2025-11-30 04:00:19] Quiz attempt saved successfully! Attempt ID: 0
[2025-11-30 04:00:19] System log created
[2025-11-30 04:00:19] Is re-attempt: YES (Previous attempts: 2)
[2025-11-30 04:00:19] Books completed count (any attempt): 10
[2025-11-30 04:00:19] Average score: 39.2%
[2025-11-30 04:00:19] Processing rewards based on 10 books completed...
[2025-11-30 04:00:19] Checking reward: Pen Reward (requires 10 books)
[2025-11-30 04:00:19] User already has reward: Pen Reward
[2025-11-30 04:00:19] Checking reward: Notebook Reward (requires 25 books)
[2025-11-30 04:00:19] Not enough books for reward: Notebook Reward
[2025-11-30 04:00:19] Checking reward: Drawing Materials (requires 50 books)
[2025-11-30 04:00:19] Not enough books for reward: Drawing Materials
[2025-11-30 04:00:19] Checking reward: School Supplies Bundle (requires 100 books)
[2025-11-30 04:00:19] Not enough books for reward: School Supplies Bundle
[2025-11-30 04:00:19] Total rewards earned: 1
[2025-11-30 04:00:19] ✅ Transaction committed successfully
[2025-11-30 04:00:19] Response data: Array
(
    [attempt_id] => 0
    [books_completed] => 10
    [average_score] => 39.2
    [rewards_earned] => 1
    [new_rewards] => Array
        (
        )

    [all_rewards] => Array
        (
            [0] => Pen Reward
        )

    [user_name] => Juan Dela Cruz
    [book_title] => Where the Red Fern Grows
    [passed] => 
    [is_reattempt] => 1
    [tab_switch_flagged] => 1
)

[2025-11-30 04:00:19] === Quiz Save Successful ===
[2025-11-30 10:15:06] === Quiz Save Request Started ===
[2025-11-30 10:15:06] User logged in: 1
[2025-11-30 10:15:06] Raw JSON: {"user_id":1,"book_id":3,"total_questions":5,"correct_answers":1,"score_percentage":20,"time_taken":7,"responses":[{"question_id":12,"user_answer":"A","is_correct":false},{"question_id":15,"user_answer":"A","is_correct":false},{"question_id":11,"user_answer":"C","is_correct":false},{"question_id":13,"user_answer":"B","is_correct":true},{"question_id":14,"user_answer":"B","is_correct":false}],"tab_switch_count":0,"tab_switch_flagged":false,"tab_switch_log":[]}
[2025-11-30 10:15:06] Quiz Data: Array
(
    [user_id] => 1
    [book_id] => 3
    [total_questions] => 5
    [correct_answers] => 1
    [score_percentage] => 20
    [time_taken] => 7
    [responses] => Array
        (
            [0] => Array
                (
                    [question_id] => 12
                    [user_answer] => A
                    [is_correct] => 
                )

            [1] => Array
                (
                    [question_id] => 15
                    [user_answer] => A
                    [is_correct] => 
                )

            [2] => Array
                (
                    [question_id] => 11
                    [user_answer] => C
                    [is_correct] => 
                )

            [3] => Array
                (
                    [question_id] => 13
                    [user_answer] => B
                    [is_correct] => 1
                )

            [4] => Array
                (
                    [question_id] => 14
                    [user_answer] => B
                    [is_correct] => 
                )

        )

    [tab_switch_count] => 0
    [tab_switch_flagged] => 
    [tab_switch_log] => Array
        (
        )

)

[2025-11-30 10:15:06] Extracted data - User: 1, Book: 3, Score: 1/5 (20%)
[2025-11-30 10:15:06] Starting database operations...
[2025-11-30 10:15:06] Transaction started
[2025-11-30 10:15:06] User verified: Juan Dela Cruz
[2025-11-30 10:15:06] Book verified: Where the Red Fern Grows
[2025-11-30 10:15:06] Attempting to save quiz attempt...
[2025-11-30 10:15:06] Quiz attempt saved successfully! Attempt ID: 0
[2025-11-30 10:15:06] System log created
[2025-11-30 10:15:06] Is re-attempt: YES (Previous attempts: 2)
[2025-11-30 10:15:06] Books completed count (any attempt): 10
[2025-11-30 10:15:06] Average score: 37.5%
[2025-11-30 10:15:06] Processing rewards based on 10 books completed...
[2025-11-30 10:15:06] Checking reward: Pen Reward (requires 10 books)
[2025-11-30 10:15:06] User already has reward: Pen Reward
[2025-11-30 10:15:06] Checking reward: Notebook Reward (requires 25 books)
[2025-11-30 10:15:06] Not enough books for reward: Notebook Reward
[2025-11-30 10:15:06] Checking reward: Drawing Materials (requires 50 books)
[2025-11-30 10:15:06] Not enough books for reward: Drawing Materials
[2025-11-30 10:15:06] Checking reward: School Supplies Bundle (requires 100 books)
[2025-11-30 10:15:06] Not enough books for reward: School Supplies Bundle
[2025-11-30 10:15:06] Total rewards earned: 1
[2025-11-30 10:15:06] ✅ Transaction committed successfully
[2025-11-30 10:15:06] Response data: Array
(
    [attempt_id] => 0
    [books_completed] => 10
    [average_score] => 37.5
    [rewards_earned] => 1
    [new_rewards] => Array
        (
        )

    [all_rewards] => Array
        (
            [0] => Pen Reward
        )

    [user_name] => Juan Dela Cruz
    [book_title] => Where the Red Fern Grows
    [passed] => 
    [is_reattempt] => 1
    [tab_switch_flagged] => 
)

[2025-11-30 10:15:06] === Quiz Save Successful ===
[2025-11-30 10:19:20] === Quiz Save Request Started ===
[2025-11-30 10:19:20] User logged in: 1
[2025-11-30 10:19:20] Raw JSON: {"user_id":1,"book_id":3,"total_questions":5,"correct_answers":0,"score_percentage":0,"time_taken":17,"responses":[{"question_id":11,"user_answer":"C","is_correct":false},{"question_id":12,"user_answer":"N/A","is_correct":false},{"question_id":14,"user_answer":"N/A","is_correct":false},{"question_id":15,"user_answer":"N/A","is_correct":false},{"question_id":13,"user_answer":"N/A","is_correct":false}],"tab_switch_count":0,"tab_switch_flagged":false,"tab_switch_log":[]}
[2025-11-30 10:19:20] Quiz Data: Array
(
    [user_id] => 1
    [book_id] => 3
    [total_questions] => 5
    [correct_answers] => 0
    [score_percentage] => 0
    [time_taken] => 17
    [responses] => Array
        (
            [0] => Array
                (
                    [question_id] => 11
                    [user_answer] => C
                    [is_correct] => 
                )

            [1] => Array
                (
                    [question_id] => 12
                    [user_answer] => N/A
                    [is_correct] => 
                )

            [2] => Array
                (
                    [question_id] => 14
                    [user_answer] => N/A
                    [is_correct] => 
                )

            [3] => Array
                (
                    [question_id] => 15
                    [user_answer] => N/A
                    [is_correct] => 
                )

            [4] => Array
                (
                    [question_id] => 13
                    [user_answer] => N/A
                    [is_correct] => 
                )

        )

    [tab_switch_count] => 0
    [tab_switch_flagged] => 
    [tab_switch_log] => Array
        (
        )

)

[2025-11-30 10:19:20] Extracted data - User: 1, Book: 3, Score: 0/5 (0%)
[2025-11-30 10:19:20] Starting database operations...
[2025-11-30 10:19:20] Transaction started
[2025-11-30 10:19:20] User verified: Juan Dela Cruz
[2025-11-30 10:19:20] Book verified: Where the Red Fern Grows
[2025-11-30 10:19:20] Attempting to save quiz attempt...
[2025-11-30 10:19:20] Quiz attempt saved successfully! Attempt ID: 0
[2025-11-30 10:19:20] System log created
[2025-11-30 10:19:20] Is re-attempt: YES (Previous attempts: 2)
[2025-11-30 10:19:20] Books completed count (any attempt): 10
[2025-11-30 10:19:20] Average score: 35.8%
[2025-11-30 10:19:20] Processing rewards based on 10 books completed...
[2025-11-30 10:19:20] Checking reward: Pen Reward (requires 10 books)
[2025-11-30 10:19:20] User already has reward: Pen Reward
[2025-11-30 10:19:20] Checking reward: Notebook Reward (requires 25 books)
[2025-11-30 10:19:20] Not enough books for reward: Notebook Reward
[2025-11-30 10:19:20] Checking reward: Drawing Materials (requires 50 books)
[2025-11-30 10:19:20] Not enough books for reward: Drawing Materials
[2025-11-30 10:19:20] Checking reward: School Supplies Bundle (requires 100 books)
[2025-11-30 10:19:20] Not enough books for reward: School Supplies Bundle
[2025-11-30 10:19:20] Total rewards earned: 1
[2025-11-30 10:19:20] ✅ Transaction committed successfully
[2025-11-30 10:19:20] Response data: Array
(
    [attempt_id] => 0
    [books_completed] => 10
    [average_score] => 35.8
    [rewards_earned] => 1
    [new_rewards] => Array
        (
        )

    [all_rewards] => Array
        (
            [0] => Pen Reward
        )

    [user_name] => Juan Dela Cruz
    [book_title] => Where the Red Fern Grows
    [passed] => 
    [is_reattempt] => 1
    [tab_switch_flagged] => 
)

[2025-11-30 10:19:20] === Quiz Save Successful ===
[2025-12-01 19:43:08] === Quiz Save Request Started ===
[2025-12-01 19:43:08] User logged in: 1
[2025-12-01 19:43:08] Raw JSON: {"user_id":1,"book_id":1,"total_questions":5,"correct_answers":1,"score_percentage":20,"time_taken":287,"responses":[{"question_id":5,"user_answer":"N/A","is_correct":false},{"question_id":4,"user_answer":"D","is_correct":false},{"question_id":2,"user_answer":"C","is_correct":false},{"question_id":1,"user_answer":"C","is_correct":false},{"question_id":3,"user_answer":"C","is_correct":true}],"tab_switch_count":3,"tab_switch_flagged":true,"tab_switch_log":[{"type":"window_blur","timestamp":"2025-12-01T11:38:23.528Z","question":1,"warning_number":1},{"type":"visibility_hidden","timestamp":"2025-12-01T11:38:23.625Z","question":1,"warning_number":2},{"type":"visibility_hidden","timestamp":"2025-12-01T11:40:52.009Z","question":1,"warning_number":3},{"type":"returned","timestamp":"2025-12-01T11:42:48.097Z","question":1}]}
[2025-12-01 19:43:08] Quiz Data: Array
(
    [user_id] => 1
    [book_id] => 1
    [total_questions] => 5
    [correct_answers] => 1
    [score_percentage] => 20
    [time_taken] => 287
    [responses] => Array
        (
            [0] => Array
                (
                    [question_id] => 5
                    [user_answer] => N/A
                    [is_correct] => 
                )

            [1] => Array
                (
                    [question_id] => 4
                    [user_answer] => D
                    [is_correct] => 
                )

            [2] => Array
                (
                    [question_id] => 2
                    [user_answer] => C
                    [is_correct] => 
                )

            [3] => Array
                (
                    [question_id] => 1
                    [user_answer] => C
                    [is_correct] => 
                )

            [4] => Array
                (
                    [question_id] => 3
                    [user_answer] => C
                    [is_correct] => 1
                )

        )

    [tab_switch_count] => 3
    [tab_switch_flagged] => 1
    [tab_switch_log] => Array
        (
            [0] => Array
                (
                    [type] => window_blur
                    [timestamp] => 2025-12-01T11:38:23.528Z
                    [question] => 1
                    [warning_number] => 1
                )

            [1] => Array
                (
                    [type] => visibility_hidden
                    [timestamp] => 2025-12-01T11:38:23.625Z
                    [question] => 1
                    [warning_number] => 2
                )

            [2] => Array
                (
                    [type] => visibility_hidden
                    [timestamp] => 2025-12-01T11:40:52.009Z
                    [question] => 1
                    [warning_number] => 3
                )

            [3] => Array
                (
                    [type] => returned
                    [timestamp] => 2025-12-01T11:42:48.097Z
                    [question] => 1
                )

        )

)

[2025-12-01 19:43:08] Extracted data - User: 1, Book: 1, Score: 1/5 (20%)
[2025-12-01 19:43:08] Starting database operations...
[2025-12-01 19:43:08] Transaction started
[2025-12-01 19:43:08] User verified: Juan Dela Cruz
[2025-12-01 19:43:08] Book verified: The Adventures of Tom Sawyer
[2025-12-01 19:43:08] Attempting to save quiz attempt...
[2025-12-01 19:43:08] Quiz attempt saved successfully! Attempt ID: 0
[2025-12-01 19:43:08] System log created
[2025-12-01 19:43:08] Is re-attempt: YES (Previous attempts: 1)
[2025-12-01 19:43:08] Books completed count (any attempt): 2
[2025-12-01 19:43:08] Average score: 40%
[2025-12-01 19:43:08] Processing rewards based on 2 books completed...
[2025-12-01 19:43:08] Checking reward: Pen Reward (requires 10 books)
[2025-12-01 19:43:08] Not enough books for reward: Pen Reward
[2025-12-01 19:43:08] Checking reward: Notebook Reward (requires 25 books)
[2025-12-01 19:43:08] Not enough books for reward: Notebook Reward
[2025-12-01 19:43:08] Checking reward: Drawing Materials (requires 50 books)
[2025-12-01 19:43:08] Not enough books for reward: Drawing Materials
[2025-12-01 19:43:08] Checking reward: School Supplies Bundle (requires 100 books)
[2025-12-01 19:43:08] Not enough books for reward: School Supplies Bundle
[2025-12-01 19:43:08] Total rewards earned: 0
[2025-12-01 19:43:08] ✅ Transaction committed successfully
[2025-12-01 19:43:08] Response data: Array
(
    [attempt_id] => 0
    [books_completed] => 2
    [average_score] => 40
    [rewards_earned] => 0
    [new_rewards] => Array
        (
        )

    [all_rewards] => Array
        (
        )

    [user_name] => Juan Dela Cruz
    [book_title] => The Adventures of Tom Sawyer
    [passed] => 
    [is_reattempt] => 1
    [tab_switch_flagged] => 1
)

[2025-12-01 19:43:08] === Quiz Save Successful ===
[2025-12-01 19:44:08] === Quiz Save Request Started ===
[2025-12-01 19:44:08] User logged in: 1
[2025-12-01 19:44:08] Raw JSON: {"user_id":1,"book_id":1,"total_questions":5,"correct_answers":0,"score_percentage":0,"time_taken":14,"responses":[{"question_id":1,"user_answer":"N/A","is_correct":false},{"question_id":4,"user_answer":"N/A","is_correct":false},{"question_id":3,"user_answer":"N/A","is_correct":false},{"question_id":5,"user_answer":"N/A","is_correct":false},{"question_id":2,"user_answer":"N/A","is_correct":false}],"tab_switch_count":4,"tab_switch_flagged":true,"tab_switch_log":[{"type":"window_blur","timestamp":"2025-12-01T11:43:54.500Z","question":1,"warning_number":1},{"type":"returned","timestamp":"2025-12-01T11:43:56.228Z","question":1},{"type":"window_blur","timestamp":"2025-12-01T11:44:00.404Z","question":1,"warning_number":2},{"type":"returned","timestamp":"2025-12-01T11:44:01.973Z","question":1},{"type":"window_blur","timestamp":"2025-12-01T11:44:04.040Z","question":1,"warning_number":3},{"type":"returned","timestamp":"2025-12-01T11:44:04.700Z","question":1},{"type":"window_blur","timestamp":"2025-12-01T11:44:06.244Z","question":1,"warning_number":4}]}
[2025-12-01 19:44:08] Quiz Data: Array
(
    [user_id] => 1
    [book_id] => 1
    [total_questions] => 5
    [correct_answers] => 0
    [score_percentage] => 0
    [time_taken] => 14
    [responses] => Array
        (
            [0] => Array
                (
                    [question_id] => 1
                    [user_answer] => N/A
                    [is_correct] => 
                )

            [1] => Array
                (
                    [question_id] => 4
                    [user_answer] => N/A
                    [is_correct] => 
                )

            [2] => Array
                (
                    [question_id] => 3
                    [user_answer] => N/A
                    [is_correct] => 
                )

            [3] => Array
                (
                    [question_id] => 5
                    [user_answer] => N/A
                    [is_correct] => 
                )

            [4] => Array
                (
                    [question_id] => 2
                    [user_answer] => N/A
                    [is_correct] => 
                )

        )

    [tab_switch_count] => 4
    [tab_switch_flagged] => 1
    [tab_switch_log] => Array
        (
            [0] => Array
                (
                    [type] => window_blur
                    [timestamp] => 2025-12-01T11:43:54.500Z
                    [question] => 1
                    [warning_number] => 1
                )

            [1] => Array
                (
                    [type] => returned
                    [timestamp] => 2025-12-01T11:43:56.228Z
                    [question] => 1
                )

            [2] => Array
                (
                    [type] => window_blur
                    [timestamp] => 2025-12-01T11:44:00.404Z
                    [question] => 1
                    [warning_number] => 2
                )

            [3] => Array
                (
                    [type] => returned
                    [timestamp] => 2025-12-01T11:44:01.973Z
                    [question] => 1
                )

            [4] => Array
                (
                    [type] => window_blur
                    [timestamp] => 2025-12-01T11:44:04.040Z
                    [question] => 1
                    [warning_number] => 3
                )

            [5] => Array
                (
                    [type] => returned
                    [timestamp] => 2025-12-01T11:44:04.700Z
                    [question] => 1
                )

            [6] => Array
                (
                    [type] => window_blur
                    [timestamp] => 2025-12-01T11:44:06.244Z
                    [question] => 1
                    [warning_number] => 4
                )

        )

)

[2025-12-01 19:44:08] Extracted data - User: 1, Book: 1, Score: 0/5 (0%)
[2025-12-01 19:44:08] Starting database operations...
[2025-12-01 19:44:08] Transaction started
[2025-12-01 19:44:08] User verified: Juan Dela Cruz
[2025-12-01 19:44:08] Book verified: The Adventures of Tom Sawyer
[2025-12-01 19:44:08] Attempting to save quiz attempt...
[2025-12-01 19:44:08] Quiz attempt saved successfully! Attempt ID: 0
[2025-12-01 19:44:08] System log created
[2025-12-01 19:44:08] Is re-attempt: YES (Previous attempts: 1)
[2025-12-01 19:44:08] Books completed count (any attempt): 2
[2025-12-01 19:44:08] Average score: 30%
[2025-12-01 19:44:08] Processing rewards based on 2 books completed...
[2025-12-01 19:44:08] Checking reward: Pen Reward (requires 10 books)
[2025-12-01 19:44:08] Not enough books for reward: Pen Reward
[2025-12-01 19:44:08] Checking reward: Notebook Reward (requires 25 books)
[2025-12-01 19:44:08] Not enough books for reward: Notebook Reward
[2025-12-01 19:44:08] Checking reward: Drawing Materials (requires 50 books)
[2025-12-01 19:44:08] Not enough books for reward: Drawing Materials
[2025-12-01 19:44:08] Checking reward: School Supplies Bundle (requires 100 books)
[2025-12-01 19:44:08] Not enough books for reward: School Supplies Bundle
[2025-12-01 19:44:08] Total rewards earned: 0
[2025-12-01 19:44:08] ✅ Transaction committed successfully
[2025-12-01 19:44:08] Response data: Array
(
    [attempt_id] => 0
    [books_completed] => 2
    [average_score] => 30
    [rewards_earned] => 0
    [new_rewards] => Array
        (
        )

    [all_rewards] => Array
        (
        )

    [user_name] => Juan Dela Cruz
    [book_title] => The Adventures of Tom Sawyer
    [passed] => 
    [is_reattempt] => 1
    [tab_switch_flagged] => 1
)

[2025-12-01 19:44:08] === Quiz Save Successful ===
[2025-12-02 13:14:29] === Quiz Save Request Started ===
[2025-12-02 13:14:29] User logged in: 1
[2025-12-02 13:14:29] Raw JSON: {"user_id":1,"book_id":1,"total_questions":5,"correct_answers":0,"score_percentage":0,"time_taken":17,"responses":[{"question_id":2,"user_answer":"C","is_correct":false},{"question_id":1,"user_answer":"N/A","is_correct":false},{"question_id":5,"user_answer":"N/A","is_correct":false},{"question_id":3,"user_answer":"N/A","is_correct":false},{"question_id":4,"user_answer":"N/A","is_correct":false}],"tab_switch_count":4,"tab_switch_flagged":true,"tab_switch_log":[{"type":"window_blur","timestamp":"2025-12-02T05:14:18.835Z","question":2,"warning_number":1},{"type":"returned","timestamp":"2025-12-02T05:14:19.683Z","question":2},{"type":"window_blur","timestamp":"2025-12-02T05:14:21.659Z","question":2,"warning_number":2},{"type":"returned","timestamp":"2025-12-02T05:14:22.358Z","question":2},{"type":"window_blur","timestamp":"2025-12-02T05:14:23.837Z","question":2,"warning_number":3},{"type":"returned","timestamp":"2025-12-02T05:14:24.660Z","question":2},{"type":"window_blur","timestamp":"2025-12-02T05:14:27.557Z","question":2,"warning_number":4}]}
[2025-12-02 13:14:29] Quiz Data: Array
(
    [user_id] => 1
    [book_id] => 1
    [total_questions] => 5
    [correct_answers] => 0
    [score_percentage] => 0
    [time_taken] => 17
    [responses] => Array
        (
            [0] => Array
                (
                    [question_id] => 2
                    [user_answer] => C
                    [is_correct] => 
                )

            [1] => Array
                (
                    [question_id] => 1
                    [user_answer] => N/A
                    [is_correct] => 
                )

            [2] => Array
                (
                    [question_id] => 5
                    [user_answer] => N/A
                    [is_correct] => 
                )

            [3] => Array
                (
                    [question_id] => 3
                    [user_answer] => N/A
                    [is_correct] => 
                )

            [4] => Array
                (
                    [question_id] => 4
                    [user_answer] => N/A
                    [is_correct] => 
                )

        )

    [tab_switch_count] => 4
    [tab_switch_flagged] => 1
    [tab_switch_log] => Array
        (
            [0] => Array
                (
                    [type] => window_blur
                    [timestamp] => 2025-12-02T05:14:18.835Z
                    [question] => 2
                    [warning_number] => 1
                )

            [1] => Array
                (
                    [type] => returned
                    [timestamp] => 2025-12-02T05:14:19.683Z
                    [question] => 2
                )

            [2] => Array
                (
                    [type] => window_blur
                    [timestamp] => 2025-12-02T05:14:21.659Z
                    [question] => 2
                    [warning_number] => 2
                )

            [3] => Array
                (
                    [type] => returned
                    [timestamp] => 2025-12-02T05:14:22.358Z
                    [question] => 2
                )

            [4] => Array
                (
                    [type] => window_blur
                    [timestamp] => 2025-12-02T05:14:23.837Z
                    [question] => 2
                    [warning_number] => 3
                )

            [5] => Array
                (
                    [type] => returned
                    [timestamp] => 2025-12-02T05:14:24.660Z
                    [question] => 2
                )

            [6] => Array
                (
                    [type] => window_blur
                    [timestamp] => 2025-12-02T05:14:27.557Z
                    [question] => 2
                    [warning_number] => 4
                )

        )

)

[2025-12-02 13:14:29] Extracted data - User: 1, Book: 1, Score: 0/5 (0%)
[2025-12-02 13:14:29] Starting database operations...
[2025-12-02 13:14:29] Transaction started
[2025-12-02 13:14:29] User verified: Juan Dela Cruz
[2025-12-02 13:14:29] Book verified: The Adventures of Tom Sawyer
[2025-12-02 13:14:29] Attempting to save quiz attempt...
[2025-12-02 13:14:29] Quiz attempt saved successfully! Attempt ID: 0
[2025-12-02 13:14:29] System log created
[2025-12-02 13:14:29] Is re-attempt: YES (Previous attempts: 1)
[2025-12-02 13:14:29] Books completed count (any attempt): 2
[2025-12-02 13:14:29] Average score: 30%
[2025-12-02 13:14:29] Processing rewards based on 2 books completed...
[2025-12-02 13:14:29] Checking reward: Pen Reward (requires 10 books)
[2025-12-02 13:14:29] Not enough books for reward: Pen Reward
[2025-12-02 13:14:29] Checking reward: Notebook Reward (requires 25 books)
[2025-12-02 13:14:29] Not enough books for reward: Notebook Reward
[2025-12-02 13:14:29] Checking reward: Drawing Materials (requires 50 books)
[2025-12-02 13:14:29] Not enough books for reward: Drawing Materials
[2025-12-02 13:14:29] Checking reward: School Supplies Bundle (requires 100 books)
[2025-12-02 13:14:29] Not enough books for reward: School Supplies Bundle
[2025-12-02 13:14:29] Total rewards earned: 0
[2025-12-02 13:14:29] ✅ Transaction committed successfully
[2025-12-02 13:14:29] Response data: Array
(
    [attempt_id] => 0
    [books_completed] => 2
    [average_score] => 30
    [rewards_earned] => 0
    [new_rewards] => Array
        (
        )

    [all_rewards] => Array
        (
        )

    [user_name] => Juan Dela Cruz
    [book_title] => The Adventures of Tom Sawyer
    [passed] => 
    [is_reattempt] => 1
    [tab_switch_flagged] => 1
)

[2025-12-02 13:14:29] === Quiz Save Successful ===
[2025-12-02 13:14:59] === Quiz Save Request Started ===
[2025-12-02 13:14:59] User logged in: 1
[2025-12-02 13:14:59] Raw JSON: {"user_id":1,"book_id":1,"total_questions":5,"correct_answers":1,"score_percentage":20,"time_taken":17,"responses":[{"question_id":2,"user_answer":"C","is_correct":false},{"question_id":1,"user_answer":"B","is_correct":false},{"question_id":4,"user_answer":"D","is_correct":false},{"question_id":3,"user_answer":"C","is_correct":true},{"question_id":5,"user_answer":"B","is_correct":false}],"tab_switch_count":0,"tab_switch_flagged":false,"tab_switch_log":[]}
[2025-12-02 13:14:59] Quiz Data: Array
(
    [user_id] => 1
    [book_id] => 1
    [total_questions] => 5
    [correct_answers] => 1
    [score_percentage] => 20
    [time_taken] => 17
    [responses] => Array
        (
            [0] => Array
                (
                    [question_id] => 2
                    [user_answer] => C
                    [is_correct] => 
                )

            [1] => Array
                (
                    [question_id] => 1
                    [user_answer] => B
                    [is_correct] => 
                )

            [2] => Array
                (
                    [question_id] => 4
                    [user_answer] => D
                    [is_correct] => 
                )

            [3] => Array
                (
                    [question_id] => 3
                    [user_answer] => C
                    [is_correct] => 1
                )

            [4] => Array
                (
                    [question_id] => 5
                    [user_answer] => B
                    [is_correct] => 
                )

        )

    [tab_switch_count] => 0
    [tab_switch_flagged] => 
    [tab_switch_log] => Array
        (
        )

)

[2025-12-02 13:14:59] Extracted data - User: 1, Book: 1, Score: 1/5 (20%)
[2025-12-02 13:14:59] Starting database operations...
[2025-12-02 13:14:59] Transaction started
[2025-12-02 13:14:59] User verified: Juan Dela Cruz
[2025-12-02 13:14:59] Book verified: The Adventures of Tom Sawyer
[2025-12-02 13:14:59] Attempting to save quiz attempt...
[2025-12-02 13:14:59] Quiz attempt saved successfully! Attempt ID: 0
[2025-12-02 13:14:59] System log created
[2025-12-02 13:14:59] Is re-attempt: YES (Previous attempts: 1)
[2025-12-02 13:14:59] Books completed count (any attempt): 2
[2025-12-02 13:14:59] Average score: 40%
[2025-12-02 13:14:59] Processing rewards based on 2 books completed...
[2025-12-02 13:14:59] Checking reward: Pen Reward (requires 10 books)
[2025-12-02 13:14:59] Not enough books for reward: Pen Reward
[2025-12-02 13:14:59] Checking reward: Notebook Reward (requires 25 books)
[2025-12-02 13:14:59] Not enough books for reward: Notebook Reward
[2025-12-02 13:14:59] Checking reward: Drawing Materials (requires 50 books)
[2025-12-02 13:14:59] Not enough books for reward: Drawing Materials
[2025-12-02 13:14:59] Checking reward: School Supplies Bundle (requires 100 books)
[2025-12-02 13:14:59] Not enough books for reward: School Supplies Bundle
[2025-12-02 13:14:59] Total rewards earned: 0
[2025-12-02 13:14:59] ✅ Transaction committed successfully
[2025-12-02 13:14:59] Response data: Array
(
    [attempt_id] => 0
    [books_completed] => 2
    [average_score] => 40
    [rewards_earned] => 0
    [new_rewards] => Array
        (
        )

    [all_rewards] => Array
        (
        )

    [user_name] => Juan Dela Cruz
    [book_title] => The Adventures of Tom Sawyer
    [passed] => 
    [is_reattempt] => 1
    [tab_switch_flagged] => 
)

[2025-12-02 13:14:59] === Quiz Save Successful ===
[2025-12-02 13:17:34] === Quiz Save Request Started ===
[2025-12-02 13:17:34] User logged in: 1
[2025-12-02 13:17:34] Raw JSON: {"user_id":1,"book_id":1,"total_questions":5,"correct_answers":1,"score_percentage":20,"time_taken":18,"responses":[{"question_id":2,"user_answer":"A","is_correct":false},{"question_id":3,"user_answer":"D","is_correct":false},{"question_id":1,"user_answer":"C","is_correct":false},{"question_id":5,"user_answer":"C","is_correct":true},{"question_id":4,"user_answer":"C","is_correct":false}],"tab_switch_count":0,"tab_switch_flagged":false,"tab_switch_log":[]}
[2025-12-02 13:17:34] Quiz Data: Array
(
    [user_id] => 1
    [book_id] => 1
    [total_questions] => 5
    [correct_answers] => 1
    [score_percentage] => 20
    [time_taken] => 18
    [responses] => Array
        (
            [0] => Array
                (
                    [question_id] => 2
                    [user_answer] => A
                    [is_correct] => 
                )

            [1] => Array
                (
                    [question_id] => 3
                    [user_answer] => D
                    [is_correct] => 
                )

            [2] => Array
                (
                    [question_id] => 1
                    [user_answer] => C
                    [is_correct] => 
                )

            [3] => Array
                (
                    [question_id] => 5
                    [user_answer] => C
                    [is_correct] => 1
                )

            [4] => Array
                (
                    [question_id] => 4
                    [user_answer] => C
                    [is_correct] => 
                )

        )

    [tab_switch_count] => 0
    [tab_switch_flagged] => 
    [tab_switch_log] => Array
        (
        )

)

[2025-12-02 13:17:34] Extracted data - User: 1, Book: 1, Score: 1/5 (20%)
[2025-12-02 13:17:34] Starting database operations...
[2025-12-02 13:17:34] Transaction started
[2025-12-02 13:17:34] User verified: Juan Dela Cruz
[2025-12-02 13:17:34] Book verified: The Adventures of Tom Sawyer
[2025-12-02 13:17:34] Attempting to save quiz attempt...
[2025-12-02 13:17:34] Quiz attempt saved successfully! Attempt ID: 0
[2025-12-02 13:17:34] System log created
[2025-12-02 13:17:34] Is re-attempt: YES (Previous attempts: 1)
[2025-12-02 13:17:34] Books completed count (any attempt): 2
[2025-12-02 13:17:34] Average score: 40%
[2025-12-02 13:17:34] Processing rewards based on 2 books completed...
[2025-12-02 13:17:34] Checking reward: Pen Reward (requires 10 books)
[2025-12-02 13:17:34] Not enough books for reward: Pen Reward
[2025-12-02 13:17:34] Checking reward: Notebook Reward (requires 25 books)
[2025-12-02 13:17:34] Not enough books for reward: Notebook Reward
[2025-12-02 13:17:34] Checking reward: Drawing Materials (requires 50 books)
[2025-12-02 13:17:34] Not enough books for reward: Drawing Materials
[2025-12-02 13:17:34] Checking reward: School Supplies Bundle (requires 100 books)
[2025-12-02 13:17:34] Not enough books for reward: School Supplies Bundle
[2025-12-02 13:17:34] Total rewards earned: 0
[2025-12-02 13:17:34] ✅ Transaction committed successfully
[2025-12-02 13:17:34] Response data: Array
(
    [attempt_id] => 0
    [books_completed] => 2
    [average_score] => 40
    [rewards_earned] => 0
    [new_rewards] => Array
        (
        )

    [all_rewards] => Array
        (
        )

    [user_name] => Juan Dela Cruz
    [book_title] => The Adventures of Tom Sawyer
    [passed] => 
    [is_reattempt] => 1
    [tab_switch_flagged] => 
)

[2025-12-02 13:17:34] === Quiz Save Successful ===
[2025-12-03 01:19:41] === Quiz Save Request Started ===
[2025-12-03 01:19:41] User logged in: 1
[2025-12-03 01:19:41] Raw JSON: {"user_id":1,"book_id":1,"total_questions":5,"correct_answers":2,"score_percentage":40,"time_taken":29,"responses":[{"question_id":4,"user_answer":"A","is_correct":false},{"question_id":1,"user_answer":"B","is_correct":false},{"question_id":2,"user_answer":"C","is_correct":false},{"question_id":5,"user_answer":"C","is_correct":true},{"question_id":3,"user_answer":"C","is_correct":true}],"tab_switch_count":0,"tab_switch_flagged":false,"tab_switch_log":[]}
[2025-12-03 01:19:41] Quiz Data: Array
(
    [user_id] => 1
    [book_id] => 1
    [total_questions] => 5
    [correct_answers] => 2
    [score_percentage] => 40
    [time_taken] => 29
    [responses] => Array
        (
            [0] => Array
                (
                    [question_id] => 4
                    [user_answer] => A
                    [is_correct] => 
                )

            [1] => Array
                (
                    [question_id] => 1
                    [user_answer] => B
                    [is_correct] => 
                )

            [2] => Array
                (
                    [question_id] => 2
                    [user_answer] => C
                    [is_correct] => 
                )

            [3] => Array
                (
                    [question_id] => 5
                    [user_answer] => C
                    [is_correct] => 1
                )

            [4] => Array
                (
                    [question_id] => 3
                    [user_answer] => C
                    [is_correct] => 1
                )

        )

    [tab_switch_count] => 0
    [tab_switch_flagged] => 
    [tab_switch_log] => Array
        (
        )

)

[2025-12-03 01:19:41] Extracted data - User: 1, Book: 1, Score: 2/5 (40%)
[2025-12-03 01:19:41] Starting database operations...
[2025-12-03 01:19:41] Transaction started
[2025-12-03 01:19:41] User verified: Juan Dela Cruz
[2025-12-03 01:19:41] Book verified: The Adventures of Tom Sawyer
[2025-12-03 01:19:41] Attempting to save quiz attempt...
[2025-12-03 01:19:41] Quiz attempt saved successfully! Attempt ID: 0
[2025-12-03 01:19:41] System log created
[2025-12-03 01:19:41] Is re-attempt: YES (Previous attempts: 1)
[2025-12-03 01:19:41] Books completed count (any attempt): 2
[2025-12-03 01:19:41] Average score: 50%
[2025-12-03 01:19:41] Processing rewards based on 2 books completed...
[2025-12-03 01:19:41] Checking reward: Pen Reward (requires 10 books)
[2025-12-03 01:19:41] Not enough books for reward: Pen Reward
[2025-12-03 01:19:41] Checking reward: Notebook Reward (requires 25 books)
[2025-12-03 01:19:41] Not enough books for reward: Notebook Reward
[2025-12-03 01:19:41] Checking reward: Drawing Materials (requires 50 books)
[2025-12-03 01:19:41] Not enough books for reward: Drawing Materials
[2025-12-03 01:19:41] Checking reward: School Supplies Bundle (requires 100 books)
[2025-12-03 01:19:41] Not enough books for reward: School Supplies Bundle
[2025-12-03 01:19:41] Total rewards earned: 0
[2025-12-03 01:19:41] ✅ Transaction committed successfully
[2025-12-03 01:19:41] Response data: Array
(
    [attempt_id] => 0
    [books_completed] => 2
    [average_score] => 50
    [rewards_earned] => 0
    [new_rewards] => Array
        (
        )

    [all_rewards] => Array
        (
        )

    [user_name] => Juan Dela Cruz
    [book_title] => The Adventures of Tom Sawyer
    [passed] => 
    [is_reattempt] => 1
    [tab_switch_flagged] => 
)

[2025-12-03 01:19:41] === Quiz Save Successful ===
[2025-12-03 01:33:06] === Quiz Save Request Started ===
[2025-12-03 01:33:06] User logged in: 1
[2025-12-03 01:33:06] Raw JSON: {"user_id":1,"book_id":1,"total_questions":5,"correct_answers":0,"score_percentage":0,"time_taken":159,"responses":[{"question_id":2,"user_answer":"N/A","is_correct":false},{"question_id":3,"user_answer":"N/A","is_correct":false},{"question_id":4,"user_answer":"N/A","is_correct":false},{"question_id":5,"user_answer":"N/A","is_correct":false},{"question_id":1,"user_answer":"N/A","is_correct":false}],"tab_switch_count":4,"tab_switch_flagged":true,"tab_switch_log":[{"type":"window_blur","timestamp":"2025-12-02T17:30:29.311Z","question":1,"warning_number":1},{"type":"visibility_hidden","timestamp":"2025-12-02T17:30:29.322Z","question":1,"warning_number":2},{"type":"returned","timestamp":"2025-12-02T17:30:30.287Z","question":1},{"type":"window_blur","timestamp":"2025-12-02T17:30:32.672Z","question":1,"warning_number":3},{"type":"visibility_hidden","timestamp":"2025-12-02T17:30:32.920Z","question":1,"warning_number":4}]}
[2025-12-03 01:33:06] Quiz Data: Array
(
    [user_id] => 1
    [book_id] => 1
    [total_questions] => 5
    [correct_answers] => 0
    [score_percentage] => 0
    [time_taken] => 159
    [responses] => Array
        (
            [0] => Array
                (
                    [question_id] => 2
                    [user_answer] => N/A
                    [is_correct] => 
                )

            [1] => Array
                (
                    [question_id] => 3
                    [user_answer] => N/A
                    [is_correct] => 
                )

            [2] => Array
                (
                    [question_id] => 4
                    [user_answer] => N/A
                    [is_correct] => 
                )

            [3] => Array
                (
                    [question_id] => 5
                    [user_answer] => N/A
                    [is_correct] => 
                )

            [4] => Array
                (
                    [question_id] => 1
                    [user_answer] => N/A
                    [is_correct] => 
                )

        )

    [tab_switch_count] => 4
    [tab_switch_flagged] => 1
    [tab_switch_log] => Array
        (
            [0] => Array
                (
                    [type] => window_blur
                    [timestamp] => 2025-12-02T17:30:29.311Z
                    [question] => 1
                    [warning_number] => 1
                )

            [1] => Array
                (
                    [type] => visibility_hidden
                    [timestamp] => 2025-12-02T17:30:29.322Z
                    [question] => 1
                    [warning_number] => 2
                )

            [2] => Array
                (
                    [type] => returned
                    [timestamp] => 2025-12-02T17:30:30.287Z
                    [question] => 1
                )

            [3] => Array
                (
                    [type] => window_blur
                    [timestamp] => 2025-12-02T17:30:32.672Z
                    [question] => 1
                    [warning_number] => 3
                )

            [4] => Array
                (
                    [type] => visibility_hidden
                    [timestamp] => 2025-12-02T17:30:32.920Z
                    [question] => 1
                    [warning_number] => 4
                )

        )

)

[2025-12-03 01:33:06] Extracted data - User: 1, Book: 1, Score: 0/5 (0%)
[2025-12-03 01:33:06] Starting database operations...
[2025-12-03 01:33:06] Transaction started
[2025-12-03 01:33:06] User verified: Juan Dela Cruz
[2025-12-03 01:33:06] Book verified: The Adventures of Tom Sawyer
[2025-12-03 01:33:06] Attempting to save quiz attempt...
[2025-12-03 01:33:06] Quiz attempt saved successfully! Attempt ID: 0
[2025-12-03 01:33:06] System log created
[2025-12-03 01:33:06] Is re-attempt: YES (Previous attempts: 1)
[2025-12-03 01:33:06] Books completed count (any attempt): 2
[2025-12-03 01:33:06] Average score: 30%
[2025-12-03 01:33:06] Processing rewards based on 2 books completed...
[2025-12-03 01:33:06] Checking reward: Pen Reward (requires 10 books)
[2025-12-03 01:33:06] Not enough books for reward: Pen Reward
[2025-12-03 01:33:06] Checking reward: Notebook Reward (requires 25 books)
[2025-12-03 01:33:06] Not enough books for reward: Notebook Reward
[2025-12-03 01:33:06] Checking reward: Drawing Materials (requires 50 books)
[2025-12-03 01:33:06] Not enough books for reward: Drawing Materials
[2025-12-03 01:33:06] Checking reward: School Supplies Bundle (requires 100 books)
[2025-12-03 01:33:06] Not enough books for reward: School Supplies Bundle
[2025-12-03 01:33:06] Total rewards earned: 0
[2025-12-03 01:33:06] ✅ Transaction committed successfully
[2025-12-03 01:33:06] Response data: Array
(
    [attempt_id] => 0
    [books_completed] => 2
    [average_score] => 30
    [rewards_earned] => 0
    [new_rewards] => Array
        (
        )

    [all_rewards] => Array
        (
        )

    [user_name] => Juan Dela Cruz
    [book_title] => The Adventures of Tom Sawyer
    [passed] => 
    [is_reattempt] => 1
    [tab_switch_flagged] => 1
)

[2025-12-03 01:33:06] === Quiz Save Successful ===
[2025-12-03 01:36:54] === Quiz Save Request Started ===
[2025-12-03 01:36:54] User logged in: 1
[2025-12-03 01:36:54] Raw JSON: {"user_id":1,"book_id":1,"total_questions":5,"correct_answers":1,"score_percentage":20,"time_taken":28,"responses":[{"question_id":3,"question_type":"multiple_choice","user_answer":"C","is_correct":true},{"question_id":4,"question_type":"multiple_choice","user_answer":"D","is_correct":false},{"question_id":1,"question_type":"multiple_choice","user_answer":"C","is_correct":false},{"question_id":5,"question_type":"multiple_choice","user_answer":"B","is_correct":false},{"question_id":2,"question_type":"multiple_choice","user_answer":"C","is_correct":false}],"tab_switch_count":3,"tab_switch_flagged":true,"tab_switch_log":[{"type":"window_blur","timestamp":"2025-12-02T17:36:28.830Z","question":1,"warning_number":1},{"type":"visibility_hidden","timestamp":"2025-12-02T17:36:28.834Z","question":1,"warning_number":2},{"type":"returned","timestamp":"2025-12-02T17:36:29.813Z","question":1},{"type":"window_blur","timestamp":"2025-12-02T17:36:33.292Z","question":1,"warning_number":3},{"type":"returned","timestamp":"2025-12-02T17:36:34.321Z","question":1}]}
[2025-12-03 01:36:54] Quiz Data: Array
(
    [user_id] => 1
    [book_id] => 1
    [total_questions] => 5
    [correct_answers] => 1
    [score_percentage] => 20
    [time_taken] => 28
    [responses] => Array
        (
            [0] => Array
                (
                    [question_id] => 3
                    [question_type] => multiple_choice
                    [user_answer] => C
                    [is_correct] => 1
                )

            [1] => Array
                (
                    [question_id] => 4
                    [question_type] => multiple_choice
                    [user_answer] => D
                    [is_correct] => 
                )

            [2] => Array
                (
                    [question_id] => 1
                    [question_type] => multiple_choice
                    [user_answer] => C
                    [is_correct] => 
                )

            [3] => Array
                (
                    [question_id] => 5
                    [question_type] => multiple_choice
                    [user_answer] => B
                    [is_correct] => 
                )

            [4] => Array
                (
                    [question_id] => 2
                    [question_type] => multiple_choice
                    [user_answer] => C
                    [is_correct] => 
                )

        )

    [tab_switch_count] => 3
    [tab_switch_flagged] => 1
    [tab_switch_log] => Array
        (
            [0] => Array
                (
                    [type] => window_blur
                    [timestamp] => 2025-12-02T17:36:28.830Z
                    [question] => 1
                    [warning_number] => 1
                )

            [1] => Array
                (
                    [type] => visibility_hidden
                    [timestamp] => 2025-12-02T17:36:28.834Z
                    [question] => 1
                    [warning_number] => 2
                )

            [2] => Array
                (
                    [type] => returned
                    [timestamp] => 2025-12-02T17:36:29.813Z
                    [question] => 1
                )

            [3] => Array
                (
                    [type] => window_blur
                    [timestamp] => 2025-12-02T17:36:33.292Z
                    [question] => 1
                    [warning_number] => 3
                )

            [4] => Array
                (
                    [type] => returned
                    [timestamp] => 2025-12-02T17:36:34.321Z
                    [question] => 1
                )

        )

)

[2025-12-03 01:36:54] Extracted data - User: 1, Book: 1, Score: 1/5 (20%)
[2025-12-03 01:36:54] Starting database operations...
[2025-12-03 01:36:54] Transaction started
[2025-12-03 01:36:54] User verified: Juan Dela Cruz
[2025-12-03 01:36:54] Book verified: The Adventures of Tom Sawyer
[2025-12-03 01:36:54] Attempting to save quiz attempt...
[2025-12-03 01:36:54] Quiz attempt saved successfully! Attempt ID: 0
[2025-12-03 01:36:54] System log created
[2025-12-03 01:36:54] Is re-attempt: YES (Previous attempts: 1)
[2025-12-03 01:36:54] Books completed count (any attempt): 2
[2025-12-03 01:36:54] Average score: 40%
[2025-12-03 01:36:54] Processing rewards based on 2 books completed...
[2025-12-03 01:36:54] Checking reward: Pen Reward (requires 10 books)
[2025-12-03 01:36:54] Not enough books for reward: Pen Reward
[2025-12-03 01:36:54] Checking reward: Notebook Reward (requires 25 books)
[2025-12-03 01:36:54] Not enough books for reward: Notebook Reward
[2025-12-03 01:36:54] Checking reward: Drawing Materials (requires 50 books)
[2025-12-03 01:36:54] Not enough books for reward: Drawing Materials
[2025-12-03 01:36:54] Checking reward: School Supplies Bundle (requires 100 books)
[2025-12-03 01:36:54] Not enough books for reward: School Supplies Bundle
[2025-12-03 01:36:54] Total rewards earned: 0
[2025-12-03 01:36:54] ✅ Transaction committed successfully
[2025-12-03 01:36:54] Response data: Array
(
    [attempt_id] => 0
    [books_completed] => 2
    [average_score] => 40
    [rewards_earned] => 0
    [new_rewards] => Array
        (
        )

    [all_rewards] => Array
        (
        )

    [user_name] => Juan Dela Cruz
    [book_title] => The Adventures of Tom Sawyer
    [passed] => 
    [is_reattempt] => 1
    [tab_switch_flagged] => 1
)

[2025-12-03 01:36:54] === Quiz Save Successful ===
[2025-12-03 01:37:31] === Quiz Save Request Started ===
[2025-12-03 01:37:31] User logged in: 1
[2025-12-03 01:37:31] Raw JSON: {"user_id":1,"book_id":1,"total_questions":5,"correct_answers":1,"score_percentage":20,"time_taken":24,"responses":[{"question_id":2,"question_type":"multiple_choice","user_answer":"N/A","is_correct":false},{"question_id":1,"question_type":"multiple_choice","user_answer":"N/A","is_correct":false},{"question_id":5,"question_type":"multiple_choice","user_answer":"N/A","is_correct":false},{"question_id":4,"question_type":"multiple_choice","user_answer":"B","is_correct":true},{"question_id":3,"question_type":"multiple_choice","user_answer":"N/A","is_correct":false}],"tab_switch_count":0,"tab_switch_flagged":false,"tab_switch_log":[]}
[2025-12-03 01:37:31] Quiz Data: Array
(
    [user_id] => 1
    [book_id] => 1
    [total_questions] => 5
    [correct_answers] => 1
    [score_percentage] => 20
    [time_taken] => 24
    [responses] => Array
        (
            [0] => Array
                (
                    [question_id] => 2
                    [question_type] => multiple_choice
                    [user_answer] => N/A
                    [is_correct] => 
                )

            [1] => Array
                (
                    [question_id] => 1
                    [question_type] => multiple_choice
                    [user_answer] => N/A
                    [is_correct] => 
                )

            [2] => Array
                (
                    [question_id] => 5
                    [question_type] => multiple_choice
                    [user_answer] => N/A
                    [is_correct] => 
                )

            [3] => Array
                (
                    [question_id] => 4
                    [question_type] => multiple_choice
                    [user_answer] => B
                    [is_correct] => 1
                )

            [4] => Array
                (
                    [question_id] => 3
                    [question_type] => multiple_choice
                    [user_answer] => N/A
                    [is_correct] => 
                )

        )

    [tab_switch_count] => 0
    [tab_switch_flagged] => 
    [tab_switch_log] => Array
        (
        )

)

[2025-12-03 01:37:31] Extracted data - User: 1, Book: 1, Score: 1/5 (20%)
[2025-12-03 01:37:31] Starting database operations...
[2025-12-03 01:37:31] Transaction started
[2025-12-03 01:37:31] User verified: Juan Dela Cruz
[2025-12-03 01:37:31] Book verified: The Adventures of Tom Sawyer
[2025-12-03 01:37:31] Attempting to save quiz attempt...
[2025-12-03 01:37:31] Quiz attempt saved successfully! Attempt ID: 0
[2025-12-03 01:37:31] System log created
[2025-12-03 01:37:31] Is re-attempt: YES (Previous attempts: 1)
[2025-12-03 01:37:31] Books completed count (any attempt): 2
[2025-12-03 01:37:31] Average score: 40%
[2025-12-03 01:37:31] Processing rewards based on 2 books completed...
[2025-12-03 01:37:31] Checking reward: Pen Reward (requires 10 books)
[2025-12-03 01:37:31] Not enough books for reward: Pen Reward
[2025-12-03 01:37:31] Checking reward: Notebook Reward (requires 25 books)
[2025-12-03 01:37:31] Not enough books for reward: Notebook Reward
[2025-12-03 01:37:31] Checking reward: Drawing Materials (requires 50 books)
[2025-12-03 01:37:31] Not enough books for reward: Drawing Materials
[2025-12-03 01:37:31] Checking reward: School Supplies Bundle (requires 100 books)
[2025-12-03 01:37:31] Not enough books for reward: School Supplies Bundle
[2025-12-03 01:37:31] Total rewards earned: 0
[2025-12-03 01:37:31] ✅ Transaction committed successfully
[2025-12-03 01:37:31] Response data: Array
(
    [attempt_id] => 0
    [books_completed] => 2
    [average_score] => 40
    [rewards_earned] => 0
    [new_rewards] => Array
        (
        )

    [all_rewards] => Array
        (
        )

    [user_name] => Juan Dela Cruz
    [book_title] => The Adventures of Tom Sawyer
    [passed] => 
    [is_reattempt] => 1
    [tab_switch_flagged] => 
)

[2025-12-03 01:37:31] === Quiz Save Successful ===
[2025-12-03 03:28:30] === Quiz Save Request Started ===
[2025-12-03 03:28:30] User logged in: 1
[2025-12-03 03:28:30] Raw JSON: {"user_id":1,"book_id":1,"total_questions":5,"correct_answers":0,"score_percentage":0,"time_taken":76,"responses":[{"question_id":3,"question_type":"multiple_choice","user_answer":"N/A","is_correct":false},{"question_id":4,"question_type":"multiple_choice","user_answer":"N/A","is_correct":false},{"question_id":1,"question_type":"multiple_choice","user_answer":"N/A","is_correct":false},{"question_id":5,"question_type":"multiple_choice","user_answer":"N/A","is_correct":false},{"question_id":2,"question_type":"multiple_choice","user_answer":"N/A","is_correct":false}],"tab_switch_count":4,"tab_switch_flagged":true,"tab_switch_log":[{"type":"window_blur","timestamp":"2025-12-02T19:27:15.963Z","question":1,"warning_number":1},{"type":"returned","timestamp":"2025-12-02T19:27:21.684Z","question":1},{"type":"window_blur","timestamp":"2025-12-02T19:27:23.194Z","question":1,"warning_number":2},{"type":"returned","timestamp":"2025-12-02T19:27:25.040Z","question":1},{"type":"window_blur","timestamp":"2025-12-02T19:27:31.275Z","question":1,"warning_number":3},{"type":"returned","timestamp":"2025-12-02T19:27:35.730Z","question":1},{"type":"window_blur","timestamp":"2025-12-02T19:27:45.686Z","question":1,"warning_number":4}]}
[2025-12-03 03:28:30] Quiz Data: Array
(
    [user_id] => 1
    [book_id] => 1
    [total_questions] => 5
    [correct_answers] => 0
    [score_percentage] => 0
    [time_taken] => 76
    [responses] => Array
        (
            [0] => Array
                (
                    [question_id] => 3
                    [question_type] => multiple_choice
                    [user_answer] => N/A
                    [is_correct] => 
                )

            [1] => Array
                (
                    [question_id] => 4
                    [question_type] => multiple_choice
                    [user_answer] => N/A
                    [is_correct] => 
                )

            [2] => Array
                (
                    [question_id] => 1
                    [question_type] => multiple_choice
                    [user_answer] => N/A
                    [is_correct] => 
                )

            [3] => Array
                (
                    [question_id] => 5
                    [question_type] => multiple_choice
                    [user_answer] => N/A
                    [is_correct] => 
                )

            [4] => Array
                (
                    [question_id] => 2
                    [question_type] => multiple_choice
                    [user_answer] => N/A
                    [is_correct] => 
                )

        )

    [tab_switch_count] => 4
    [tab_switch_flagged] => 1
    [tab_switch_log] => Array
        (
            [0] => Array
                (
                    [type] => window_blur
                    [timestamp] => 2025-12-02T19:27:15.963Z
                    [question] => 1
                    [warning_number] => 1
                )

            [1] => Array
                (
                    [type] => returned
                    [timestamp] => 2025-12-02T19:27:21.684Z
                    [question] => 1
                )

            [2] => Array
                (
                    [type] => window_blur
                    [timestamp] => 2025-12-02T19:27:23.194Z
                    [question] => 1
                    [warning_number] => 2
                )

            [3] => Array
                (
                    [type] => returned
                    [timestamp] => 2025-12-02T19:27:25.040Z
                    [question] => 1
                )

            [4] => Array
                (
                    [type] => window_blur
                    [timestamp] => 2025-12-02T19:27:31.275Z
                    [question] => 1
                    [warning_number] => 3
                )

            [5] => Array
                (
                    [type] => returned
                    [timestamp] => 2025-12-02T19:27:35.730Z
                    [question] => 1
                )

            [6] => Array
                (
                    [type] => window_blur
                    [timestamp] => 2025-12-02T19:27:45.686Z
                    [question] => 1
                    [warning_number] => 4
                )

        )

)

[2025-12-03 03:28:30] Extracted data - User: 1, Book: 1, Score: 0/5 (0%)
[2025-12-03 03:28:30] Starting database operations...
[2025-12-03 03:28:30] Transaction started
[2025-12-03 03:28:30] User verified: Juan Dela Cruz
[2025-12-03 03:28:30] Book verified: The Adventures of Tom Sawyer
[2025-12-03 03:28:30] Attempting to save quiz attempt...
[2025-12-03 03:28:30] Quiz attempt saved successfully! Attempt ID: 0
[2025-12-03 03:28:30] System log created
[2025-12-03 03:28:30] Is re-attempt: YES (Previous attempts: 1)
[2025-12-03 03:28:30] Books completed count (any attempt): 2
[2025-12-03 03:28:30] Average score: 30%
[2025-12-03 03:28:30] Processing rewards based on 2 books completed...
[2025-12-03 03:28:30] Checking reward: Pen Reward (requires 10 books)
[2025-12-03 03:28:30] Not enough books for reward: Pen Reward
[2025-12-03 03:28:30] Checking reward: Notebook Reward (requires 25 books)
[2025-12-03 03:28:30] Not enough books for reward: Notebook Reward
[2025-12-03 03:28:30] Checking reward: Drawing Materials (requires 50 books)
[2025-12-03 03:28:30] Not enough books for reward: Drawing Materials
[2025-12-03 03:28:30] Checking reward: School Supplies Bundle (requires 100 books)
[2025-12-03 03:28:30] Not enough books for reward: School Supplies Bundle
[2025-12-03 03:28:30] Total rewards earned: 0
[2025-12-03 03:28:30] ✅ Transaction committed successfully
[2025-12-03 03:28:30] Response data: Array
(
    [attempt_id] => 0
    [books_completed] => 2
    [average_score] => 30
    [rewards_earned] => 0
    [new_rewards] => Array
        (
        )

    [all_rewards] => Array
        (
        )

    [user_name] => Juan Dela Cruz
    [book_title] => The Adventures of Tom Sawyer
    [passed] => 
    [is_reattempt] => 1
    [tab_switch_flagged] => 1
)

[2025-12-03 03:28:30] === Quiz Save Successful ===
[2025-12-03 11:16:52] === Quiz Save Request Started ===
[2025-12-03 11:16:52] User logged in: 1
[2025-12-03 11:16:52] Raw JSON: {"user_id":1,"book_id":5,"total_questions":5,"correct_answers":3,"score_percentage":60,"time_taken":11,"responses":[{"question_id":23,"question_type":"multiple_choice","user_answer":"B","is_correct":true},{"question_id":24,"question_type":"multiple_choice","user_answer":"B","is_correct":true},{"question_id":22,"question_type":"multiple_choice","user_answer":"C","is_correct":false},{"question_id":25,"question_type":"multiple_choice","user_answer":"D","is_correct":false},{"question_id":21,"question_type":"multiple_choice","user_answer":"C","is_correct":true}],"tab_switch_count":0,"tab_switch_flagged":false,"tab_switch_log":[]}
[2025-12-03 11:16:52] Quiz Data: Array
(
    [user_id] => 1
    [book_id] => 5
    [total_questions] => 5
    [correct_answers] => 3
    [score_percentage] => 60
    [time_taken] => 11
    [responses] => Array
        (
            [0] => Array
                (
                    [question_id] => 23
                    [question_type] => multiple_choice
                    [user_answer] => B
                    [is_correct] => 1
                )

            [1] => Array
                (
                    [question_id] => 24
                    [question_type] => multiple_choice
                    [user_answer] => B
                    [is_correct] => 1
                )

            [2] => Array
                (
                    [question_id] => 22
                    [question_type] => multiple_choice
                    [user_answer] => C
                    [is_correct] => 
                )

            [3] => Array
                (
                    [question_id] => 25
                    [question_type] => multiple_choice
                    [user_answer] => D
                    [is_correct] => 
                )

            [4] => Array
                (
                    [question_id] => 21
                    [question_type] => multiple_choice
                    [user_answer] => C
                    [is_correct] => 1
                )

        )

    [tab_switch_count] => 0
    [tab_switch_flagged] => 
    [tab_switch_log] => Array
        (
        )

)

[2025-12-03 11:16:52] Extracted data - User: 1, Book: 5, Score: 3/5 (60%)
[2025-12-03 11:16:52] Starting database operations...
[2025-12-03 11:16:52] Transaction started
[2025-12-03 11:16:52] User verified: Juan Dela Cruz
[2025-12-03 11:16:52] Book verified: Bridge to Terabithia
[2025-12-03 11:16:52] Attempting to save quiz attempt...
[2025-12-03 11:16:52] Quiz attempt saved successfully! Attempt ID: 3
[2025-12-03 11:16:52] System log created
[2025-12-03 11:16:52] Is re-attempt: YES (Previous attempts: 1)
[2025-12-03 11:16:52] Books completed count (any attempt): 3
[2025-12-03 11:16:52] Average score: 40%
[2025-12-03 11:16:52] Processing rewards based on 3 books completed...
[2025-12-03 11:16:52] Checking reward: Pen Reward (requires 10 books)
[2025-12-03 11:16:52] Not enough books for reward: Pen Reward
[2025-12-03 11:16:52] Checking reward: Notebook Reward (requires 25 books)
[2025-12-03 11:16:52] Not enough books for reward: Notebook Reward
[2025-12-03 11:16:52] Checking reward: Drawing Materials (requires 50 books)
[2025-12-03 11:16:52] Not enough books for reward: Drawing Materials
[2025-12-03 11:16:52] Checking reward: School Supplies Bundle (requires 100 books)
[2025-12-03 11:16:52] Not enough books for reward: School Supplies Bundle
[2025-12-03 11:16:52] Total rewards earned: 0
[2025-12-03 11:16:52] ✅ Transaction committed successfully
[2025-12-03 11:16:52] Response data: Array
(
    [attempt_id] => 3
    [books_completed] => 3
    [average_score] => 40
    [rewards_earned] => 0
    [new_rewards] => Array
        (
        )

    [all_rewards] => Array
        (
        )

    [user_name] => Juan Dela Cruz
    [book_title] => Bridge to Terabithia
    [passed] => 
    [is_reattempt] => 1
    [tab_switch_flagged] => 
)

[2025-12-03 11:16:52] === Quiz Save Successful ===
[2025-12-03 13:32:47] === Quiz Save Request Started ===
[2025-12-03 13:32:47] User logged in: 1
[2025-12-03 13:32:47] Raw JSON: {"user_id":1,"book_id":5,"total_questions":5,"correct_answers":2,"score_percentage":40,"time_taken":43,"responses":[{"question_id":22,"question_type":"multiple_choice","user_answer":"C","is_correct":false},{"question_id":25,"question_type":"multiple_choice","user_answer":"C","is_correct":false},{"question_id":21,"question_type":"multiple_choice","user_answer":"C","is_correct":true},{"question_id":24,"question_type":"multiple_choice","user_answer":"C","is_correct":false},{"question_id":23,"question_type":"multiple_choice","user_answer":"B","is_correct":true}],"tab_switch_count":0,"tab_switch_flagged":false,"tab_switch_log":[]}
[2025-12-03 13:32:47] Quiz Data: Array
(
    [user_id] => 1
    [book_id] => 5
    [total_questions] => 5
    [correct_answers] => 2
    [score_percentage] => 40
    [time_taken] => 43
    [responses] => Array
        (
            [0] => Array
                (
                    [question_id] => 22
                    [question_type] => multiple_choice
                    [user_answer] => C
                    [is_correct] => 
                )

            [1] => Array
                (
                    [question_id] => 25
                    [question_type] => multiple_choice
                    [user_answer] => C
                    [is_correct] => 
                )

            [2] => Array
                (
                    [question_id] => 21
                    [question_type] => multiple_choice
                    [user_answer] => C
                    [is_correct] => 1
                )

            [3] => Array
                (
                    [question_id] => 24
                    [question_type] => multiple_choice
                    [user_answer] => C
                    [is_correct] => 
                )

            [4] => Array
                (
                    [question_id] => 23
                    [question_type] => multiple_choice
                    [user_answer] => B
                    [is_correct] => 1
                )

        )

    [tab_switch_count] => 0
    [tab_switch_flagged] => 
    [tab_switch_log] => Array
        (
        )

)

[2025-12-03 13:32:47] Extracted data - User: 1, Book: 5, Score: 2/5 (40%)
[2025-12-03 13:32:47] Starting database operations...
[2025-12-03 13:32:47] Transaction started
[2025-12-03 13:32:47] User verified: Juan Dela Cruz
[2025-12-03 13:32:47] Book verified: Bridge to Terabithia
[2025-12-03 13:32:47] Attempting to save quiz attempt...
[2025-12-03 13:32:47] Quiz attempt saved successfully! Attempt ID: 0
[2025-12-03 13:32:47] System log created
[2025-12-03 13:32:47] Is re-attempt: YES (Previous attempts: 1)
[2025-12-03 13:32:47] Books completed count (any attempt): 3
[2025-12-03 13:32:47] Average score: 33.3%
[2025-12-03 13:32:47] Processing rewards based on 3 books completed...
[2025-12-03 13:32:47] Checking reward: Pen Reward (requires 10 books)
[2025-12-03 13:32:47] Not enough books for reward: Pen Reward
[2025-12-03 13:32:47] Checking reward: Notebook Reward (requires 25 books)
[2025-12-03 13:32:47] Not enough books for reward: Notebook Reward
[2025-12-03 13:32:47] Checking reward: Drawing Materials (requires 50 books)
[2025-12-03 13:32:47] Not enough books for reward: Drawing Materials
[2025-12-03 13:32:47] Checking reward: School Supplies Bundle (requires 100 books)
[2025-12-03 13:32:47] Not enough books for reward: School Supplies Bundle
[2025-12-03 13:32:47] Total rewards earned: 0
[2025-12-03 13:32:47] ✅ Transaction committed successfully
[2025-12-03 13:32:47] Response data: Array
(
    [attempt_id] => 0
    [books_completed] => 3
    [average_score] => 33.3
    [rewards_earned] => 0
    [new_rewards] => Array
        (
        )

    [all_rewards] => Array
        (
        )

    [user_name] => Juan Dela Cruz
    [book_title] => Bridge to Terabithia
    [passed] => 
    [is_reattempt] => 1
    [tab_switch_flagged] => 
)

[2025-12-03 13:32:47] === Quiz Save Successful ===
[2025-12-03 13:34:36] === Quiz Save Request Started ===
[2025-12-03 13:34:36] User logged in: 1
[2025-12-03 13:34:36] Raw JSON: {"user_id":1,"book_id":1,"total_questions":5,"correct_answers":1,"score_percentage":20,"time_taken":14,"responses":[{"question_id":1,"question_type":"multiple_choice","user_answer":"A","is_correct":true},{"question_id":5,"question_type":"multiple_choice","user_answer":"D","is_correct":false},{"question_id":3,"question_type":"multiple_choice","user_answer":"D","is_correct":false},{"question_id":4,"question_type":"multiple_choice","user_answer":"D","is_correct":false},{"question_id":2,"question_type":"multiple_choice","user_answer":"D","is_correct":false}],"tab_switch_count":0,"tab_switch_flagged":false,"tab_switch_log":[]}
[2025-12-03 13:34:36] Quiz Data: Array
(
    [user_id] => 1
    [book_id] => 1
    [total_questions] => 5
    [correct_answers] => 1
    [score_percentage] => 20
    [time_taken] => 14
    [responses] => Array
        (
            [0] => Array
                (
                    [question_id] => 1
                    [question_type] => multiple_choice
                    [user_answer] => A
                    [is_correct] => 1
                )

            [1] => Array
                (
                    [question_id] => 5
                    [question_type] => multiple_choice
                    [user_answer] => D
                    [is_correct] => 
                )

            [2] => Array
                (
                    [question_id] => 3
                    [question_type] => multiple_choice
                    [user_answer] => D
                    [is_correct] => 
                )

            [3] => Array
                (
                    [question_id] => 4
                    [question_type] => multiple_choice
                    [user_answer] => D
                    [is_correct] => 
                )

            [4] => Array
                (
                    [question_id] => 2
                    [question_type] => multiple_choice
                    [user_answer] => D
                    [is_correct] => 
                )

        )

    [tab_switch_count] => 0
    [tab_switch_flagged] => 
    [tab_switch_log] => Array
        (
        )

)

[2025-12-03 13:34:36] Extracted data - User: 1, Book: 1, Score: 1/5 (20%)
[2025-12-03 13:34:36] Starting database operations...
[2025-12-03 13:34:36] Transaction started
[2025-12-03 13:34:36] User verified: Juan Dela Cruz
[2025-12-03 13:34:36] Book verified: The Adventures of Tom Sawyer
[2025-12-03 13:34:36] Attempting to save quiz attempt...
[2025-12-03 13:34:36] Quiz attempt saved successfully! Attempt ID: 0
[2025-12-03 13:34:36] System log created
[2025-12-03 13:34:36] Is re-attempt: YES (Previous attempts: 1)
[2025-12-03 13:34:36] Books completed count (any attempt): 3
[2025-12-03 13:34:36] Average score: 40%
[2025-12-03 13:34:36] Processing rewards based on 3 books completed...
[2025-12-03 13:34:36] Checking reward: Pen Reward (requires 10 books)
[2025-12-03 13:34:36] Not enough books for reward: Pen Reward
[2025-12-03 13:34:36] Checking reward: Notebook Reward (requires 25 books)
[2025-12-03 13:34:36] Not enough books for reward: Notebook Reward
[2025-12-03 13:34:36] Checking reward: Drawing Materials (requires 50 books)
[2025-12-03 13:34:36] Not enough books for reward: Drawing Materials
[2025-12-03 13:34:36] Checking reward: School Supplies Bundle (requires 100 books)
[2025-12-03 13:34:36] Not enough books for reward: School Supplies Bundle
[2025-12-03 13:34:36] Total rewards earned: 0
[2025-12-03 13:34:36] ✅ Transaction committed successfully
[2025-12-03 13:34:36] Response data: Array
(
    [attempt_id] => 0
    [books_completed] => 3
    [average_score] => 40
    [rewards_earned] => 0
    [new_rewards] => Array
        (
        )

    [all_rewards] => Array
        (
        )

    [user_name] => Juan Dela Cruz
    [book_title] => The Adventures of Tom Sawyer
    [passed] => 
    [is_reattempt] => 1
    [tab_switch_flagged] => 
)

[2025-12-03 13:34:36] === Quiz Save Successful ===
[2025-12-04 14:01:29] === Quiz Save Request Started ===
[2025-12-04 14:01:29] User logged in: 1
[2025-12-04 14:01:29] Raw JSON: {"user_id":1,"book_id":1,"total_questions":5,"correct_answers":2,"score_percentage":40,"time_taken":13,"responses":[{"question_id":2,"question_type":"multiple_choice","user_answer":"A","is_correct":false},{"question_id":1,"question_type":"multiple_choice","user_answer":"D","is_correct":false},{"question_id":4,"question_type":"multiple_choice","user_answer":"B","is_correct":true},{"question_id":3,"question_type":"multiple_choice","user_answer":"D","is_correct":false},{"question_id":5,"question_type":"multiple_choice","user_answer":"C","is_correct":true}],"tab_switch_count":0,"tab_switch_flagged":false,"tab_switch_log":[]}
[2025-12-04 14:01:29] Quiz Data: Array
(
    [user_id] => 1
    [book_id] => 1
    [total_questions] => 5
    [correct_answers] => 2
    [score_percentage] => 40
    [time_taken] => 13
    [responses] => Array
        (
            [0] => Array
                (
                    [question_id] => 2
                    [question_type] => multiple_choice
                    [user_answer] => A
                    [is_correct] => 
                )

            [1] => Array
                (
                    [question_id] => 1
                    [question_type] => multiple_choice
                    [user_answer] => D
                    [is_correct] => 
                )

            [2] => Array
                (
                    [question_id] => 4
                    [question_type] => multiple_choice
                    [user_answer] => B
                    [is_correct] => 1
                )

            [3] => Array
                (
                    [question_id] => 3
                    [question_type] => multiple_choice
                    [user_answer] => D
                    [is_correct] => 
                )

            [4] => Array
                (
                    [question_id] => 5
                    [question_type] => multiple_choice
                    [user_answer] => C
                    [is_correct] => 1
                )

        )

    [tab_switch_count] => 0
    [tab_switch_flagged] => 
    [tab_switch_log] => Array
        (
        )

)

[2025-12-04 14:01:29] Extracted data - User: 1, Book: 1, Score: 2/5 (40%)
[2025-12-04 14:01:29] Starting database operations...
[2025-12-04 14:01:29] Transaction started
[2025-12-04 14:01:29] User verified: Juan Dela Cruz
[2025-12-04 14:01:29] Book verified: The Adventures of Tom Sawyer
[2025-12-04 14:01:29] Attempting to save quiz attempt...
[2025-12-04 14:01:29] Quiz attempt saved successfully! Attempt ID: 0
[2025-12-04 14:01:29] System log created
[2025-12-04 14:01:29] Is re-attempt: YES (Previous attempts: 1)
[2025-12-04 14:01:29] Books completed count (any attempt): 3
[2025-12-04 14:01:29] Average score: 46.7%
[2025-12-04 14:01:29] Processing rewards based on 3 books completed...
[2025-12-04 14:01:29] Checking reward: Pen Reward (requires 10 books)
[2025-12-04 14:01:29] Not enough books for reward: Pen Reward
[2025-12-04 14:01:29] Checking reward: Notebook Reward (requires 25 books)
[2025-12-04 14:01:29] Not enough books for reward: Notebook Reward
[2025-12-04 14:01:29] Checking reward: Drawing Materials (requires 50 books)
[2025-12-04 14:01:29] Not enough books for reward: Drawing Materials
[2025-12-04 14:01:29] Checking reward: School Supplies Bundle (requires 100 books)
[2025-12-04 14:01:29] Not enough books for reward: School Supplies Bundle
[2025-12-04 14:01:29] Total rewards earned: 0
[2025-12-04 14:01:29] ✅ Transaction committed successfully
[2025-12-04 14:01:29] Response data: Array
(
    [attempt_id] => 0
    [books_completed] => 3
    [average_score] => 46.7
    [rewards_earned] => 0
    [new_rewards] => Array
        (
        )

    [all_rewards] => Array
        (
        )

    [user_name] => Juan Dela Cruz
    [book_title] => The Adventures of Tom Sawyer
    [passed] => 
    [is_reattempt] => 1
    [tab_switch_flagged] => 
)

[2025-12-04 14:01:29] === Quiz Save Successful ===
[2025-12-04 14:27:35] === Quiz Save Request Started ===
[2025-12-04 14:27:35] User logged in: 1
[2025-12-04 14:27:35] Raw JSON: {"user_id":1,"book_id":5,"total_questions":5,"correct_answers":1,"score_percentage":20,"time_taken":14,"responses":[{"question_id":21,"question_type":"multiple_choice","user_answer":"D","is_correct":false},{"question_id":24,"question_type":"multiple_choice","user_answer":"D","is_correct":false},{"question_id":23,"question_type":"multiple_choice","user_answer":"C","is_correct":false},{"question_id":25,"question_type":"multiple_choice","user_answer":"B","is_correct":true},{"question_id":22,"question_type":"multiple_choice","user_answer":"C","is_correct":false}],"tab_switch_count":0,"tab_switch_flagged":false,"tab_switch_log":[]}
[2025-12-04 14:27:35] Quiz Data: Array
(
    [user_id] => 1
    [book_id] => 5
    [total_questions] => 5
    [correct_answers] => 1
    [score_percentage] => 20
    [time_taken] => 14
    [responses] => Array
        (
            [0] => Array
                (
                    [question_id] => 21
                    [question_type] => multiple_choice
                    [user_answer] => D
                    [is_correct] => 
                )

            [1] => Array
                (
                    [question_id] => 24
                    [question_type] => multiple_choice
                    [user_answer] => D
                    [is_correct] => 
                )

            [2] => Array
                (
                    [question_id] => 23
                    [question_type] => multiple_choice
                    [user_answer] => C
                    [is_correct] => 
                )

            [3] => Array
                (
                    [question_id] => 25
                    [question_type] => multiple_choice
                    [user_answer] => B
                    [is_correct] => 1
                )

            [4] => Array
                (
                    [question_id] => 22
                    [question_type] => multiple_choice
                    [user_answer] => C
                    [is_correct] => 
                )

        )

    [tab_switch_count] => 0
    [tab_switch_flagged] => 
    [tab_switch_log] => Array
        (
        )

)

[2025-12-04 14:27:35] Extracted data - User: 1, Book: 5, Score: 1/5 (20%)
[2025-12-04 14:27:35] Starting database operations...
[2025-12-04 14:27:35] Transaction started
[2025-12-04 14:27:35] User verified: Juan Dela Cruz
[2025-12-04 14:27:35] Book verified: Bridge to Terabithia
[2025-12-04 14:27:35] Attempting to save quiz attempt...
[2025-12-04 14:27:35] Quiz attempt saved successfully! Attempt ID: 0
[2025-12-04 14:27:35] System log created
[2025-12-04 14:27:35] Is re-attempt: YES (Previous attempts: 1)
[2025-12-04 14:27:35] Books completed count (any attempt): 3
[2025-12-04 14:27:35] Average score: 40%
[2025-12-04 14:27:35] Processing rewards based on 3 books completed...
[2025-12-04 14:27:35] Checking reward: Pen Reward (requires 10 books)
[2025-12-04 14:27:35] Not enough books for reward: Pen Reward
[2025-12-04 14:27:35] Checking reward: Notebook Reward (requires 25 books)
[2025-12-04 14:27:35] Not enough books for reward: Notebook Reward
[2025-12-04 14:27:35] Checking reward: Drawing Materials (requires 50 books)
[2025-12-04 14:27:35] Not enough books for reward: Drawing Materials
[2025-12-04 14:27:35] Checking reward: School Supplies Bundle (requires 100 books)
[2025-12-04 14:27:35] Not enough books for reward: School Supplies Bundle
[2025-12-04 14:27:35] Total rewards earned: 0
[2025-12-04 14:27:35] ✅ Transaction committed successfully
[2025-12-04 14:27:35] Response data: Array
(
    [attempt_id] => 0
    [books_completed] => 3
    [average_score] => 40
    [rewards_earned] => 0
    [new_rewards] => Array
        (
        )

    [all_rewards] => Array
        (
        )

    [user_name] => Juan Dela Cruz
    [book_title] => Bridge to Terabithia
    [passed] => 
    [is_reattempt] => 1
    [tab_switch_flagged] => 
)

[2025-12-04 14:27:35] === Quiz Save Successful ===
[2025-12-06 01:44:51] === Quiz Save Request Started ===
[2025-12-06 01:44:51] User logged in: 1
[2025-12-06 01:44:51] Raw JSON: {"user_id":1,"book_id":3,"total_questions":5,"correct_answers":1,"score_percentage":20,"time_taken":6,"responses":[{"question_id":12,"question_type":"multiple_choice","user_answer":"B","is_correct":true},{"question_id":15,"question_type":"multiple_choice","user_answer":"C","is_correct":false},{"question_id":11,"question_type":"multiple_choice","user_answer":"B","is_correct":false},{"question_id":14,"question_type":"multiple_choice","user_answer":"B","is_correct":false},{"question_id":13,"question_type":"multiple_choice","user_answer":"A","is_correct":false}],"tab_switch_count":0,"tab_switch_flagged":false,"tab_switch_log":[]}
[2025-12-06 01:44:51] Quiz Data: Array
(
    [user_id] => 1
    [book_id] => 3
    [total_questions] => 5
    [correct_answers] => 1
    [score_percentage] => 20
    [time_taken] => 6
    [responses] => Array
        (
            [0] => Array
                (
                    [question_id] => 12
                    [question_type] => multiple_choice
                    [user_answer] => B
                    [is_correct] => 1
                )

            [1] => Array
                (
                    [question_id] => 15
                    [question_type] => multiple_choice
                    [user_answer] => C
                    [is_correct] => 
                )

            [2] => Array
                (
                    [question_id] => 11
                    [question_type] => multiple_choice
                    [user_answer] => B
                    [is_correct] => 
                )

            [3] => Array
                (
                    [question_id] => 14
                    [question_type] => multiple_choice
                    [user_answer] => B
                    [is_correct] => 
                )

            [4] => Array
                (
                    [question_id] => 13
                    [question_type] => multiple_choice
                    [user_answer] => A
                    [is_correct] => 
                )

        )

    [tab_switch_count] => 0
    [tab_switch_flagged] => 
    [tab_switch_log] => Array
        (
        )

)

[2025-12-06 01:44:51] Extracted data - User: 1, Book: 3, Score: 1/5 (20%)
[2025-12-06 01:44:51] Starting database operations...
[2025-12-06 01:44:51] Transaction started
[2025-12-06 01:44:51] User verified: Juan Dela Cruz
[2025-12-06 01:44:51] Book verified: Where the Red Fern Grows
[2025-12-06 01:44:51] Attempting to save quiz attempt...
[2025-12-06 01:44:51] Quiz attempt saved successfully! Attempt ID: 0
[2025-12-06 01:44:51] System log created
[2025-12-06 01:44:51] Is re-attempt: YES (Previous attempts: 2)
[2025-12-06 01:44:51] Books completed count (any attempt): 10
[2025-12-06 01:44:51] Average score: 37.5%
[2025-12-06 01:44:51] Processing rewards based on 10 books completed...
[2025-12-06 01:44:51] Checking reward: Pen Reward (requires 10 books)
[2025-12-06 01:44:51] User already has reward: Pen Reward
[2025-12-06 01:44:51] Checking reward: Notebook Reward (requires 25 books)
[2025-12-06 01:44:51] Not enough books for reward: Notebook Reward
[2025-12-06 01:44:51] Checking reward: Drawing Materials (requires 50 books)
[2025-12-06 01:44:51] Not enough books for reward: Drawing Materials
[2025-12-06 01:44:51] Checking reward: School Supplies Bundle (requires 100 books)
[2025-12-06 01:44:51] Not enough books for reward: School Supplies Bundle
[2025-12-06 01:44:51] Total rewards earned: 1
[2025-12-06 01:44:51] ✅ Transaction committed successfully
[2025-12-06 01:44:51] Response data: Array
(
    [attempt_id] => 0
    [books_completed] => 10
    [average_score] => 37.5
    [rewards_earned] => 1
    [new_rewards] => Array
        (
        )

    [all_rewards] => Array
        (
            [0] => Pen Reward
        )

    [user_name] => Juan Dela Cruz
    [book_title] => Where the Red Fern Grows
    [passed] => 
    [is_reattempt] => 1
    [tab_switch_flagged] => 
)

[2025-12-06 01:44:51] === Quiz Save Successful ===
[2025-12-06 01:52:40] === Quiz Save Request Started ===
[2025-12-06 01:52:40] User logged in: 1
[2025-12-06 01:52:40] Raw JSON: {"user_id":1,"book_id":3,"total_questions":5,"correct_answers":0,"score_percentage":0,"time_taken":8,"responses":[{"question_id":13,"question_type":"multiple_choice","user_answer":"C","is_correct":false},{"question_id":12,"question_type":"multiple_choice","user_answer":"C","is_correct":false},{"question_id":14,"question_type":"multiple_choice","user_answer":"B","is_correct":false},{"question_id":15,"question_type":"multiple_choice","user_answer":"C","is_correct":false},{"question_id":11,"question_type":"multiple_choice","user_answer":"B","is_correct":false}],"tab_switch_count":0,"tab_switch_flagged":false,"tab_switch_log":[]}
[2025-12-06 01:52:40] Quiz Data: Array
(
    [user_id] => 1
    [book_id] => 3
    [total_questions] => 5
    [correct_answers] => 0
    [score_percentage] => 0
    [time_taken] => 8
    [responses] => Array
        (
            [0] => Array
                (
                    [question_id] => 13
                    [question_type] => multiple_choice
                    [user_answer] => C
                    [is_correct] => 
                )

            [1] => Array
                (
                    [question_id] => 12
                    [question_type] => multiple_choice
                    [user_answer] => C
                    [is_correct] => 
                )

            [2] => Array
                (
                    [question_id] => 14
                    [question_type] => multiple_choice
                    [user_answer] => B
                    [is_correct] => 
                )

            [3] => Array
                (
                    [question_id] => 15
                    [question_type] => multiple_choice
                    [user_answer] => C
                    [is_correct] => 
                )

            [4] => Array
                (
                    [question_id] => 11
                    [question_type] => multiple_choice
                    [user_answer] => B
                    [is_correct] => 
                )

        )

    [tab_switch_count] => 0
    [tab_switch_flagged] => 
    [tab_switch_log] => Array
        (
        )

)

[2025-12-06 01:52:40] Extracted data - User: 1, Book: 3, Score: 0/5 (0%)
[2025-12-06 01:52:40] Starting database operations...
[2025-12-06 01:52:40] Transaction started
[2025-12-06 01:52:40] User verified: Juan Dela Cruz
[2025-12-06 01:52:40] Book verified: Where the Red Fern Grows
[2025-12-06 01:52:40] Attempting to save quiz attempt...
[2025-12-06 01:52:40] Quiz attempt saved successfully! Attempt ID: 0
[2025-12-06 01:52:40] System log created
[2025-12-06 01:52:40] Is re-attempt: YES (Previous attempts: 2)
[2025-12-06 01:52:40] Books completed count (any attempt): 10
[2025-12-06 01:52:40] Average score: 35.8%
[2025-12-06 01:52:40] Processing rewards based on 10 books completed...
[2025-12-06 01:52:40] Checking reward: Pen Reward (requires 10 books)
[2025-12-06 01:52:40] User already has reward: Pen Reward
[2025-12-06 01:52:40] Checking reward: Notebook Reward (requires 25 books)
[2025-12-06 01:52:40] Not enough books for reward: Notebook Reward
[2025-12-06 01:52:40] Checking reward: Drawing Materials (requires 50 books)
[2025-12-06 01:52:40] Not enough books for reward: Drawing Materials
[2025-12-06 01:52:40] Checking reward: School Supplies Bundle (requires 100 books)
[2025-12-06 01:52:40] Not enough books for reward: School Supplies Bundle
[2025-12-06 01:52:40] Total rewards earned: 1
[2025-12-06 01:52:40] ✅ Transaction committed successfully
[2025-12-06 01:52:40] Response data: Array
(
    [attempt_id] => 0
    [books_completed] => 10
    [average_score] => 35.8
    [rewards_earned] => 1
    [new_rewards] => Array
        (
        )

    [all_rewards] => Array
        (
            [0] => Pen Reward
        )

    [user_name] => Juan Dela Cruz
    [book_title] => Where the Red Fern Grows
    [passed] => 
    [is_reattempt] => 1
    [tab_switch_flagged] => 
)

[2025-12-06 01:52:40] === Quiz Save Successful ===
[2025-12-06 03:35:59] === Quiz Save Request Started ===
[2025-12-06 03:35:59] User logged in: 1
[2025-12-06 03:35:59] Raw JSON: {"user_id":1,"book_id":1,"total_questions":7,"correct_answers":0,"score_percentage":0,"time_taken":10,"responses":[{"question_id":2,"question_type":"multiple_choice","user_answer":"N/A","is_correct":false},{"question_id":1,"question_type":"multiple_choice","user_answer":"N/A","is_correct":false},{"question_id":3,"question_type":"multiple_choice","user_answer":"N/A","is_correct":false},{"question_id":55,"question_type":"multiple_choice","user_answer":"N/A","is_correct":false},{"question_id":54,"question_type":"multiple_choice","user_answer":"N/A","is_correct":false},{"question_id":4,"question_type":"multiple_choice","user_answer":"N/A","is_correct":false},{"question_id":5,"question_type":"multiple_choice","user_answer":"N/A","is_correct":false}],"tab_switch_count":4,"tab_switch_flagged":true,"tab_switch_log":[{"type":"window_blur","timestamp":"2025-12-05T19:35:53.297Z","question":1,"warning_number":1},{"type":"returned","timestamp":"2025-12-05T19:35:55.572Z","question":1},{"type":"window_blur","timestamp":"2025-12-05T19:35:56.417Z","question":1,"warning_number":2},{"type":"returned","timestamp":"2025-12-05T19:35:56.980Z","question":1},{"type":"window_blur","timestamp":"2025-12-05T19:35:57.418Z","question":1,"warning_number":3},{"type":"returned","timestamp":"2025-12-05T19:35:57.876Z","question":1},{"type":"window_blur","timestamp":"2025-12-05T19:35:58.401Z","question":1,"warning_number":4}]}
[2025-12-06 03:35:59] Quiz Data: Array
(
    [user_id] => 1
    [book_id] => 1
    [total_questions] => 7
    [correct_answers] => 0
    [score_percentage] => 0
    [time_taken] => 10
    [responses] => Array
        (
            [0] => Array
                (
                    [question_id] => 2
                    [question_type] => multiple_choice
                    [user_answer] => N/A
                    [is_correct] => 
                )

            [1] => Array
                (
                    [question_id] => 1
                    [question_type] => multiple_choice
                    [user_answer] => N/A
                    [is_correct] => 
                )

            [2] => Array
                (
                    [question_id] => 3
                    [question_type] => multiple_choice
                    [user_answer] => N/A
                    [is_correct] => 
                )

            [3] => Array
                (
                    [question_id] => 55
                    [question_type] => multiple_choice
                    [user_answer] => N/A
                    [is_correct] => 
                )

            [4] => Array
                (
                    [question_id] => 54
                    [question_type] => multiple_choice
                    [user_answer] => N/A
                    [is_correct] => 
                )

            [5] => Array
                (
                    [question_id] => 4
                    [question_type] => multiple_choice
                    [user_answer] => N/A
                    [is_correct] => 
                )

            [6] => Array
                (
                    [question_id] => 5
                    [question_type] => multiple_choice
                    [user_answer] => N/A
                    [is_correct] => 
                )

        )

    [tab_switch_count] => 4
    [tab_switch_flagged] => 1
    [tab_switch_log] => Array
        (
            [0] => Array
                (
                    [type] => window_blur
                    [timestamp] => 2025-12-05T19:35:53.297Z
                    [question] => 1
                    [warning_number] => 1
                )

            [1] => Array
                (
                    [type] => returned
                    [timestamp] => 2025-12-05T19:35:55.572Z
                    [question] => 1
                )

            [2] => Array
                (
                    [type] => window_blur
                    [timestamp] => 2025-12-05T19:35:56.417Z
                    [question] => 1
                    [warning_number] => 2
                )

            [3] => Array
                (
                    [type] => returned
                    [timestamp] => 2025-12-05T19:35:56.980Z
                    [question] => 1
                )

            [4] => Array
                (
                    [type] => window_blur
                    [timestamp] => 2025-12-05T19:35:57.418Z
                    [question] => 1
                    [warning_number] => 3
                )

            [5] => Array
                (
                    [type] => returned
                    [timestamp] => 2025-12-05T19:35:57.876Z
                    [question] => 1
                )

            [6] => Array
                (
                    [type] => window_blur
                    [timestamp] => 2025-12-05T19:35:58.401Z
                    [question] => 1
                    [warning_number] => 4
                )

        )

)

[2025-12-06 03:35:59] Extracted data - User: 1, Book: 1, Score: 0/7 (0%)
[2025-12-06 03:35:59] Starting database operations...
[2025-12-06 03:35:59] Transaction started
[2025-12-06 03:35:59] User verified: Juan Dela Cruz
[2025-12-06 03:35:59] Book verified: The Adventures of Tom Sawyer
[2025-12-06 03:36:00] Attempting to save quiz attempt...
[2025-12-06 03:36:00] Quiz attempt saved successfully! Attempt ID: 0
[2025-12-06 03:36:00] System log created
[2025-12-06 03:36:00] Is re-attempt: YES (Previous attempts: 7)
[2025-12-06 03:36:00] Books completed count (any attempt): 10
[2025-12-06 03:36:00] Average score: 21.7%
[2025-12-06 03:36:00] Processing rewards based on 10 books completed...
[2025-12-06 03:36:00] Checking reward: Pen Reward (requires 10 books)
[2025-12-06 03:36:00] User already has reward: Pen Reward
[2025-12-06 03:36:00] Checking reward: Notebook Reward (requires 25 books)
[2025-12-06 03:36:00] Not enough books for reward: Notebook Reward
[2025-12-06 03:36:00] Checking reward: Drawing Materials (requires 50 books)
[2025-12-06 03:36:00] Not enough books for reward: Drawing Materials
[2025-12-06 03:36:00] Checking reward: School Supplies Bundle (requires 100 books)
[2025-12-06 03:36:00] Not enough books for reward: School Supplies Bundle
[2025-12-06 03:36:00] Total rewards earned: 1
[2025-12-06 03:36:00] ✅ Transaction committed successfully
[2025-12-06 03:36:00] Response data: Array
(
    [attempt_id] => 0
    [books_completed] => 10
    [average_score] => 21.7
    [rewards_earned] => 1
    [new_rewards] => Array
        (
        )

    [all_rewards] => Array
        (
            [0] => Pen Reward
        )

    [user_name] => Juan Dela Cruz
    [book_title] => The Adventures of Tom Sawyer
    [passed] => 
    [is_reattempt] => 1
    [tab_switch_flagged] => 1
)

[2025-12-06 03:36:00] === Quiz Save Successful ===
[2025-12-06 03:44:28] === Quiz Save Request Started ===
[2025-12-06 03:44:28] User logged in: 1
[2025-12-06 03:44:28] Raw JSON: {"user_id":1,"book_id":1,"total_questions":7,"correct_answers":2,"score_percentage":29,"time_taken":10,"responses":[{"question_id":4,"question_type":"multiple_choice","user_answer":"D","is_correct":false},{"question_id":54,"question_type":"multiple_choice","user_answer":"B","is_correct":false},{"question_id":5,"question_type":"multiple_choice","user_answer":"B","is_correct":false},{"question_id":1,"question_type":"multiple_choice","user_answer":"A","is_correct":true},{"question_id":2,"question_type":"multiple_choice","user_answer":"A","is_correct":false},{"question_id":55,"question_type":"multiple_choice","user_answer":"A","is_correct":false},{"question_id":3,"question_type":"multiple_choice","user_answer":"C","is_correct":true}],"tab_switch_count":0,"tab_switch_flagged":false,"tab_switch_log":[]}
[2025-12-06 03:44:28] Quiz Data: Array
(
    [user_id] => 1
    [book_id] => 1
    [total_questions] => 7
    [correct_answers] => 2
    [score_percentage] => 29
    [time_taken] => 10
    [responses] => Array
        (
            [0] => Array
                (
                    [question_id] => 4
                    [question_type] => multiple_choice
                    [user_answer] => D
                    [is_correct] => 
                )

            [1] => Array
                (
                    [question_id] => 54
                    [question_type] => multiple_choice
                    [user_answer] => B
                    [is_correct] => 
                )

            [2] => Array
                (
                    [question_id] => 5
                    [question_type] => multiple_choice
                    [user_answer] => B
                    [is_correct] => 
                )

            [3] => Array
                (
                    [question_id] => 1
                    [question_type] => multiple_choice
                    [user_answer] => A
                    [is_correct] => 1
                )

            [4] => Array
                (
                    [question_id] => 2
                    [question_type] => multiple_choice
                    [user_answer] => A
                    [is_correct] => 
                )

            [5] => Array
                (
                    [question_id] => 55
                    [question_type] => multiple_choice
                    [user_answer] => A
                    [is_correct] => 
                )

            [6] => Array
                (
                    [question_id] => 3
                    [question_type] => multiple_choice
                    [user_answer] => C
                    [is_correct] => 1
                )

        )

    [tab_switch_count] => 0
    [tab_switch_flagged] => 
    [tab_switch_log] => Array
        (
        )

)

[2025-12-06 03:44:28] Extracted data - User: 1, Book: 1, Score: 2/7 (29%)
[2025-12-06 03:44:28] Starting database operations...
[2025-12-06 03:44:28] Transaction started
[2025-12-06 03:44:28] User verified: Juan Dela Cruz
[2025-12-06 03:44:28] Book verified: The Adventures of Tom Sawyer
[2025-12-06 03:44:28] Attempting to save quiz attempt...
[2025-12-06 03:44:29] Quiz attempt saved successfully! Attempt ID: 0
[2025-12-06 03:44:29] System log created
[2025-12-06 03:44:29] Is re-attempt: YES (Previous attempts: 7)
[2025-12-06 03:44:29] Books completed count (any attempt): 10
[2025-12-06 03:44:29] Average score: 30.1%
[2025-12-06 03:44:29] Processing rewards based on 10 books completed...
[2025-12-06 03:44:29] Checking reward: Pen Reward (requires 10 books)
[2025-12-06 03:44:29] User already has reward: Pen Reward
[2025-12-06 03:44:29] Checking reward: Notebook Reward (requires 25 books)
[2025-12-06 03:44:29] Not enough books for reward: Notebook Reward
[2025-12-06 03:44:29] Checking reward: Drawing Materials (requires 50 books)
[2025-12-06 03:44:29] Not enough books for reward: Drawing Materials
[2025-12-06 03:44:29] Checking reward: School Supplies Bundle (requires 100 books)
[2025-12-06 03:44:29] Not enough books for reward: School Supplies Bundle
[2025-12-06 03:44:29] Total rewards earned: 1
[2025-12-06 03:44:29] ✅ Transaction committed successfully
[2025-12-06 03:44:29] Response data: Array
(
    [attempt_id] => 0
    [books_completed] => 10
    [average_score] => 30.1
    [rewards_earned] => 1
    [new_rewards] => Array
        (
        )

    [all_rewards] => Array
        (
            [0] => Pen Reward
        )

    [user_name] => Juan Dela Cruz
    [book_title] => The Adventures of Tom Sawyer
    [passed] => 
    [is_reattempt] => 1
    [tab_switch_flagged] => 
)

[2025-12-06 03:44:29] === Quiz Save Successful ===
[2025-12-06 06:21:04] === Quiz Save Request Started ===
[2025-12-06 06:21:04] User logged in: 2
[2025-12-06 06:21:04] Raw JSON: {"user_id":2,"book_id":5,"total_questions":5,"correct_answers":2,"score_percentage":40,"time_taken":9,"responses":[{"question_id":24,"question_type":"multiple_choice","user_answer":"A","is_correct":false},{"question_id":25,"question_type":"multiple_choice","user_answer":"C","is_correct":false},{"question_id":23,"question_type":"multiple_choice","user_answer":"B","is_correct":true},{"question_id":22,"question_type":"multiple_choice","user_answer":"D","is_correct":false},{"question_id":21,"question_type":"multiple_choice","user_answer":"C","is_correct":true}],"tab_switch_count":0,"tab_switch_flagged":false,"tab_switch_log":[]}
[2025-12-06 06:21:04] Quiz Data: Array
(
    [user_id] => 2
    [book_id] => 5
    [total_questions] => 5
    [correct_answers] => 2
    [score_percentage] => 40
    [time_taken] => 9
    [responses] => Array
        (
            [0] => Array
                (
                    [question_id] => 24
                    [question_type] => multiple_choice
                    [user_answer] => A
                    [is_correct] => 
                )

            [1] => Array
                (
                    [question_id] => 25
                    [question_type] => multiple_choice
                    [user_answer] => C
                    [is_correct] => 
                )

            [2] => Array
                (
                    [question_id] => 23
                    [question_type] => multiple_choice
                    [user_answer] => B
                    [is_correct] => 1
                )

            [3] => Array
                (
                    [question_id] => 22
                    [question_type] => multiple_choice
                    [user_answer] => D
                    [is_correct] => 
                )

            [4] => Array
                (
                    [question_id] => 21
                    [question_type] => multiple_choice
                    [user_answer] => C
                    [is_correct] => 1
                )

        )

    [tab_switch_count] => 0
    [tab_switch_flagged] => 
    [tab_switch_log] => Array
        (
        )

)

[2025-12-06 06:21:04] Extracted data - User: 2, Book: 5, Score: 2/5 (40%)
[2025-12-06 06:21:04] Starting database operations...
[2025-12-06 06:21:04] Transaction started
[2025-12-06 06:21:04] User verified: Maria Santos
[2025-12-06 06:21:04] Book verified: Bridge to Terabithia
[2025-12-06 06:21:04] Attempting to save quiz attempt...
[2025-12-06 06:21:04] Quiz attempt saved successfully! Attempt ID: 1
[2025-12-06 06:21:04] System log created
[2025-12-06 06:21:04] Is re-attempt: YES (Previous attempts: 1)
[2025-12-06 06:21:04] Books completed count (any attempt): 1
[2025-12-06 06:21:04] Average score: 40%
[2025-12-06 06:21:04] Processing rewards based on 1 books completed...
[2025-12-06 06:21:04] Checking reward: Pen Reward (requires 10 books)
[2025-12-06 06:21:04] Not enough books for reward: Pen Reward
[2025-12-06 06:21:04] Checking reward: Notebook Reward (requires 25 books)
[2025-12-06 06:21:04] Not enough books for reward: Notebook Reward
[2025-12-06 06:21:04] Checking reward: Drawing Materials (requires 50 books)
[2025-12-06 06:21:04] Not enough books for reward: Drawing Materials
[2025-12-06 06:21:04] Checking reward: School Supplies Bundle (requires 100 books)
[2025-12-06 06:21:04] Not enough books for reward: School Supplies Bundle
[2025-12-06 06:21:04] Total rewards earned: 0
[2025-12-06 06:21:04] ✅ Transaction committed successfully
[2025-12-06 06:21:04] Response data: Array
(
    [attempt_id] => 1
    [books_completed] => 1
    [average_score] => 40
    [rewards_earned] => 0
    [new_rewards] => Array
        (
        )

    [all_rewards] => Array
        (
        )

    [user_name] => Maria Santos
    [book_title] => Bridge to Terabithia
    [passed] => 
    [is_reattempt] => 1
    [tab_switch_flagged] => 
)

[2025-12-06 06:21:04] === Quiz Save Successful ===
[2025-12-06 06:22:30] === Quiz Save Request Started ===
[2025-12-06 06:22:30] User logged in: 2
[2025-12-06 06:22:30] Raw JSON: {"user_id":2,"book_id":5,"total_questions":5,"correct_answers":3,"score_percentage":60,"time_taken":10,"responses":[{"question_id":25,"question_type":"multiple_choice","user_answer":"C","is_correct":false},{"question_id":23,"question_type":"multiple_choice","user_answer":"B","is_correct":true},{"question_id":24,"question_type":"multiple_choice","user_answer":"C","is_correct":false},{"question_id":21,"question_type":"multiple_choice","user_answer":"C","is_correct":true},{"question_id":22,"question_type":"multiple_choice","user_answer":"B","is_correct":true}],"tab_switch_count":1,"tab_switch_flagged":true,"tab_switch_log":[{"type":"window_blur","timestamp":"2025-12-05T22:22:22.090Z","question":1,"warning_number":1},{"type":"returned","timestamp":"2025-12-05T22:22:22.386Z","question":1}]}
[2025-12-06 06:22:30] Quiz Data: Array
(
    [user_id] => 2
    [book_id] => 5
    [total_questions] => 5
    [correct_answers] => 3
    [score_percentage] => 60
    [time_taken] => 10
    [responses] => Array
        (
            [0] => Array
                (
                    [question_id] => 25
                    [question_type] => multiple_choice
                    [user_answer] => C
                    [is_correct] => 
                )

            [1] => Array
                (
                    [question_id] => 23
                    [question_type] => multiple_choice
                    [user_answer] => B
                    [is_correct] => 1
                )

            [2] => Array
                (
                    [question_id] => 24
                    [question_type] => multiple_choice
                    [user_answer] => C
                    [is_correct] => 
                )

            [3] => Array
                (
                    [question_id] => 21
                    [question_type] => multiple_choice
                    [user_answer] => C
                    [is_correct] => 1
                )

            [4] => Array
                (
                    [question_id] => 22
                    [question_type] => multiple_choice
                    [user_answer] => B
                    [is_correct] => 1
                )

        )

    [tab_switch_count] => 1
    [tab_switch_flagged] => 1
    [tab_switch_log] => Array
        (
            [0] => Array
                (
                    [type] => window_blur
                    [timestamp] => 2025-12-05T22:22:22.090Z
                    [question] => 1
                    [warning_number] => 1
                )

            [1] => Array
                (
                    [type] => returned
                    [timestamp] => 2025-12-05T22:22:22.386Z
                    [question] => 1
                )

        )

)

[2025-12-06 06:22:30] Extracted data - User: 2, Book: 5, Score: 3/5 (60%)
[2025-12-06 06:22:30] Starting database operations...
[2025-12-06 06:22:30] Transaction started
[2025-12-06 06:22:30] User verified: Maria Santos
[2025-12-06 06:22:30] Book verified: Bridge to Terabithia
[2025-12-06 06:22:30] Attempting to save quiz attempt...
[2025-12-06 06:22:30] Quiz attempt saved successfully! Attempt ID: 0
[2025-12-06 06:22:30] System log created
[2025-12-06 06:22:30] Is re-attempt: YES (Previous attempts: 1)
[2025-12-06 06:22:30] Books completed count (any attempt): 1
[2025-12-06 06:22:30] Average score: 60%
[2025-12-06 06:22:30] Processing rewards based on 1 books completed...
[2025-12-06 06:22:30] Checking reward: Pen Reward (requires 10 books)
[2025-12-06 06:22:30] Not enough books for reward: Pen Reward
[2025-12-06 06:22:30] Checking reward: Notebook Reward (requires 25 books)
[2025-12-06 06:22:30] Not enough books for reward: Notebook Reward
[2025-12-06 06:22:30] Checking reward: Drawing Materials (requires 50 books)
[2025-12-06 06:22:30] Not enough books for reward: Drawing Materials
[2025-12-06 06:22:30] Checking reward: School Supplies Bundle (requires 100 books)
[2025-12-06 06:22:30] Not enough books for reward: School Supplies Bundle
[2025-12-06 06:22:30] Total rewards earned: 0
[2025-12-06 06:22:30] ✅ Transaction committed successfully
[2025-12-06 06:22:30] Response data: Array
(
    [attempt_id] => 0
    [books_completed] => 1
    [average_score] => 60
    [rewards_earned] => 0
    [new_rewards] => Array
        (
        )

    [all_rewards] => Array
        (
        )

    [user_name] => Maria Santos
    [book_title] => Bridge to Terabithia
    [passed] => 
    [is_reattempt] => 1
    [tab_switch_flagged] => 1
)

[2025-12-06 06:22:30] === Quiz Save Successful ===
[2025-12-06 06:24:35] === Quiz Save Request Started ===
[2025-12-06 06:24:35] User logged in: 2
[2025-12-06 06:24:35] Raw JSON: {"user_id":2,"book_id":5,"total_questions":5,"correct_answers":3,"score_percentage":60,"time_taken":12,"responses":[{"question_id":23,"question_type":"multiple_choice","user_answer":"A","is_correct":false},{"question_id":21,"question_type":"multiple_choice","user_answer":"C","is_correct":true},{"question_id":24,"question_type":"multiple_choice","user_answer":"B","is_correct":true},{"question_id":22,"question_type":"multiple_choice","user_answer":"C","is_correct":false},{"question_id":25,"question_type":"multiple_choice","user_answer":"B","is_correct":true}],"tab_switch_count":0,"tab_switch_flagged":false,"tab_switch_log":[]}
[2025-12-06 06:24:35] Quiz Data: Array
(
    [user_id] => 2
    [book_id] => 5
    [total_questions] => 5
    [correct_answers] => 3
    [score_percentage] => 60
    [time_taken] => 12
    [responses] => Array
        (
            [0] => Array
                (
                    [question_id] => 23
                    [question_type] => multiple_choice
                    [user_answer] => A
                    [is_correct] => 
                )

            [1] => Array
                (
                    [question_id] => 21
                    [question_type] => multiple_choice
                    [user_answer] => C
                    [is_correct] => 1
                )

            [2] => Array
                (
                    [question_id] => 24
                    [question_type] => multiple_choice
                    [user_answer] => B
                    [is_correct] => 1
                )

            [3] => Array
                (
                    [question_id] => 22
                    [question_type] => multiple_choice
                    [user_answer] => C
                    [is_correct] => 
                )

            [4] => Array
                (
                    [question_id] => 25
                    [question_type] => multiple_choice
                    [user_answer] => B
                    [is_correct] => 1
                )

        )

    [tab_switch_count] => 0
    [tab_switch_flagged] => 
    [tab_switch_log] => Array
        (
        )

)

[2025-12-06 06:24:35] Extracted data - User: 2, Book: 5, Score: 3/5 (60%)
[2025-12-06 06:24:35] Starting database operations...
[2025-12-06 06:24:35] Transaction started
[2025-12-06 06:24:35] User verified: Maria Santos
[2025-12-06 06:24:35] Book verified: Bridge to Terabithia
[2025-12-06 06:24:35] Attempting to save quiz attempt...
[2025-12-06 06:24:35] Quiz attempt saved successfully! Attempt ID: 0
[2025-12-06 06:24:35] System log created
[2025-12-06 06:24:35] Is re-attempt: YES (Previous attempts: 1)
[2025-12-06 06:24:35] Books completed count (any attempt): 1
[2025-12-06 06:24:35] Average score: 60%
[2025-12-06 06:24:35] Processing rewards based on 1 books completed...
[2025-12-06 06:24:35] Checking reward: Pen Reward (requires 10 books)
[2025-12-06 06:24:35] Not enough books for reward: Pen Reward
[2025-12-06 06:24:35] Checking reward: Notebook Reward (requires 25 books)
[2025-12-06 06:24:35] Not enough books for reward: Notebook Reward
[2025-12-06 06:24:35] Checking reward: Drawing Materials (requires 50 books)
[2025-12-06 06:24:35] Not enough books for reward: Drawing Materials
[2025-12-06 06:24:35] Checking reward: School Supplies Bundle (requires 100 books)
[2025-12-06 06:24:35] Not enough books for reward: School Supplies Bundle
[2025-12-06 06:24:35] Total rewards earned: 0
[2025-12-06 06:24:35] ✅ Transaction committed successfully
[2025-12-06 06:24:35] Response data: Array
(
    [attempt_id] => 0
    [books_completed] => 1
    [average_score] => 60
    [rewards_earned] => 0
    [new_rewards] => Array
        (
        )

    [all_rewards] => Array
        (
        )

    [user_name] => Maria Santos
    [book_title] => Bridge to Terabithia
    [passed] => 
    [is_reattempt] => 1
    [tab_switch_flagged] => 
)

[2025-12-06 06:24:35] === Quiz Save Successful ===
[2025-12-06 06:25:15] === Quiz Save Request Started ===
[2025-12-06 06:25:15] User logged in: 2
[2025-12-06 06:25:15] Raw JSON: {"user_id":2,"book_id":5,"total_questions":5,"correct_answers":0,"score_percentage":0,"time_taken":21,"responses":[{"question_id":22,"question_type":"multiple_choice","user_answer":"C","is_correct":false},{"question_id":24,"question_type":"multiple_choice","user_answer":"D","is_correct":false},{"question_id":25,"question_type":"multiple_choice","user_answer":"C","is_correct":false},{"question_id":21,"question_type":"multiple_choice","user_answer":"B","is_correct":false},{"question_id":23,"question_type":"multiple_choice","user_answer":"C","is_correct":false}],"tab_switch_count":0,"tab_switch_flagged":false,"tab_switch_log":[]}
[2025-12-06 06:25:15] Quiz Data: Array
(
    [user_id] => 2
    [book_id] => 5
    [total_questions] => 5
    [correct_answers] => 0
    [score_percentage] => 0
    [time_taken] => 21
    [responses] => Array
        (
            [0] => Array
                (
                    [question_id] => 22
                    [question_type] => multiple_choice
                    [user_answer] => C
                    [is_correct] => 
                )

            [1] => Array
                (
                    [question_id] => 24
                    [question_type] => multiple_choice
                    [user_answer] => D
                    [is_correct] => 
                )

            [2] => Array
                (
                    [question_id] => 25
                    [question_type] => multiple_choice
                    [user_answer] => C
                    [is_correct] => 
                )

            [3] => Array
                (
                    [question_id] => 21
                    [question_type] => multiple_choice
                    [user_answer] => B
                    [is_correct] => 
                )

            [4] => Array
                (
                    [question_id] => 23
                    [question_type] => multiple_choice
                    [user_answer] => C
                    [is_correct] => 
                )

        )

    [tab_switch_count] => 0
    [tab_switch_flagged] => 
    [tab_switch_log] => Array
        (
        )

)

[2025-12-06 06:25:15] Extracted data - User: 2, Book: 5, Score: 0/5 (0%)
[2025-12-06 06:25:15] Starting database operations...
[2025-12-06 06:25:15] Transaction started
[2025-12-06 06:25:15] User verified: Maria Santos
[2025-12-06 06:25:15] Book verified: Bridge to Terabithia
[2025-12-06 06:25:15] Attempting to save quiz attempt...
[2025-12-06 06:25:15] Quiz attempt saved successfully! Attempt ID: 0
[2025-12-06 06:25:15] System log created
[2025-12-06 06:25:15] Is re-attempt: YES (Previous attempts: 1)
[2025-12-06 06:25:15] Books completed count (any attempt): 1
[2025-12-06 06:25:15] Average score: 0%
[2025-12-06 06:25:15] Processing rewards based on 1 books completed...
[2025-12-06 06:25:15] Checking reward: Pen Reward (requires 10 books)
[2025-12-06 06:25:15] Not enough books for reward: Pen Reward
[2025-12-06 06:25:15] Checking reward: Notebook Reward (requires 25 books)
[2025-12-06 06:25:15] Not enough books for reward: Notebook Reward
[2025-12-06 06:25:15] Checking reward: Drawing Materials (requires 50 books)
[2025-12-06 06:25:15] Not enough books for reward: Drawing Materials
[2025-12-06 06:25:15] Checking reward: School Supplies Bundle (requires 100 books)
[2025-12-06 06:25:15] Not enough books for reward: School Supplies Bundle
[2025-12-06 06:25:15] Total rewards earned: 0
[2025-12-06 06:25:15] ✅ Transaction committed successfully
[2025-12-06 06:25:15] Response data: Array
(
    [attempt_id] => 0
    [books_completed] => 1
    [average_score] => 0
    [rewards_earned] => 0
    [new_rewards] => Array
        (
        )

    [all_rewards] => Array
        (
        )

    [user_name] => Maria Santos
    [book_title] => Bridge to Terabithia
    [passed] => 
    [is_reattempt] => 1
    [tab_switch_flagged] => 
)

[2025-12-06 06:25:15] === Quiz Save Successful ===
[2025-12-06 06:25:41] === Quiz Save Request Started ===
[2025-12-06 06:25:41] User logged in: 2
[2025-12-06 06:25:41] Raw JSON: {"user_id":2,"book_id":5,"total_questions":5,"correct_answers":3,"score_percentage":60,"time_taken":9,"responses":[{"question_id":22,"question_type":"multiple_choice","user_answer":"B","is_correct":true},{"question_id":21,"question_type":"multiple_choice","user_answer":"D","is_correct":false},{"question_id":24,"question_type":"multiple_choice","user_answer":"B","is_correct":true},{"question_id":25,"question_type":"multiple_choice","user_answer":"B","is_correct":true},{"question_id":23,"question_type":"multiple_choice","user_answer":"C","is_correct":false}],"tab_switch_count":0,"tab_switch_flagged":false,"tab_switch_log":[]}
[2025-12-06 06:25:41] Quiz Data: Array
(
    [user_id] => 2
    [book_id] => 5
    [total_questions] => 5
    [correct_answers] => 3
    [score_percentage] => 60
    [time_taken] => 9
    [responses] => Array
        (
            [0] => Array
                (
                    [question_id] => 22
                    [question_type] => multiple_choice
                    [user_answer] => B
                    [is_correct] => 1
                )

            [1] => Array
                (
                    [question_id] => 21
                    [question_type] => multiple_choice
                    [user_answer] => D
                    [is_correct] => 
                )

            [2] => Array
                (
                    [question_id] => 24
                    [question_type] => multiple_choice
                    [user_answer] => B
                    [is_correct] => 1
                )

            [3] => Array
                (
                    [question_id] => 25
                    [question_type] => multiple_choice
                    [user_answer] => B
                    [is_correct] => 1
                )

            [4] => Array
                (
                    [question_id] => 23
                    [question_type] => multiple_choice
                    [user_answer] => C
                    [is_correct] => 
                )

        )

    [tab_switch_count] => 0
    [tab_switch_flagged] => 
    [tab_switch_log] => Array
        (
        )

)

[2025-12-06 06:25:41] Extracted data - User: 2, Book: 5, Score: 3/5 (60%)
[2025-12-06 06:25:41] Starting database operations...
[2025-12-06 06:25:41] Transaction started
[2025-12-06 06:25:41] User verified: Maria Santos
[2025-12-06 06:25:41] Book verified: Bridge to Terabithia
[2025-12-06 06:25:41] Attempting to save quiz attempt...
[2025-12-06 06:25:41] Quiz attempt saved successfully! Attempt ID: 0
[2025-12-06 06:25:41] System log created
[2025-12-06 06:25:41] Is re-attempt: YES (Previous attempts: 1)
[2025-12-06 06:25:41] Books completed count (any attempt): 1
[2025-12-06 06:25:41] Average score: 60%
[2025-12-06 06:25:41] Processing rewards based on 1 books completed...
[2025-12-06 06:25:41] Checking reward: Pen Reward (requires 10 books)
[2025-12-06 06:25:41] Not enough books for reward: Pen Reward
[2025-12-06 06:25:41] Checking reward: Notebook Reward (requires 25 books)
[2025-12-06 06:25:41] Not enough books for reward: Notebook Reward
[2025-12-06 06:25:41] Checking reward: Drawing Materials (requires 50 books)
[2025-12-06 06:25:41] Not enough books for reward: Drawing Materials
[2025-12-06 06:25:41] Checking reward: School Supplies Bundle (requires 100 books)
[2025-12-06 06:25:41] Not enough books for reward: School Supplies Bundle
[2025-12-06 06:25:41] Total rewards earned: 0
[2025-12-06 06:25:41] ✅ Transaction committed successfully
[2025-12-06 06:25:41] Response data: Array
(
    [attempt_id] => 0
    [books_completed] => 1
    [average_score] => 60
    [rewards_earned] => 0
    [new_rewards] => Array
        (
        )

    [all_rewards] => Array
        (
        )

    [user_name] => Maria Santos
    [book_title] => Bridge to Terabithia
    [passed] => 
    [is_reattempt] => 1
    [tab_switch_flagged] => 
)

[2025-12-06 06:25:41] === Quiz Save Successful ===
[2025-12-06 06:26:47] === Quiz Save Request Started ===
[2025-12-06 06:26:47] User logged in: 2
[2025-12-06 06:26:47] Raw JSON: {"user_id":2,"book_id":5,"total_questions":5,"correct_answers":0,"score_percentage":0,"time_taken":15,"responses":[{"question_id":22,"question_type":"multiple_choice","user_answer":"N/A","is_correct":false},{"question_id":23,"question_type":"multiple_choice","user_answer":"N/A","is_correct":false},{"question_id":21,"question_type":"multiple_choice","user_answer":"N/A","is_correct":false},{"question_id":25,"question_type":"multiple_choice","user_answer":"N/A","is_correct":false},{"question_id":24,"question_type":"multiple_choice","user_answer":"D","is_correct":false}],"tab_switch_count":0,"tab_switch_flagged":false,"tab_switch_log":[]}
[2025-12-06 06:26:47] Quiz Data: Array
(
    [user_id] => 2
    [book_id] => 5
    [total_questions] => 5
    [correct_answers] => 0
    [score_percentage] => 0
    [time_taken] => 15
    [responses] => Array
        (
            [0] => Array
                (
                    [question_id] => 22
                    [question_type] => multiple_choice
                    [user_answer] => N/A
                    [is_correct] => 
                )

            [1] => Array
                (
                    [question_id] => 23
                    [question_type] => multiple_choice
                    [user_answer] => N/A
                    [is_correct] => 
                )

            [2] => Array
                (
                    [question_id] => 21
                    [question_type] => multiple_choice
                    [user_answer] => N/A
                    [is_correct] => 
                )

            [3] => Array
                (
                    [question_id] => 25
                    [question_type] => multiple_choice
                    [user_answer] => N/A
                    [is_correct] => 
                )

            [4] => Array
                (
                    [question_id] => 24
                    [question_type] => multiple_choice
                    [user_answer] => D
                    [is_correct] => 
                )

        )

    [tab_switch_count] => 0
    [tab_switch_flagged] => 
    [tab_switch_log] => Array
        (
        )

)

[2025-12-06 06:26:47] Extracted data - User: 2, Book: 5, Score: 0/5 (0%)
[2025-12-06 06:26:47] Starting database operations...
[2025-12-06 06:26:47] Transaction started
[2025-12-06 06:26:47] User verified: Maria Santos
[2025-12-06 06:26:47] Book verified: Bridge to Terabithia
[2025-12-06 06:26:47] Attempting to save quiz attempt...
[2025-12-06 06:26:47] Quiz attempt saved successfully! Attempt ID: 0
[2025-12-06 06:26:47] System log created
[2025-12-06 06:26:47] Is re-attempt: YES (Previous attempts: 1)
[2025-12-06 06:26:47] Books completed count (any attempt): 1
[2025-12-06 06:26:47] Average score: 0%
[2025-12-06 06:26:47] Processing rewards based on 1 books completed...
[2025-12-06 06:26:47] Checking reward: Pen Reward (requires 10 books)
[2025-12-06 06:26:47] Not enough books for reward: Pen Reward
[2025-12-06 06:26:47] Checking reward: Notebook Reward (requires 25 books)
[2025-12-06 06:26:47] Not enough books for reward: Notebook Reward
[2025-12-06 06:26:47] Checking reward: Drawing Materials (requires 50 books)
[2025-12-06 06:26:47] Not enough books for reward: Drawing Materials
[2025-12-06 06:26:47] Checking reward: School Supplies Bundle (requires 100 books)
[2025-12-06 06:26:47] Not enough books for reward: School Supplies Bundle
[2025-12-06 06:26:47] Total rewards earned: 0
[2025-12-06 06:26:47] ✅ Transaction committed successfully
[2025-12-06 06:26:47] Response data: Array
(
    [attempt_id] => 0
    [books_completed] => 1
    [average_score] => 0
    [rewards_earned] => 0
    [new_rewards] => Array
        (
        )

    [all_rewards] => Array
        (
        )

    [user_name] => Maria Santos
    [book_title] => Bridge to Terabithia
    [passed] => 
    [is_reattempt] => 1
    [tab_switch_flagged] => 
)

[2025-12-06 06:26:47] === Quiz Save Successful ===
[2025-12-06 06:27:24] === Quiz Save Request Started ===
[2025-12-06 06:27:24] User logged in: 2
[2025-12-06 06:27:24] Raw JSON: {"user_id":2,"book_id":5,"total_questions":5,"correct_answers":0,"score_percentage":0,"time_taken":9,"responses":[{"question_id":23,"question_type":"multiple_choice","user_answer":"N/A","is_correct":false},{"question_id":25,"question_type":"multiple_choice","user_answer":"N/A","is_correct":false},{"question_id":21,"question_type":"multiple_choice","user_answer":"N/A","is_correct":false},{"question_id":22,"question_type":"multiple_choice","user_answer":"N/A","is_correct":false},{"question_id":24,"question_type":"multiple_choice","user_answer":"D","is_correct":false}],"tab_switch_count":0,"tab_switch_flagged":false,"tab_switch_log":[]}
[2025-12-06 06:27:24] Quiz Data: Array
(
    [user_id] => 2
    [book_id] => 5
    [total_questions] => 5
    [correct_answers] => 0
    [score_percentage] => 0
    [time_taken] => 9
    [responses] => Array
        (
            [0] => Array
                (
                    [question_id] => 23
                    [question_type] => multiple_choice
                    [user_answer] => N/A
                    [is_correct] => 
                )

            [1] => Array
                (
                    [question_id] => 25
                    [question_type] => multiple_choice
                    [user_answer] => N/A
                    [is_correct] => 
                )

            [2] => Array
                (
                    [question_id] => 21
                    [question_type] => multiple_choice
                    [user_answer] => N/A
                    [is_correct] => 
                )

            [3] => Array
                (
                    [question_id] => 22
                    [question_type] => multiple_choice
                    [user_answer] => N/A
                    [is_correct] => 
                )

            [4] => Array
                (
                    [question_id] => 24
                    [question_type] => multiple_choice
                    [user_answer] => D
                    [is_correct] => 
                )

        )

    [tab_switch_count] => 0
    [tab_switch_flagged] => 
    [tab_switch_log] => Array
        (
        )

)

[2025-12-06 06:27:24] Extracted data - User: 2, Book: 5, Score: 0/5 (0%)
[2025-12-06 06:27:24] Starting database operations...
[2025-12-06 06:27:24] Transaction started
[2025-12-06 06:27:24] User verified: Maria Santos
[2025-12-06 06:27:24] Book verified: Bridge to Terabithia
[2025-12-06 06:27:24] Attempting to save quiz attempt...
[2025-12-06 06:27:24] Quiz attempt saved successfully! Attempt ID: 0
[2025-12-06 06:27:24] System log created
[2025-12-06 06:27:24] Is re-attempt: YES (Previous attempts: 1)
[2025-12-06 06:27:24] Books completed count (any attempt): 1
[2025-12-06 06:27:24] Average score: 0%
[2025-12-06 06:27:24] Processing rewards based on 1 books completed...
[2025-12-06 06:27:24] Checking reward: Pen Reward (requires 10 books)
[2025-12-06 06:27:24] Not enough books for reward: Pen Reward
[2025-12-06 06:27:24] Checking reward: Notebook Reward (requires 25 books)
[2025-12-06 06:27:24] Not enough books for reward: Notebook Reward
[2025-12-06 06:27:24] Checking reward: Drawing Materials (requires 50 books)
[2025-12-06 06:27:24] Not enough books for reward: Drawing Materials
[2025-12-06 06:27:24] Checking reward: School Supplies Bundle (requires 100 books)
[2025-12-06 06:27:24] Not enough books for reward: School Supplies Bundle
[2025-12-06 06:27:24] Total rewards earned: 0
[2025-12-06 06:27:24] ✅ Transaction committed successfully
[2025-12-06 06:27:24] Response data: Array
(
    [attempt_id] => 0
    [books_completed] => 1
    [average_score] => 0
    [rewards_earned] => 0
    [new_rewards] => Array
        (
        )

    [all_rewards] => Array
        (
        )

    [user_name] => Maria Santos
    [book_title] => Bridge to Terabithia
    [passed] => 
    [is_reattempt] => 1
    [tab_switch_flagged] => 
)

[2025-12-06 06:27:24] === Quiz Save Successful ===
[2025-12-06 06:31:51] === Quiz Save Request Started ===
[2025-12-06 06:31:51] User logged in: 2
[2025-12-06 06:31:51] Raw JSON: {"user_id":2,"book_id":5,"total_questions":5,"correct_answers":1,"score_percentage":20,"time_taken":9,"responses":[{"question_id":23,"question_type":"multiple_choice","user_answer":"A","is_correct":false},{"question_id":25,"question_type":"multiple_choice","user_answer":"D","is_correct":false},{"question_id":22,"question_type":"multiple_choice","user_answer":"C","is_correct":false},{"question_id":24,"question_type":"multiple_choice","user_answer":"C","is_correct":false},{"question_id":21,"question_type":"multiple_choice","user_answer":"C","is_correct":true}],"tab_switch_count":0,"tab_switch_flagged":false,"tab_switch_log":[]}
[2025-12-06 06:31:51] Quiz Data: Array
(
    [user_id] => 2
    [book_id] => 5
    [total_questions] => 5
    [correct_answers] => 1
    [score_percentage] => 20
    [time_taken] => 9
    [responses] => Array
        (
            [0] => Array
                (
                    [question_id] => 23
                    [question_type] => multiple_choice
                    [user_answer] => A
                    [is_correct] => 
                )

            [1] => Array
                (
                    [question_id] => 25
                    [question_type] => multiple_choice
                    [user_answer] => D
                    [is_correct] => 
                )

            [2] => Array
                (
                    [question_id] => 22
                    [question_type] => multiple_choice
                    [user_answer] => C
                    [is_correct] => 
                )

            [3] => Array
                (
                    [question_id] => 24
                    [question_type] => multiple_choice
                    [user_answer] => C
                    [is_correct] => 
                )

            [4] => Array
                (
                    [question_id] => 21
                    [question_type] => multiple_choice
                    [user_answer] => C
                    [is_correct] => 1
                )

        )

    [tab_switch_count] => 0
    [tab_switch_flagged] => 
    [tab_switch_log] => Array
        (
        )

)

[2025-12-06 06:31:51] Extracted data - User: 2, Book: 5, Score: 1/5 (20%)
[2025-12-06 06:31:51] Starting database operations...
[2025-12-06 06:31:51] Transaction started
[2025-12-06 06:31:51] User verified: Maria Santos
[2025-12-06 06:31:51] Book verified: Bridge to Terabithia
[2025-12-06 06:31:51] Attempting to save quiz attempt...
[2025-12-06 06:31:51] Quiz attempt saved successfully! Attempt ID: 0
[2025-12-06 06:31:51] System log created
[2025-12-06 06:31:51] Is re-attempt: YES (Previous attempts: 1)
[2025-12-06 06:31:51] Books completed count (any attempt): 1
[2025-12-06 06:31:51] Average score: 20%
[2025-12-06 06:31:51] Processing rewards based on 1 books completed...
[2025-12-06 06:31:51] Checking reward: Pen Reward (requires 10 books)
[2025-12-06 06:31:51] Not enough books for reward: Pen Reward
[2025-12-06 06:31:51] Checking reward: Notebook Reward (requires 25 books)
[2025-12-06 06:31:51] Not enough books for reward: Notebook Reward
[2025-12-06 06:31:51] Checking reward: Drawing Materials (requires 50 books)
[2025-12-06 06:31:51] Not enough books for reward: Drawing Materials
[2025-12-06 06:31:51] Checking reward: School Supplies Bundle (requires 100 books)
[2025-12-06 06:31:51] Not enough books for reward: School Supplies Bundle
[2025-12-06 06:31:51] Total rewards earned: 0
[2025-12-06 06:31:51] ✅ Transaction committed successfully
[2025-12-06 06:31:51] Response data: Array
(
    [attempt_id] => 0
    [books_completed] => 1
    [average_score] => 20
    [rewards_earned] => 0
    [new_rewards] => Array
        (
        )

    [all_rewards] => Array
        (
        )

    [user_name] => Maria Santos
    [book_title] => Bridge to Terabithia
    [passed] => 
    [is_reattempt] => 1
    [tab_switch_flagged] => 
)

[2025-12-06 06:31:51] === Quiz Save Successful ===
[2025-12-06 06:33:29] === Quiz Save Request Started ===
[2025-12-06 06:33:29] User logged in: 2
[2025-12-06 06:33:29] Raw JSON: {"user_id":2,"book_id":5,"total_questions":5,"correct_answers":3,"score_percentage":60,"time_taken":73,"responses":[{"question_id":22,"question_type":"multiple_choice","user_answer":"B","is_correct":true},{"question_id":24,"question_type":"multiple_choice","user_answer":"B","is_correct":true},{"question_id":25,"question_type":"multiple_choice","user_answer":"A","is_correct":false},{"question_id":21,"question_type":"multiple_choice","user_answer":"C","is_correct":true},{"question_id":23,"question_type":"multiple_choice","user_answer":"C","is_correct":false}],"tab_switch_count":0,"tab_switch_flagged":false,"tab_switch_log":[]}
[2025-12-06 06:33:29] Quiz Data: Array
(
    [user_id] => 2
    [book_id] => 5
    [total_questions] => 5
    [correct_answers] => 3
    [score_percentage] => 60
    [time_taken] => 73
    [responses] => Array
        (
            [0] => Array
                (
                    [question_id] => 22
                    [question_type] => multiple_choice
                    [user_answer] => B
                    [is_correct] => 1
                )

            [1] => Array
                (
                    [question_id] => 24
                    [question_type] => multiple_choice
                    [user_answer] => B
                    [is_correct] => 1
                )

            [2] => Array
                (
                    [question_id] => 25
                    [question_type] => multiple_choice
                    [user_answer] => A
                    [is_correct] => 
                )

            [3] => Array
                (
                    [question_id] => 21
                    [question_type] => multiple_choice
                    [user_answer] => C
                    [is_correct] => 1
                )

            [4] => Array
                (
                    [question_id] => 23
                    [question_type] => multiple_choice
                    [user_answer] => C
                    [is_correct] => 
                )

        )

    [tab_switch_count] => 0
    [tab_switch_flagged] => 
    [tab_switch_log] => Array
        (
        )

)

[2025-12-06 06:33:29] Extracted data - User: 2, Book: 5, Score: 3/5 (60%)
[2025-12-06 06:33:29] Starting database operations...
[2025-12-06 06:33:29] Transaction started
[2025-12-06 06:33:29] User verified: Maria Santos
[2025-12-06 06:33:29] Book verified: Bridge to Terabithia
[2025-12-06 06:33:29] Attempting to save quiz attempt...
[2025-12-06 06:33:29] Quiz attempt saved successfully! Attempt ID: 0
[2025-12-06 06:33:29] System log created
[2025-12-06 06:33:29] Is re-attempt: YES (Previous attempts: 1)
[2025-12-06 06:33:29] Books completed count (any attempt): 1
[2025-12-06 06:33:29] Average score: 60%
[2025-12-06 06:33:29] Processing rewards based on 1 books completed...
[2025-12-06 06:33:29] Checking reward: Pen Reward (requires 10 books)
[2025-12-06 06:33:29] Not enough books for reward: Pen Reward
[2025-12-06 06:33:29] Checking reward: Notebook Reward (requires 25 books)
[2025-12-06 06:33:29] Not enough books for reward: Notebook Reward
[2025-12-06 06:33:29] Checking reward: Drawing Materials (requires 50 books)
[2025-12-06 06:33:29] Not enough books for reward: Drawing Materials
[2025-12-06 06:33:29] Checking reward: School Supplies Bundle (requires 100 books)
[2025-12-06 06:33:29] Not enough books for reward: School Supplies Bundle
[2025-12-06 06:33:29] Total rewards earned: 0
[2025-12-06 06:33:29] ✅ Transaction committed successfully
[2025-12-06 06:33:29] Response data: Array
(
    [attempt_id] => 0
    [books_completed] => 1
    [average_score] => 60
    [rewards_earned] => 0
    [new_rewards] => Array
        (
        )

    [all_rewards] => Array
        (
        )

    [user_name] => Maria Santos
    [book_title] => Bridge to Terabithia
    [passed] => 
    [is_reattempt] => 1
    [tab_switch_flagged] => 
)

[2025-12-06 06:33:29] === Quiz Save Successful ===
[2025-12-06 06:52:14] === Quiz Save Request Started ===
[2025-12-06 06:52:14] User logged in: 2
[2025-12-06 06:52:14] Raw JSON: {"user_id":2,"book_id":5,"total_questions":5,"correct_answers":1,"score_percentage":20,"time_taken":14,"responses":[{"question_id":23,"question_type":"multiple_choice","user_answer":"C","is_correct":false},{"question_id":25,"question_type":"multiple_choice","user_answer":"C","is_correct":false},{"question_id":22,"question_type":"multiple_choice","user_answer":"D","is_correct":false},{"question_id":21,"question_type":"multiple_choice","user_answer":"B","is_correct":false},{"question_id":24,"question_type":"multiple_choice","user_answer":"B","is_correct":true}],"tab_switch_count":0,"tab_switch_flagged":false,"tab_switch_log":[]}
[2025-12-06 06:52:14] Quiz Data: Array
(
    [user_id] => 2
    [book_id] => 5
    [total_questions] => 5
    [correct_answers] => 1
    [score_percentage] => 20
    [time_taken] => 14
    [responses] => Array
        (
            [0] => Array
                (
                    [question_id] => 23
                    [question_type] => multiple_choice
                    [user_answer] => C
                    [is_correct] => 
                )

            [1] => Array
                (
                    [question_id] => 25
                    [question_type] => multiple_choice
                    [user_answer] => C
                    [is_correct] => 
                )

            [2] => Array
                (
                    [question_id] => 22
                    [question_type] => multiple_choice
                    [user_answer] => D
                    [is_correct] => 
                )

            [3] => Array
                (
                    [question_id] => 21
                    [question_type] => multiple_choice
                    [user_answer] => B
                    [is_correct] => 
                )

            [4] => Array
                (
                    [question_id] => 24
                    [question_type] => multiple_choice
                    [user_answer] => B
                    [is_correct] => 1
                )

        )

    [tab_switch_count] => 0
    [tab_switch_flagged] => 
    [tab_switch_log] => Array
        (
        )

)

[2025-12-06 06:52:14] Extracted data - User: 2, Book: 5, Score: 1/5 (20%)
[2025-12-06 06:52:14] Starting database operations...
[2025-12-06 06:52:14] Transaction started
[2025-12-06 06:52:14] User verified: Maria Santos
[2025-12-06 06:52:14] Book verified: Bridge to Terabithia
[2025-12-06 06:52:14] Attempting to save quiz attempt...
[2025-12-06 06:52:14] Quiz attempt saved successfully! Attempt ID: 0
[2025-12-06 06:52:14] System log created
[2025-12-06 06:52:14] Is re-attempt: YES (Previous attempts: 1)
[2025-12-06 06:52:14] Books completed count (any attempt): 1
[2025-12-06 06:52:14] Average score: 20%
[2025-12-06 06:52:14] Processing rewards based on 1 books completed...
[2025-12-06 06:52:14] Checking reward: Pen Reward (requires 10 books)
[2025-12-06 06:52:14] Not enough books for reward: Pen Reward
[2025-12-06 06:52:14] Checking reward: Notebook Reward (requires 25 books)
[2025-12-06 06:52:14] Not enough books for reward: Notebook Reward
[2025-12-06 06:52:14] Checking reward: Drawing Materials (requires 50 books)
[2025-12-06 06:52:14] Not enough books for reward: Drawing Materials
[2025-12-06 06:52:14] Checking reward: School Supplies Bundle (requires 100 books)
[2025-12-06 06:52:14] Not enough books for reward: School Supplies Bundle
[2025-12-06 06:52:14] Total rewards earned: 0
[2025-12-06 06:52:14] ✅ Transaction committed successfully
[2025-12-06 06:52:14] Response data: Array
(
    [attempt_id] => 0
    [books_completed] => 1
    [average_score] => 20
    [rewards_earned] => 0
    [new_rewards] => Array
        (
        )

    [all_rewards] => Array
        (
        )

    [user_name] => Maria Santos
    [book_title] => Bridge to Terabithia
    [passed] => 
    [is_reattempt] => 1
    [tab_switch_flagged] => 
)

[2025-12-06 06:52:14] === Quiz Save Successful ===
[2025-12-06 06:55:01] === Quiz Save Request Started ===
[2025-12-06 06:55:01] User logged in: 2
[2025-12-06 06:55:01] Raw JSON: {"user_id":2,"book_id":5,"total_questions":5,"correct_answers":0,"score_percentage":0,"time_taken":9,"responses":[{"question_id":23,"question_type":"multiple_choice","user_answer":"N/A","is_correct":false},{"question_id":25,"question_type":"multiple_choice","user_answer":"N/A","is_correct":false},{"question_id":22,"question_type":"multiple_choice","user_answer":"N/A","is_correct":false},{"question_id":21,"question_type":"multiple_choice","user_answer":"N/A","is_correct":false},{"question_id":24,"question_type":"multiple_choice","user_answer":"C","is_correct":false}],"tab_switch_count":0,"tab_switch_flagged":false,"tab_switch_log":[]}
[2025-12-06 06:55:01] Quiz Data: Array
(
    [user_id] => 2
    [book_id] => 5
    [total_questions] => 5
    [correct_answers] => 0
    [score_percentage] => 0
    [time_taken] => 9
    [responses] => Array
        (
            [0] => Array
                (
                    [question_id] => 23
                    [question_type] => multiple_choice
                    [user_answer] => N/A
                    [is_correct] => 
                )

            [1] => Array
                (
                    [question_id] => 25
                    [question_type] => multiple_choice
                    [user_answer] => N/A
                    [is_correct] => 
                )

            [2] => Array
                (
                    [question_id] => 22
                    [question_type] => multiple_choice
                    [user_answer] => N/A
                    [is_correct] => 
                )

            [3] => Array
                (
                    [question_id] => 21
                    [question_type] => multiple_choice
                    [user_answer] => N/A
                    [is_correct] => 
                )

            [4] => Array
                (
                    [question_id] => 24
                    [question_type] => multiple_choice
                    [user_answer] => C
                    [is_correct] => 
                )

        )

    [tab_switch_count] => 0
    [tab_switch_flagged] => 
    [tab_switch_log] => Array
        (
        )

)

[2025-12-06 06:55:01] Extracted data - User: 2, Book: 5, Score: 0/5 (0%)
[2025-12-06 06:55:01] Starting database operations...
[2025-12-06 06:55:01] Transaction started
[2025-12-06 06:55:01] User verified: Maria Santos
[2025-12-06 06:55:01] Book verified: Bridge to Terabithia
[2025-12-06 06:55:01] Attempting to save quiz attempt...
[2025-12-06 06:55:01] Quiz attempt saved successfully! Attempt ID: 0
[2025-12-06 06:55:01] System log created
[2025-12-06 06:55:01] Is re-attempt: YES (Previous attempts: 1)
[2025-12-06 06:55:01] Books completed count (any attempt): 1
[2025-12-06 06:55:01] Average score: 0%
[2025-12-06 06:55:01] Processing rewards based on 1 books completed...
[2025-12-06 06:55:01] Checking reward: Pen Reward (requires 10 books)
[2025-12-06 06:55:01] Not enough books for reward: Pen Reward
[2025-12-06 06:55:01] Checking reward: Notebook Reward (requires 25 books)
[2025-12-06 06:55:01] Not enough books for reward: Notebook Reward
[2025-12-06 06:55:01] Checking reward: Drawing Materials (requires 50 books)
[2025-12-06 06:55:01] Not enough books for reward: Drawing Materials
[2025-12-06 06:55:01] Checking reward: School Supplies Bundle (requires 100 books)
[2025-12-06 06:55:01] Not enough books for reward: School Supplies Bundle
[2025-12-06 06:55:01] Total rewards earned: 0
[2025-12-06 06:55:01] ✅ Transaction committed successfully
[2025-12-06 06:55:01] Response data: Array
(
    [attempt_id] => 0
    [books_completed] => 1
    [average_score] => 0
    [rewards_earned] => 0
    [new_rewards] => Array
        (
        )

    [all_rewards] => Array
        (
        )

    [user_name] => Maria Santos
    [book_title] => Bridge to Terabithia
    [passed] => 
    [is_reattempt] => 1
    [tab_switch_flagged] => 
)

[2025-12-06 06:55:01] === Quiz Save Successful ===
[2025-12-06 06:56:30] === Quiz Save Request Started ===
[2025-12-06 06:56:30] User logged in: 1
[2025-12-06 06:56:30] Raw JSON: {"user_id":1,"book_id":1,"total_questions":5,"correct_answers":1,"score_percentage":20,"time_taken":9,"responses":[{"question_id":4,"question_type":"multiple_choice","user_answer":"A","is_correct":false},{"question_id":3,"question_type":"multiple_choice","user_answer":"D","is_correct":false},{"question_id":5,"question_type":"multiple_choice","user_answer":"C","is_correct":true},{"question_id":2,"question_type":"multiple_choice","user_answer":"A","is_correct":false},{"question_id":1,"question_type":"multiple_choice","user_answer":"B","is_correct":false}],"tab_switch_count":0,"tab_switch_flagged":false,"tab_switch_log":[]}
[2025-12-06 06:56:30] Quiz Data: Array
(
    [user_id] => 1
    [book_id] => 1
    [total_questions] => 5
    [correct_answers] => 1
    [score_percentage] => 20
    [time_taken] => 9
    [responses] => Array
        (
            [0] => Array
                (
                    [question_id] => 4
                    [question_type] => multiple_choice
                    [user_answer] => A
                    [is_correct] => 
                )

            [1] => Array
                (
                    [question_id] => 3
                    [question_type] => multiple_choice
                    [user_answer] => D
                    [is_correct] => 
                )

            [2] => Array
                (
                    [question_id] => 5
                    [question_type] => multiple_choice
                    [user_answer] => C
                    [is_correct] => 1
                )

            [3] => Array
                (
                    [question_id] => 2
                    [question_type] => multiple_choice
                    [user_answer] => A
                    [is_correct] => 
                )

            [4] => Array
                (
                    [question_id] => 1
                    [question_type] => multiple_choice
                    [user_answer] => B
                    [is_correct] => 
                )

        )

    [tab_switch_count] => 0
    [tab_switch_flagged] => 
    [tab_switch_log] => Array
        (
        )

)

[2025-12-06 06:56:30] Extracted data - User: 1, Book: 1, Score: 1/5 (20%)
[2025-12-06 06:56:30] Starting database operations...
[2025-12-06 06:56:30] Transaction started
[2025-12-06 06:56:30] User verified: Juan Dela Cruz
[2025-12-06 06:56:30] Book verified: The Adventures of Tom Sawyer
[2025-12-06 06:56:30] Attempting to save quiz attempt...
[2025-12-06 06:56:30] Quiz attempt saved successfully! Attempt ID: 2
[2025-12-06 06:56:30] System log created
[2025-12-06 06:56:30] Is re-attempt: YES (Previous attempts: 1)
[2025-12-06 06:56:30] Books completed count (any attempt): 1
[2025-12-06 06:56:30] Average score: 20%
[2025-12-06 06:56:30] Processing rewards based on 1 books completed...
[2025-12-06 06:56:30] Checking reward: Pen Reward (requires 10 books)
[2025-12-06 06:56:30] Not enough books for reward: Pen Reward
[2025-12-06 06:56:30] Checking reward: Notebook Reward (requires 25 books)
[2025-12-06 06:56:30] Not enough books for reward: Notebook Reward
[2025-12-06 06:56:30] Checking reward: Drawing Materials (requires 50 books)
[2025-12-06 06:56:30] Not enough books for reward: Drawing Materials
[2025-12-06 06:56:30] Checking reward: School Supplies Bundle (requires 100 books)
[2025-12-06 06:56:30] Not enough books for reward: School Supplies Bundle
[2025-12-06 06:56:30] Total rewards earned: 0
[2025-12-06 06:56:30] ✅ Transaction committed successfully
[2025-12-06 06:56:30] Response data: Array
(
    [attempt_id] => 2
    [books_completed] => 1
    [average_score] => 20
    [rewards_earned] => 0
    [new_rewards] => Array
        (
        )

    [all_rewards] => Array
        (
        )

    [user_name] => Juan Dela Cruz
    [book_title] => The Adventures of Tom Sawyer
    [passed] => 
    [is_reattempt] => 1
    [tab_switch_flagged] => 
)

[2025-12-06 06:56:30] === Quiz Save Successful ===
[2025-12-07 13:13:18] === Quiz Save Request Started ===
[2025-12-07 13:13:18] User logged in: 1
[2025-12-07 13:13:18] Raw JSON: {"user_id":1,"book_id":11,"total_questions":100,"correct_answers":0,"score_percentage":0,"time_taken":219,"responses":[{"question_id":168,"question_type":"multiple_choice","user_answer":"N/A","is_correct":false},{"question_id":85,"question_type":"multiple_choice","user_answer":"N/A","is_correct":false},{"question_id":198,"question_type":"multiple_choice","user_answer":"N/A","is_correct":false},{"question_id":143,"question_type":"multiple_choice","user_answer":"N/A","is_correct":false},{"question_id":153,"question_type":"multiple_choice","user_answer":"N/A","is_correct":false},{"question_id":108,"question_type":"multiple_choice","user_answer":"N/A","is_correct":false},{"question_id":147,"question_type":"multiple_choice","user_answer":"N/A","is_correct":false},{"question_id":117,"question_type":"multiple_choice","user_answer":"N/A","is_correct":false},{"question_id":97,"question_type":"multiple_choice","user_answer":"N/A","is_correct":false},{"question_id":103,"question_type":"multiple_choice","user_answer":"N/A","is_correct":false},{"question_id":115,"question_type":"multiple_choice","user_answer":"N/A","is_correct":false},{"question_id":132,"question_type":"multiple_choice","user_answer":"N/A","is_correct":false},{"question_id":130,"question_type":"multiple_choice","user_answer":"N/A","is_correct":false},{"question_id":193,"question_type":"multiple_choice","user_answer":"N/A","is_correct":false},{"question_id":70,"question_type":"multiple_choice","user_answer":"N/A","is_correct":false},{"question_id":74,"question_type":"multiple_choice","user_answer":"N/A","is_correct":false},{"question_id":94,"question_type":"multiple_choice","user_answer":"N/A","is_correct":false},{"question_id":152,"question_type":"multiple_choice","user_answer":"N/A","is_correct":false},{"question_id":126,"question_type":"multiple_choice","user_answer":"N/A","is_correct":false},{"question_id":197,"question_type":"multiple_choice","user_answer":"N/A","is_correct":false},{"question_id":180,"question_type":"multiple_choice","user_answer":"N/A","is_correct":false},{"question_id":51,"question_type":"multiple_choice","user_answer":"N/A","is_correct":false},{"question_id":138,"question_type":"multiple_choice","user_answer":"N/A","is_correct":false},{"question_id":64,"question_type":"multiple_choice","user_answer":"N/A","is_correct":false},{"question_id":72,"question_type":"multiple_choice","user_answer":"N/A","is_correct":false},{"question_id":110,"question_type":"multiple_choice","user_answer":"N/A","is_correct":false},{"question_id":158,"question_type":"multiple_choice","user_answer":"N/A","is_correct":false},{"question_id":88,"question_type":"multiple_choice","user_answer":"N/A","is_correct":false},{"question_id":89,"question_type":"multiple_choice","user_answer":"N/A","is_correct":false},{"question_id":129,"question_type":"multiple_choice","user_answer":"N/A","is_correct":false},{"question_id":151,"question_type":"multiple_choice","user_answer":"N/A","is_correct":false},{"question_id":159,"question_type":"multiple_choice","user_answer":"N/A","is_correct":false},{"question_id":80,"question_type":"multiple_choice","user_answer":"N/A","is_correct":false},{"question_id":186,"question_type":"multiple_choice","user_answer":"N/A","is_correct":false},{"question_id":182,"question_type":"multiple_choice","user_answer":"N/A","is_correct":false},{"question_id":62,"question_type":"multiple_choice","user_answer":"N/A","is_correct":false},{"question_id":171,"question_type":"multiple_choice","user_answer":"N/A","is_correct":false},{"question_id":87,"question_type":"multiple_choice","user_answer":"N/A","is_correct":false},{"question_id":77,"question_type":"multiple_choice","user_answer":"N/A","is_correct":false},{"question_id":79,"question_type":"multiple_choice","user_answer":"N/A","is_correct":false},{"question_id":66,"question_type":"multiple_choice","user_answer":"N/A","is_correct":false},{"question_id":73,"question_type":"multiple_choice","user_answer":"N/A","is_correct":false},{"question_id":81,"question_type":"multiple_choice","user_answer":"N/A","is_correct":false},{"question_id":178,"question_type":"multiple_choice","user_answer":"N/A","is_correct":false},{"question_id":135,"question_type":"multiple_choice","user_answer":"N/A","is_correct":false},{"question_id":148,"question_type":"multiple_choice","user_answer":"N/A","is_correct":false},{"question_id":93,"question_type":"multiple_choice","user_answer":"N/A","is_correct":false},{"question_id":133,"question_type":"multiple_choice","user_answer":"N/A","is_correct":false},{"question_id":128,"question_type":"multiple_choice","user_answer":"N/A","is_correct":false},{"question_id":76,"question_type":"multiple_choice","user_answer":"N/A","is_correct":false},{"question_id":190,"question_type":"multiple_choice","user_answer":"N/A","is_correct":false},{"question_id":125,"question_type":"multiple_choice","user_answer":"N/A","is_correct":false},{"question_id":174,"question_type":"multiple_choice","user_answer":"N/A","is_correct":false},{"question_id":100,"question_type":"multiple_choice","user_answer":"N/A","is_correct":false},{"question_id":107,"question_type":"multiple_choice","user_answer":"N/A","is_correct":false},{"question_id":122,"question_type":"multiple_choice","user_answer":"N/A","is_correct":false},{"question_id":177,"question_type":"multiple_choice","user_answer":"N/A","is_correct":false},{"question_id":179,"question_type":"multiple_choice","user_answer":"N/A","is_correct":false},{"question_id":123,"question_type":"multiple_choice","user_answer":"N/A","is_correct":false},{"question_id":78,"question_type":"multiple_choice","user_answer":"N/A","is_correct":false},{"question_id":86,"question_type":"multiple_choice","user_answer":"N/A","is_correct":false},{"question_id":137,"question_type":"multiple_choice","user_answer":"N/A","is_correct":false},{"question_id":165,"question_type":"multiple_choice","user_answer":"N/A","is_correct":false},{"question_id":52,"question_type":"multiple_choice","user_answer":"N/A","is_correct":false},{"question_id":173,"question_type":"multiple_choice","user_answer":"N/A","is_correct":false},{"question_id":156,"question_type":"multiple_choice","user_answer":"N/A","is_correct":false},{"question_id":142,"question_type":"multiple_choice","user_answer":"N/A","is_correct":false},{"question_id":111,"question_type":"multiple_choice","user_answer":"N/A","is_correct":false},{"question_id":114,"question_type":"multiple_choice","user_answer":"N/A","is_correct":false},{"question_id":164,"question_type":"multiple_choice","user_answer":"N/A","is_correct":false},{"question_id":90,"question_type":"multiple_choice","user_answer":"N/A","is_correct":false},{"question_id":161,"question_type":"multiple_choice","user_answer":"N/A","is_correct":false},{"question_id":144,"question_type":"multiple_choice","user_answer":"N/A","is_correct":false},{"question_id":140,"question_type":"multiple_choice","user_answer":"N/A","is_correct":false},{"question_id":192,"question_type":"multiple_choice","user_answer":"N/A","is_correct":false},{"question_id":191,"question_type":"multiple_choice","user_answer":"N/A","is_correct":false},{"question_id":187,"question_type":"multiple_choice","user_answer":"N/A","is_correct":false},{"question_id":75,"question_type":"multiple_choice","user_answer":"N/A","is_correct":false},{"question_id":61,"question_type":"multiple_choice","user_answer":"N/A","is_correct":false},{"question_id":92,"question_type":"multiple_choice","user_answer":"N/A","is_correct":false},{"question_id":181,"question_type":"multiple_choice","user_answer":"N/A","is_correct":false},{"question_id":175,"question_type":"multiple_choice","user_answer":"N/A","is_correct":false},{"question_id":104,"question_type":"multiple_choice","user_answer":"N/A","is_correct":false},{"question_id":154,"question_type":"multiple_choice","user_answer":"N/A","is_correct":false},{"question_id":127,"question_type":"multiple_choice","user_answer":"N/A","is_correct":false},{"question_id":146,"question_type":"multiple_choice","user_answer":"N/A","is_correct":false},{"question_id":65,"question_type":"multiple_choice","user_answer":"N/A","is_correct":false},{"question_id":118,"question_type":"multiple_choice","user_answer":"N/A","is_correct":false},{"question_id":170,"question_type":"multiple_choice","user_answer":"N/A","is_correct":false},{"question_id":176,"question_type":"multiple_choice","user_answer":"N/A","is_correct":false},{"question_id":139,"question_type":"multiple_choice","user_answer":"N/A","is_correct":false},{"question_id":145,"question_type":"multiple_choice","user_answer":"N/A","is_correct":false},{"question_id":95,"question_type":"multiple_choice","user_answer":"N/A","is_correct":false},{"question_id":162,"question_type":"multiple_choice","user_answer":"N/A","is_correct":false},{"question_id":160,"question_type":"multiple_choice","user_answer":"N/A","is_correct":false},{"question_id":131,"question_type":"multiple_choice","user_answer":"N/A","is_correct":false},{"question_id":172,"question_type":"multiple_choice","user_answer":"N/A","is_correct":false},{"question_id":105,"question_type":"multiple_choice","user_answer":"N/A","is_correct":false},{"question_id":167,"question_type":"multiple_choice","user_answer":"N/A","is_correct":false},{"question_id":106,"question_type":"multiple_choice","user_answer":"N/A","is_correct":false}],"tab_switch_count":4,"tab_switch_flagged":true,"tab_switch_log":[{"type":"window_blur","timestamp":"2025-12-07T05:10:18.310Z","question":79,"warning_number":1},{"type":"visibility_hidden","timestamp":"2025-12-07T05:10:18.328Z","question":79,"warning_number":2},{"type":"returned","timestamp":"2025-12-07T05:10:27.500Z","question":79},{"type":"window_blur","timestamp":"2025-12-07T05:10:30.697Z","question":79,"warning_number":3},{"type":"visibility_hidden","timestamp":"2025-12-07T05:10:33.734Z","question":79,"warning_number":4}]}
[2025-12-07 13:13:18] Quiz Data: Array
(
    [user_id] => 1
    [book_id] => 11
    [total_questions] => 100
    [correct_answers] => 0
    [score_percentage] => 0
    [time_taken] => 219
    [responses] => Array
        (
            [0] => Array
                (
                    [question_id] => 168
                    [question_type] => multiple_choice
                    [user_answer] => N/A
                    [is_correct] => 
                )

            [1] => Array
                (
                    [question_id] => 85
                    [question_type] => multiple_choice
                    [user_answer] => N/A
                    [is_correct] => 
                )

            [2] => Array
                (
                    [question_id] => 198
                    [question_type] => multiple_choice
                    [user_answer] => N/A
                    [is_correct] => 
                )

            [3] => Array
                (
                    [question_id] => 143
                    [question_type] => multiple_choice
                    [user_answer] => N/A
                    [is_correct] => 
                )

            [4] => Array
                (
                    [question_id] => 153
                    [question_type] => multiple_choice
                    [user_answer] => N/A
                    [is_correct] => 
                )

            [5] => Array
                (
                    [question_id] => 108
                    [question_type] => multiple_choice
                    [user_answer] => N/A
                    [is_correct] => 
                )

            [6] => Array
                (
                    [question_id] => 147
                    [question_type] => multiple_choice
                    [user_answer] => N/A
                    [is_correct] => 
                )

            [7] => Array
                (
                    [question_id] => 117
                    [question_type] => multiple_choice
                    [user_answer] => N/A
                    [is_correct] => 
                )

            [8] => Array
                (
                    [question_id] => 97
                    [question_type] => multiple_choice
                    [user_answer] => N/A
                    [is_correct] => 
                )

            [9] => Array
                (
                    [question_id] => 103
                    [question_type] => multiple_choice
                    [user_answer] => N/A
                    [is_correct] => 
                )

            [10] => Array
                (
                    [question_id] => 115
                    [question_type] => multiple_choice
                    [user_answer] => N/A
                    [is_correct] => 
                )

            [11] => Array
                (
                    [question_id] => 132
                    [question_type] => multiple_choice
                    [user_answer] => N/A
                    [is_correct] => 
                )

            [12] => Array
                (
                    [question_id] => 130
                    [question_type] => multiple_choice
                    [user_answer] => N/A
                    [is_correct] => 
                )

            [13] => Array
                (
                    [question_id] => 193
                    [question_type] => multiple_choice
                    [user_answer] => N/A
                    [is_correct] => 
                )

            [14] => Array
                (
                    [question_id] => 70
                    [question_type] => multiple_choice
                    [user_answer] => N/A
                    [is_correct] => 
                )

            [15] => Array
                (
                    [question_id] => 74
                    [question_type] => multiple_choice
                    [user_answer] => N/A
                    [is_correct] => 
                )

            [16] => Array
                (
                    [question_id] => 94
                    [question_type] => multiple_choice
                    [user_answer] => N/A
                    [is_correct] => 
                )

            [17] => Array
                (
                    [question_id] => 152
                    [question_type] => multiple_choice
                    [user_answer] => N/A
                    [is_correct] => 
                )

            [18] => Array
                (
                    [question_id] => 126
                    [question_type] => multiple_choice
                    [user_answer] => N/A
                    [is_correct] => 
                )

            [19] => Array
                (
                    [question_id] => 197
                    [question_type] => multiple_choice
                    [user_answer] => N/A
                    [is_correct] => 
                )

            [20] => Array
                (
                    [question_id] => 180
                    [question_type] => multiple_choice
                    [user_answer] => N/A
                    [is_correct] => 
                )

            [21] => Array
                (
                    [question_id] => 51
                    [question_type] => multiple_choice
                    [user_answer] => N/A
                    [is_correct] => 
                )

            [22] => Array
                (
                    [question_id] => 138
                    [question_type] => multiple_choice
                    [user_answer] => N/A
                    [is_correct] => 
                )

            [23] => Array
                (
                    [question_id] => 64
                    [question_type] => multiple_choice
                    [user_answer] => N/A
                    [is_correct] => 
                )

            [24] => Array
                (
                    [question_id] => 72
                    [question_type] => multiple_choice
                    [user_answer] => N/A
                    [is_correct] => 
                )

            [25] => Array
                (
                    [question_id] => 110
                    [question_type] => multiple_choice
                    [user_answer] => N/A
                    [is_correct] => 
                )

            [26] => Array
                (
                    [question_id] => 158
                    [question_type] => multiple_choice
                    [user_answer] => N/A
                    [is_correct] => 
                )

            [27] => Array
                (
                    [question_id] => 88
                    [question_type] => multiple_choice
                    [user_answer] => N/A
                    [is_correct] => 
                )

            [28] => Array
                (
                    [question_id] => 89
                    [question_type] => multiple_choice
                    [user_answer] => N/A
                    [is_correct] => 
                )

            [29] => Array
                (
                    [question_id] => 129
                    [question_type] => multiple_choice
                    [user_answer] => N/A
                    [is_correct] => 
                )

            [30] => Array
                (
                    [question_id] => 151
                    [question_type] => multiple_choice
                    [user_answer] => N/A
                    [is_correct] => 
                )

            [31] => Array
                (
                    [question_id] => 159
                    [question_type] => multiple_choice
                    [user_answer] => N/A
                    [is_correct] => 
                )

            [32] => Array
                (
                    [question_id] => 80
                    [question_type] => multiple_choice
                    [user_answer] => N/A
                    [is_correct] => 
                )

            [33] => Array
                (
                    [question_id] => 186
                    [question_type] => multiple_choice
                    [user_answer] => N/A
                    [is_correct] => 
                )

            [34] => Array
                (
                    [question_id] => 182
                    [question_type] => multiple_choice
                    [user_answer] => N/A
                    [is_correct] => 
                )

            [35] => Array
                (
                    [question_id] => 62
                    [question_type] => multiple_choice
                    [user_answer] => N/A
                    [is_correct] => 
                )

            [36] => Array
                (
                    [question_id] => 171
                    [question_type] => multiple_choice
                    [user_answer] => N/A
                    [is_correct] => 
                )

            [37] => Array
                (
                    [question_id] => 87
                    [question_type] => multiple_choice
                    [user_answer] => N/A
                    [is_correct] => 
                )

            [38] => Array
                (
                    [question_id] => 77
                    [question_type] => multiple_choice
                    [user_answer] => N/A
                    [is_correct] => 
                )

            [39] => Array
                (
                    [question_id] => 79
                    [question_type] => multiple_choice
                    [user_answer] => N/A
                    [is_correct] => 
                )

            [40] => Array
                (
                    [question_id] => 66
                    [question_type] => multiple_choice
                    [user_answer] => N/A
                    [is_correct] => 
                )

            [41] => Array
                (
                    [question_id] => 73
                    [question_type] => multiple_choice
                    [user_answer] => N/A
                    [is_correct] => 
                )

            [42] => Array
                (
                    [question_id] => 81
                    [question_type] => multiple_choice
                    [user_answer] => N/A
                    [is_correct] => 
                )

            [43] => Array
                (
                    [question_id] => 178
                    [question_type] => multiple_choice
                    [user_answer] => N/A
                    [is_correct] => 
                )

            [44] => Array
                (
                    [question_id] => 135
                    [question_type] => multiple_choice
                    [user_answer] => N/A
                    [is_correct] => 
                )

            [45] => Array
                (
                    [question_id] => 148
                    [question_type] => multiple_choice
                    [user_answer] => N/A
                    [is_correct] => 
                )

            [46] => Array
                (
                    [question_id] => 93
                    [question_type] => multiple_choice
                    [user_answer] => N/A
                    [is_correct] => 
                )

            [47] => Array
                (
                    [question_id] => 133
                    [question_type] => multiple_choice
                    [user_answer] => N/A
                    [is_correct] => 
                )

            [48] => Array
                (
                    [question_id] => 128
                    [question_type] => multiple_choice
                    [user_answer] => N/A
                    [is_correct] => 
                )

            [49] => Array
                (
                    [question_id] => 76
                    [question_type] => multiple_choice
                    [user_answer] => N/A
                    [is_correct] => 
                )

            [50] => Array
                (
                    [question_id] => 190
                    [question_type] => multiple_choice
                    [user_answer] => N/A
                    [is_correct] => 
                )

            [51] => Array
                (
                    [question_id] => 125
                    [question_type] => multiple_choice
                    [user_answer] => N/A
                    [is_correct] => 
                )

            [52] => Array
                (
                    [question_id] => 174
                    [question_type] => multiple_choice
                    [user_answer] => N/A
                    [is_correct] => 
                )

            [53] => Array
                (
                    [question_id] => 100
                    [question_type] => multiple_choice
                    [user_answer] => N/A
                    [is_correct] => 
                )

            [54] => Array
                (
                    [question_id] => 107
                    [question_type] => multiple_choice
                    [user_answer] => N/A
                    [is_correct] => 
                )

            [55] => Array
                (
                    [question_id] => 122
                    [question_type] => multiple_choice
                    [user_answer] => N/A
                    [is_correct] => 
                )

            [56] => Array
                (
                    [question_id] => 177
                    [question_type] => multiple_choice
                    [user_answer] => N/A
                    [is_correct] => 
                )

            [57] => Array
                (
                    [question_id] => 179
                    [question_type] => multiple_choice
                    [user_answer] => N/A
                    [is_correct] => 
                )

            [58] => Array
                (
                    [question_id] => 123
                    [question_type] => multiple_choice
                    [user_answer] => N/A
                    [is_correct] => 
                )

            [59] => Array
                (
                    [question_id] => 78
                    [question_type] => multiple_choice
                    [user_answer] => N/A
                    [is_correct] => 
                )

            [60] => Array
                (
                    [question_id] => 86
                    [question_type] => multiple_choice
                    [user_answer] => N/A
                    [is_correct] => 
                )

            [61] => Array
                (
                    [question_id] => 137
                    [question_type] => multiple_choice
                    [user_answer] => N/A
                    [is_correct] => 
                )

            [62] => Array
                (
                    [question_id] => 165
                    [question_type] => multiple_choice
                    [user_answer] => N/A
                    [is_correct] => 
                )

            [63] => Array
                (
                    [question_id] => 52
                    [question_type] => multiple_choice
                    [user_answer] => N/A
                    [is_correct] => 
                )

            [64] => Array
                (
                    [question_id] => 173
                    [question_type] => multiple_choice
                    [user_answer] => N/A
                    [is_correct] => 
                )

            [65] => Array
                (
                    [question_id] => 156
                    [question_type] => multiple_choice
                    [user_answer] => N/A
                    [is_correct] => 
                )

            [66] => Array
                (
                    [question_id] => 142
                    [question_type] => multiple_choice
                    [user_answer] => N/A
                    [is_correct] => 
                )

            [67] => Array
                (
                    [question_id] => 111
                    [question_type] => multiple_choice
                    [user_answer] => N/A
                    [is_correct] => 
                )

            [68] => Array
                (
                    [question_id] => 114
                    [question_type] => multiple_choice
                    [user_answer] => N/A
                    [is_correct] => 
                )

            [69] => Array
                (
                    [question_id] => 164
                    [question_type] => multiple_choice
                    [user_answer] => N/A
                    [is_correct] => 
                )

            [70] => Array
                (
                    [question_id] => 90
                    [question_type] => multiple_choice
                    [user_answer] => N/A
                    [is_correct] => 
                )

            [71] => Array
                (
                    [question_id] => 161
                    [question_type] => multiple_choice
                    [user_answer] => N/A
                    [is_correct] => 
                )

            [72] => Array
                (
                    [question_id] => 144
                    [question_type] => multiple_choice
                    [user_answer] => N/A
                    [is_correct] => 
                )

            [73] => Array
                (
                    [question_id] => 140
                    [question_type] => multiple_choice
                    [user_answer] => N/A
                    [is_correct] => 
                )

            [74] => Array
                (
                    [question_id] => 192
                    [question_type] => multiple_choice
                    [user_answer] => N/A
                    [is_correct] => 
                )

            [75] => Array
                (
                    [question_id] => 191
                    [question_type] => multiple_choice
                    [user_answer] => N/A
                    [is_correct] => 
                )

            [76] => Array
                (
                    [question_id] => 187
                    [question_type] => multiple_choice
                    [user_answer] => N/A
                    [is_correct] => 
                )

            [77] => Array
                (
                    [question_id] => 75
                    [question_type] => multiple_choice
                    [user_answer] => N/A
                    [is_correct] => 
                )

            [78] => Array
                (
                    [question_id] => 61
                    [question_type] => multiple_choice
                    [user_answer] => N/A
                    [is_correct] => 
                )

            [79] => Array
                (
                    [question_id] => 92
                    [question_type] => multiple_choice
                    [user_answer] => N/A
                    [is_correct] => 
                )

            [80] => Array
                (
                    [question_id] => 181
                    [question_type] => multiple_choice
                    [user_answer] => N/A
                    [is_correct] => 
                )

            [81] => Array
                (
                    [question_id] => 175
                    [question_type] => multiple_choice
                    [user_answer] => N/A
                    [is_correct] => 
                )

            [82] => Array
                (
                    [question_id] => 104
                    [question_type] => multiple_choice
                    [user_answer] => N/A
                    [is_correct] => 
                )

            [83] => Array
                (
                    [question_id] => 154
                    [question_type] => multiple_choice
                    [user_answer] => N/A
                    [is_correct] => 
                )

            [84] => Array
                (
                    [question_id] => 127
                    [question_type] => multiple_choice
                    [user_answer] => N/A
                    [is_correct] => 
                )

            [85] => Array
                (
                    [question_id] => 146
                    [question_type] => multiple_choice
                    [user_answer] => N/A
                    [is_correct] => 
                )

            [86] => Array
                (
                    [question_id] => 65
                    [question_type] => multiple_choice
                    [user_answer] => N/A
                    [is_correct] => 
                )

            [87] => Array
                (
                    [question_id] => 118
                    [question_type] => multiple_choice
                    [user_answer] => N/A
                    [is_correct] => 
                )

            [88] => Array
                (
                    [question_id] => 170
                    [question_type] => multiple_choice
                    [user_answer] => N/A
                    [is_correct] => 
                )

            [89] => Array
                (
                    [question_id] => 176
                    [question_type] => multiple_choice
                    [user_answer] => N/A
                    [is_correct] => 
                )

            [90] => Array
                (
                    [question_id] => 139
                    [question_type] => multiple_choice
                    [user_answer] => N/A
                    [is_correct] => 
                )

            [91] => Array
                (
                    [question_id] => 145
                    [question_type] => multiple_choice
                    [user_answer] => N/A
                    [is_correct] => 
                )

            [92] => Array
                (
                    [question_id] => 95
                    [question_type] => multiple_choice
                    [user_answer] => N/A
                    [is_correct] => 
                )

            [93] => Array
                (
                    [question_id] => 162
                    [question_type] => multiple_choice
                    [user_answer] => N/A
                    [is_correct] => 
                )

            [94] => Array
                (
                    [question_id] => 160
                    [question_type] => multiple_choice
                    [user_answer] => N/A
                    [is_correct] => 
                )

            [95] => Array
                (
                    [question_id] => 131
                    [question_type] => multiple_choice
                    [user_answer] => N/A
                    [is_correct] => 
                )

            [96] => Array
                (
                    [question_id] => 172
                    [question_type] => multiple_choice
                    [user_answer] => N/A
                    [is_correct] => 
                )

            [97] => Array
                (
                    [question_id] => 105
                    [question_type] => multiple_choice
                    [user_answer] => N/A
                    [is_correct] => 
                )

            [98] => Array
                (
                    [question_id] => 167
                    [question_type] => multiple_choice
                    [user_answer] => N/A
                    [is_correct] => 
                )

            [99] => Array
                (
                    [question_id] => 106
                    [question_type] => multiple_choice
                    [user_answer] => N/A
                    [is_correct] => 
                )

        )

    [tab_switch_count] => 4
    [tab_switch_flagged] => 1
    [tab_switch_log] => Array
        (
            [0] => Array
                (
                    [type] => window_blur
                    [timestamp] => 2025-12-07T05:10:18.310Z
                    [question] => 79
                    [warning_number] => 1
                )

            [1] => Array
                (
                    [type] => visibility_hidden
                    [timestamp] => 2025-12-07T05:10:18.328Z
                    [question] => 79
                    [warning_number] => 2
                )

            [2] => Array
                (
                    [type] => returned
                    [timestamp] => 2025-12-07T05:10:27.500Z
                    [question] => 79
                )

            [3] => Array
                (
                    [type] => window_blur
                    [timestamp] => 2025-12-07T05:10:30.697Z
                    [question] => 79
                    [warning_number] => 3
                )

            [4] => Array
                (
                    [type] => visibility_hidden
                    [timestamp] => 2025-12-07T05:10:33.734Z
                    [question] => 79
                    [warning_number] => 4
                )

        )

)

[2025-12-07 13:13:18] Extracted data - User: 1, Book: 11, Score: 0/100 (0%)
[2025-12-07 13:13:18] Starting database operations...
[2025-12-07 13:13:18] Transaction started
[2025-12-07 13:13:18] User verified: Juan Dela Cruz
[2025-12-07 13:13:18] Book verified: One Piece: The Complete Adventure
[2025-12-07 13:13:18] Attempting to save quiz attempt...
[2025-12-07 13:13:18] Quiz attempt saved successfully! Attempt ID: 3
[2025-12-07 13:13:18] System log created
[2025-12-07 13:13:18] Is re-attempt: YES (Previous attempts: 1)
[2025-12-07 13:13:18] Books completed count (any attempt): 2
[2025-12-07 13:13:18] Average score: 10%
[2025-12-07 13:13:18] Processing rewards based on 2 books completed...
[2025-12-07 13:13:18] Checking reward: Pen Reward (requires 10 books)
[2025-12-07 13:13:18] Not enough books for reward: Pen Reward
[2025-12-07 13:13:18] Checking reward: Notebook Reward (requires 25 books)
[2025-12-07 13:13:18] Not enough books for reward: Notebook Reward
[2025-12-07 13:13:18] Checking reward: Drawing Materials (requires 50 books)
[2025-12-07 13:13:18] Not enough books for reward: Drawing Materials
[2025-12-07 13:13:18] Checking reward: School Supplies Bundle (requires 100 books)
[2025-12-07 13:13:18] Not enough books for reward: School Supplies Bundle
[2025-12-07 13:13:18] Total rewards earned: 0
[2025-12-07 13:13:18] ✅ Transaction committed successfully
[2025-12-07 13:13:18] Response data: Array
(
    [attempt_id] => 3
    [books_completed] => 2
    [average_score] => 10
    [rewards_earned] => 0
    [new_rewards] => Array
        (
        )

    [all_rewards] => Array
        (
        )

    [user_name] => Juan Dela Cruz
    [book_title] => One Piece: The Complete Adventure
    [passed] => 
    [is_reattempt] => 1
    [tab_switch_flagged] => 1
)

[2025-12-07 13:13:18] === Quiz Save Successful ===
[2025-12-07 13:16:01] === Quiz Save Request Started ===
[2025-12-07 13:16:01] User logged in: 1
[2025-12-07 13:16:01] Raw JSON: {"user_id":1,"book_id":11,"total_questions":100,"correct_answers":0,"score_percentage":0,"time_taken":18,"responses":[{"question_id":133,"question_type":"multiple_choice","user_answer":"N/A","is_correct":false},{"question_id":72,"question_type":"multiple_choice","user_answer":"N/A","is_correct":false},{"question_id":116,"question_type":"multiple_choice","user_answer":"N/A","is_correct":false},{"question_id":113,"question_type":"multiple_choice","user_answer":"N/A","is_correct":false},{"question_id":143,"question_type":"multiple_choice","user_answer":"N/A","is_correct":false},{"question_id":93,"question_type":"multiple_choice","user_answer":"N/A","is_correct":false},{"question_id":102,"question_type":"multiple_choice","user_answer":"N/A","is_correct":false},{"question_id":125,"question_type":"multiple_choice","user_answer":"N/A","is_correct":false},{"question_id":182,"question_type":"multiple_choice","user_answer":"N/A","is_correct":false},{"question_id":159,"question_type":"multiple_choice","user_answer":"N/A","is_correct":false},{"question_id":131,"question_type":"multiple_choice","user_answer":"N/A","is_correct":false},{"question_id":94,"question_type":"multiple_choice","user_answer":"N/A","is_correct":false},{"question_id":123,"question_type":"multiple_choice","user_answer":"N/A","is_correct":false},{"question_id":156,"question_type":"multiple_choice","user_answer":"N/A","is_correct":false},{"question_id":101,"question_type":"multiple_choice","user_answer":"N/A","is_correct":false},{"question_id":174,"question_type":"multiple_choice","user_answer":"N/A","is_correct":false},{"question_id":68,"question_type":"multiple_choice","user_answer":"N/A","is_correct":false},{"question_id":186,"question_type":"multiple_choice","user_answer":"N/A","is_correct":false},{"question_id":136,"question_type":"multiple_choice","user_answer":"N/A","is_correct":false},{"question_id":52,"question_type":"multiple_choice","user_answer":"N/A","is_correct":false},{"question_id":160,"question_type":"multiple_choice","user_answer":"N/A","is_correct":false},{"question_id":127,"question_type":"multiple_choice","user_answer":"N/A","is_correct":false},{"question_id":100,"question_type":"multiple_choice","user_answer":"N/A","is_correct":false},{"question_id":141,"question_type":"multiple_choice","user_answer":"N/A","is_correct":false},{"question_id":109,"question_type":"multiple_choice","user_answer":"N/A","is_correct":false},{"question_id":175,"question_type":"multiple_choice","user_answer":"N/A","is_correct":false},{"question_id":130,"question_type":"multiple_choice","user_answer":"N/A","is_correct":false},{"question_id":117,"question_type":"multiple_choice","user_answer":"N/A","is_correct":false},{"question_id":157,"question_type":"multiple_choice","user_answer":"N/A","is_correct":false},{"question_id":144,"question_type":"multiple_choice","user_answer":"N/A","is_correct":false},{"question_id":84,"question_type":"multiple_choice","user_answer":"N/A","is_correct":false},{"question_id":99,"question_type":"multiple_choice","user_answer":"N/A","is_correct":false},{"question_id":74,"question_type":"multiple_choice","user_answer":"N/A","is_correct":false},{"question_id":65,"question_type":"multiple_choice","user_answer":"N/A","is_correct":false},{"question_id":91,"question_type":"multiple_choice","user_answer":"N/A","is_correct":false},{"question_id":54,"question_type":"multiple_choice","user_answer":"N/A","is_correct":false},{"question_id":172,"question_type":"multiple_choice","user_answer":"N/A","is_correct":false},{"question_id":107,"question_type":"multiple_choice","user_answer":"N/A","is_correct":false},{"question_id":87,"question_type":"multiple_choice","user_answer":"N/A","is_correct":false},{"question_id":129,"question_type":"multiple_choice","user_answer":"N/A","is_correct":false},{"question_id":96,"question_type":"multiple_choice","user_answer":"N/A","is_correct":false},{"question_id":135,"question_type":"multiple_choice","user_answer":"N/A","is_correct":false},{"question_id":67,"question_type":"multiple_choice","user_answer":"N/A","is_correct":false},{"question_id":142,"question_type":"multiple_choice","user_answer":"N/A","is_correct":false},{"question_id":95,"question_type":"multiple_choice","user_answer":"N/A","is_correct":false},{"question_id":197,"question_type":"multiple_choice","user_answer":"N/A","is_correct":false},{"question_id":138,"question_type":"multiple_choice","user_answer":"N/A","is_correct":false},{"question_id":177,"question_type":"multiple_choice","user_answer":"N/A","is_correct":false},{"question_id":80,"question_type":"multiple_choice","user_answer":"N/A","is_correct":false},{"question_id":105,"question_type":"multiple_choice","user_answer":"N/A","is_correct":false},{"question_id":170,"question_type":"multiple_choice","user_answer":"N/A","is_correct":false},{"question_id":146,"question_type":"multiple_choice","user_answer":"N/A","is_correct":false},{"question_id":139,"question_type":"multiple_choice","user_answer":"N/A","is_correct":false},{"question_id":92,"question_type":"multiple_choice","user_answer":"N/A","is_correct":false},{"question_id":196,"question_type":"multiple_choice","user_answer":"N/A","is_correct":false},{"question_id":164,"question_type":"multiple_choice","user_answer":"N/A","is_correct":false},{"question_id":76,"question_type":"multiple_choice","user_answer":"N/A","is_correct":false},{"question_id":183,"question_type":"multiple_choice","user_answer":"N/A","is_correct":false},{"question_id":191,"question_type":"multiple_choice","user_answer":"N/A","is_correct":false},{"question_id":104,"question_type":"multiple_choice","user_answer":"N/A","is_correct":false},{"question_id":150,"question_type":"multiple_choice","user_answer":"N/A","is_correct":false},{"question_id":166,"question_type":"multiple_choice","user_answer":"N/A","is_correct":false},{"question_id":73,"question_type":"multiple_choice","user_answer":"N/A","is_correct":false},{"question_id":106,"question_type":"multiple_choice","user_answer":"N/A","is_correct":false},{"question_id":134,"question_type":"multiple_choice","user_answer":"N/A","is_correct":false},{"question_id":163,"question_type":"multiple_choice","user_answer":"N/A","is_correct":false},{"question_id":198,"question_type":"multiple_choice","user_answer":"N/A","is_correct":false},{"question_id":161,"question_type":"multiple_choice","user_answer":"N/A","is_correct":false},{"question_id":112,"question_type":"multiple_choice","user_answer":"N/A","is_correct":false},{"question_id":195,"question_type":"multiple_choice","user_answer":"N/A","is_correct":false},{"question_id":165,"question_type":"multiple_choice","user_answer":"N/A","is_correct":false},{"question_id":78,"question_type":"multiple_choice","user_answer":"N/A","is_correct":false},{"question_id":122,"question_type":"multiple_choice","user_answer":"N/A","is_correct":false},{"question_id":71,"question_type":"multiple_choice","user_answer":"N/A","is_correct":false},{"question_id":55,"question_type":"multiple_choice","user_answer":"N/A","is_correct":false},{"question_id":77,"question_type":"multiple_choice","user_answer":"N/A","is_correct":false},{"question_id":60,"question_type":"multiple_choice","user_answer":"N/A","is_correct":false},{"question_id":176,"question_type":"multiple_choice","user_answer":"N/A","is_correct":false},{"question_id":51,"question_type":"multiple_choice","user_answer":"N/A","is_correct":false},{"question_id":97,"question_type":"multiple_choice","user_answer":"N/A","is_correct":false},{"question_id":153,"question_type":"multiple_choice","user_answer":"N/A","is_correct":false},{"question_id":192,"question_type":"multiple_choice","user_answer":"N/A","is_correct":false},{"question_id":82,"question_type":"multiple_choice","user_answer":"N/A","is_correct":false},{"question_id":151,"question_type":"multiple_choice","user_answer":"N/A","is_correct":false},{"question_id":114,"question_type":"multiple_choice","user_answer":"N/A","is_correct":false},{"question_id":180,"question_type":"multiple_choice","user_answer":"N/A","is_correct":false},{"question_id":148,"question_type":"multiple_choice","user_answer":"N/A","is_correct":false},{"question_id":169,"question_type":"multiple_choice","user_answer":"N/A","is_correct":false},{"question_id":59,"question_type":"multiple_choice","user_answer":"N/A","is_correct":false},{"question_id":167,"question_type":"multiple_choice","user_answer":"N/A","is_correct":false},{"question_id":90,"question_type":"multiple_choice","user_answer":"N/A","is_correct":false},{"question_id":69,"question_type":"multiple_choice","user_answer":"N/A","is_correct":false},{"question_id":126,"question_type":"multiple_choice","user_answer":"N/A","is_correct":false},{"question_id":152,"question_type":"multiple_choice","user_answer":"N/A","is_correct":false},{"question_id":179,"question_type":"multiple_choice","user_answer":"N/A","is_correct":false},{"question_id":193,"question_type":"multiple_choice","user_answer":"N/A","is_correct":false},{"question_id":85,"question_type":"multiple_choice","user_answer":"N/A","is_correct":false},{"question_id":194,"question_type":"multiple_choice","user_answer":"N/A","is_correct":false},{"question_id":81,"question_type":"multiple_choice","user_answer":"N/A","is_correct":false},{"question_id":147,"question_type":"multiple_choice","user_answer":"D","is_correct":false}],"tab_switch_count":0,"tab_switch_flagged":false,"tab_switch_log":[]}
[2025-12-07 13:16:01] Quiz Data: Array
(
    [user_id] => 1
    [book_id] => 11
    [total_questions] => 100
    [correct_answers] => 0
    [score_percentage] => 0
    [time_taken] => 18
    [responses] => Array
        (
            [0] => Array
                (
                    [question_id] => 133
                    [question_type] => multiple_choice
                    [user_answer] => N/A
                    [is_correct] => 
                )

            [1] => Array
                (
                    [question_id] => 72
                    [question_type] => multiple_choice
                    [user_answer] => N/A
                    [is_correct] => 
                )

            [2] => Array
                (
                    [question_id] => 116
                    [question_type] => multiple_choice
                    [user_answer] => N/A
                    [is_correct] => 
                )

            [3] => Array
                (
                    [question_id] => 113
                    [question_type] => multiple_choice
                    [user_answer] => N/A
                    [is_correct] => 
                )

            [4] => Array
                (
                    [question_id] => 143
                    [question_type] => multiple_choice
                    [user_answer] => N/A
                    [is_correct] => 
                )

            [5] => Array
                (
                    [question_id] => 93
                    [question_type] => multiple_choice
                    [user_answer] => N/A
                    [is_correct] => 
                )

            [6] => Array
                (
                    [question_id] => 102
                    [question_type] => multiple_choice
                    [user_answer] => N/A
                    [is_correct] => 
                )

            [7] => Array
                (
                    [question_id] => 125
                    [question_type] => multiple_choice
                    [user_answer] => N/A
                    [is_correct] => 
                )

            [8] => Array
                (
                    [question_id] => 182
                    [question_type] => multiple_choice
                    [user_answer] => N/A
                    [is_correct] => 
                )

            [9] => Array
                (
                    [question_id] => 159
                    [question_type] => multiple_choice
                    [user_answer] => N/A
                    [is_correct] => 
                )

            [10] => Array
                (
                    [question_id] => 131
                    [question_type] => multiple_choice
                    [user_answer] => N/A
                    [is_correct] => 
                )

            [11] => Array
                (
                    [question_id] => 94
                    [question_type] => multiple_choice
                    [user_answer] => N/A
                    [is_correct] => 
                )

            [12] => Array
                (
                    [question_id] => 123
                    [question_type] => multiple_choice
                    [user_answer] => N/A
                    [is_correct] => 
                )

            [13] => Array
                (
                    [question_id] => 156
                    [question_type] => multiple_choice
                    [user_answer] => N/A
                    [is_correct] => 
                )

            [14] => Array
                (
                    [question_id] => 101
                    [question_type] => multiple_choice
                    [user_answer] => N/A
                    [is_correct] => 
                )

            [15] => Array
                (
                    [question_id] => 174
                    [question_type] => multiple_choice
                    [user_answer] => N/A
                    [is_correct] => 
                )

            [16] => Array
                (
                    [question_id] => 68
                    [question_type] => multiple_choice
                    [user_answer] => N/A
                    [is_correct] => 
                )

            [17] => Array
                (
                    [question_id] => 186
                    [question_type] => multiple_choice
                    [user_answer] => N/A
                    [is_correct] => 
                )

            [18] => Array
                (
                    [question_id] => 136
                    [question_type] => multiple_choice
                    [user_answer] => N/A
                    [is_correct] => 
                )

            [19] => Array
                (
                    [question_id] => 52
                    [question_type] => multiple_choice
                    [user_answer] => N/A
                    [is_correct] => 
                )

            [20] => Array
                (
                    [question_id] => 160
                    [question_type] => multiple_choice
                    [user_answer] => N/A
                    [is_correct] => 
                )

            [21] => Array
                (
                    [question_id] => 127
                    [question_type] => multiple_choice
                    [user_answer] => N/A
                    [is_correct] => 
                )

            [22] => Array
                (
                    [question_id] => 100
                    [question_type] => multiple_choice
                    [user_answer] => N/A
                    [is_correct] => 
                )

            [23] => Array
                (
                    [question_id] => 141
                    [question_type] => multiple_choice
                    [user_answer] => N/A
                    [is_correct] => 
                )

            [24] => Array
                (
                    [question_id] => 109
                    [question_type] => multiple_choice
                    [user_answer] => N/A
                    [is_correct] => 
                )

            [25] => Array
                (
                    [question_id] => 175
                    [question_type] => multiple_choice
                    [user_answer] => N/A
                    [is_correct] => 
                )

            [26] => Array
                (
                    [question_id] => 130
                    [question_type] => multiple_choice
                    [user_answer] => N/A
                    [is_correct] => 
                )

            [27] => Array
                (
                    [question_id] => 117
                    [question_type] => multiple_choice
                    [user_answer] => N/A
                    [is_correct] => 
                )

            [28] => Array
                (
                    [question_id] => 157
                    [question_type] => multiple_choice
                    [user_answer] => N/A
                    [is_correct] => 
                )

            [29] => Array
                (
                    [question_id] => 144
                    [question_type] => multiple_choice
                    [user_answer] => N/A
                    [is_correct] => 
                )

            [30] => Array
                (
                    [question_id] => 84
                    [question_type] => multiple_choice
                    [user_answer] => N/A
                    [is_correct] => 
                )

            [31] => Array
                (
                    [question_id] => 99
                    [question_type] => multiple_choice
                    [user_answer] => N/A
                    [is_correct] => 
                )

            [32] => Array
                (
                    [question_id] => 74
                    [question_type] => multiple_choice
                    [user_answer] => N/A
                    [is_correct] => 
                )

            [33] => Array
                (
                    [question_id] => 65
                    [question_type] => multiple_choice
                    [user_answer] => N/A
                    [is_correct] => 
                )

            [34] => Array
                (
                    [question_id] => 91
                    [question_type] => multiple_choice
                    [user_answer] => N/A
                    [is_correct] => 
                )

            [35] => Array
                (
                    [question_id] => 54
                    [question_type] => multiple_choice
                    [user_answer] => N/A
                    [is_correct] => 
                )

            [36] => Array
                (
                    [question_id] => 172
                    [question_type] => multiple_choice
                    [user_answer] => N/A
                    [is_correct] => 
                )

            [37] => Array
                (
                    [question_id] => 107
                    [question_type] => multiple_choice
                    [user_answer] => N/A
                    [is_correct] => 
                )

            [38] => Array
                (
                    [question_id] => 87
                    [question_type] => multiple_choice
                    [user_answer] => N/A
                    [is_correct] => 
                )

            [39] => Array
                (
                    [question_id] => 129
                    [question_type] => multiple_choice
                    [user_answer] => N/A
                    [is_correct] => 
                )

            [40] => Array
                (
                    [question_id] => 96
                    [question_type] => multiple_choice
                    [user_answer] => N/A
                    [is_correct] => 
                )

            [41] => Array
                (
                    [question_id] => 135
                    [question_type] => multiple_choice
                    [user_answer] => N/A
                    [is_correct] => 
                )

            [42] => Array
                (
                    [question_id] => 67
                    [question_type] => multiple_choice
                    [user_answer] => N/A
                    [is_correct] => 
                )

            [43] => Array
                (
                    [question_id] => 142
                    [question_type] => multiple_choice
                    [user_answer] => N/A
                    [is_correct] => 
                )

            [44] => Array
                (
                    [question_id] => 95
                    [question_type] => multiple_choice
                    [user_answer] => N/A
                    [is_correct] => 
                )

            [45] => Array
                (
                    [question_id] => 197
                    [question_type] => multiple_choice
                    [user_answer] => N/A
                    [is_correct] => 
                )

            [46] => Array
                (
                    [question_id] => 138
                    [question_type] => multiple_choice
                    [user_answer] => N/A
                    [is_correct] => 
                )

            [47] => Array
                (
                    [question_id] => 177
                    [question_type] => multiple_choice
                    [user_answer] => N/A
                    [is_correct] => 
                )

            [48] => Array
                (
                    [question_id] => 80
                    [question_type] => multiple_choice
                    [user_answer] => N/A
                    [is_correct] => 
                )

            [49] => Array
                (
                    [question_id] => 105
                    [question_type] => multiple_choice
                    [user_answer] => N/A
                    [is_correct] => 
                )

            [50] => Array
                (
                    [question_id] => 170
                    [question_type] => multiple_choice
                    [user_answer] => N/A
                    [is_correct] => 
                )

            [51] => Array
                (
                    [question_id] => 146
                    [question_type] => multiple_choice
                    [user_answer] => N/A
                    [is_correct] => 
                )

            [52] => Array
                (
                    [question_id] => 139
                    [question_type] => multiple_choice
                    [user_answer] => N/A
                    [is_correct] => 
                )

            [53] => Array
                (
                    [question_id] => 92
                    [question_type] => multiple_choice
                    [user_answer] => N/A
                    [is_correct] => 
                )

            [54] => Array
                (
                    [question_id] => 196
                    [question_type] => multiple_choice
                    [user_answer] => N/A
                    [is_correct] => 
                )

            [55] => Array
                (
                    [question_id] => 164
                    [question_type] => multiple_choice
                    [user_answer] => N/A
                    [is_correct] => 
                )

            [56] => Array
                (
                    [question_id] => 76
                    [question_type] => multiple_choice
                    [user_answer] => N/A
                    [is_correct] => 
                )

            [57] => Array
                (
                    [question_id] => 183
                    [question_type] => multiple_choice
                    [user_answer] => N/A
                    [is_correct] => 
                )

            [58] => Array
                (
                    [question_id] => 191
                    [question_type] => multiple_choice
                    [user_answer] => N/A
                    [is_correct] => 
                )

            [59] => Array
                (
                    [question_id] => 104
                    [question_type] => multiple_choice
                    [user_answer] => N/A
                    [is_correct] => 
                )

            [60] => Array
                (
                    [question_id] => 150
                    [question_type] => multiple_choice
                    [user_answer] => N/A
                    [is_correct] => 
                )

            [61] => Array
                (
                    [question_id] => 166
                    [question_type] => multiple_choice
                    [user_answer] => N/A
                    [is_correct] => 
                )

            [62] => Array
                (
                    [question_id] => 73
                    [question_type] => multiple_choice
                    [user_answer] => N/A
                    [is_correct] => 
                )

            [63] => Array
                (
                    [question_id] => 106
                    [question_type] => multiple_choice
                    [user_answer] => N/A
                    [is_correct] => 
                )

            [64] => Array
                (
                    [question_id] => 134
                    [question_type] => multiple_choice
                    [user_answer] => N/A
                    [is_correct] => 
                )

            [65] => Array
                (
                    [question_id] => 163
                    [question_type] => multiple_choice
                    [user_answer] => N/A
                    [is_correct] => 
                )

            [66] => Array
                (
                    [question_id] => 198
                    [question_type] => multiple_choice
                    [user_answer] => N/A
                    [is_correct] => 
                )

            [67] => Array
                (
                    [question_id] => 161
                    [question_type] => multiple_choice
                    [user_answer] => N/A
                    [is_correct] => 
                )

            [68] => Array
                (
                    [question_id] => 112
                    [question_type] => multiple_choice
                    [user_answer] => N/A
                    [is_correct] => 
                )

            [69] => Array
                (
                    [question_id] => 195
                    [question_type] => multiple_choice
                    [user_answer] => N/A
                    [is_correct] => 
                )

            [70] => Array
                (
                    [question_id] => 165
                    [question_type] => multiple_choice
                    [user_answer] => N/A
                    [is_correct] => 
                )

            [71] => Array
                (
                    [question_id] => 78
                    [question_type] => multiple_choice
                    [user_answer] => N/A
                    [is_correct] => 
                )

            [72] => Array
                (
                    [question_id] => 122
                    [question_type] => multiple_choice
                    [user_answer] => N/A
                    [is_correct] => 
                )

            [73] => Array
                (
                    [question_id] => 71
                    [question_type] => multiple_choice
                    [user_answer] => N/A
                    [is_correct] => 
                )

            [74] => Array
                (
                    [question_id] => 55
                    [question_type] => multiple_choice
                    [user_answer] => N/A
                    [is_correct] => 
                )

            [75] => Array
                (
                    [question_id] => 77
                    [question_type] => multiple_choice
                    [user_answer] => N/A
                    [is_correct] => 
                )

            [76] => Array
                (
                    [question_id] => 60
                    [question_type] => multiple_choice
                    [user_answer] => N/A
                    [is_correct] => 
                )

            [77] => Array
                (
                    [question_id] => 176
                    [question_type] => multiple_choice
                    [user_answer] => N/A
                    [is_correct] => 
                )

            [78] => Array
                (
                    [question_id] => 51
                    [question_type] => multiple_choice
                    [user_answer] => N/A
                    [is_correct] => 
                )

            [79] => Array
                (
                    [question_id] => 97
                    [question_type] => multiple_choice
                    [user_answer] => N/A
                    [is_correct] => 
                )

            [80] => Array
                (
                    [question_id] => 153
                    [question_type] => multiple_choice
                    [user_answer] => N/A
                    [is_correct] => 
                )

            [81] => Array
                (
                    [question_id] => 192
                    [question_type] => multiple_choice
                    [user_answer] => N/A
                    [is_correct] => 
                )

            [82] => Array
                (
                    [question_id] => 82
                    [question_type] => multiple_choice
                    [user_answer] => N/A
                    [is_correct] => 
                )

            [83] => Array
                (
                    [question_id] => 151
                    [question_type] => multiple_choice
                    [user_answer] => N/A
                    [is_correct] => 
                )

            [84] => Array
                (
                    [question_id] => 114
                    [question_type] => multiple_choice
                    [user_answer] => N/A
                    [is_correct] => 
                )

            [85] => Array
                (
                    [question_id] => 180
                    [question_type] => multiple_choice
                    [user_answer] => N/A
                    [is_correct] => 
                )

            [86] => Array
                (
                    [question_id] => 148
                    [question_type] => multiple_choice
                    [user_answer] => N/A
                    [is_correct] => 
                )

            [87] => Array
                (
                    [question_id] => 169
                    [question_type] => multiple_choice
                    [user_answer] => N/A
                    [is_correct] => 
                )

            [88] => Array
                (
                    [question_id] => 59
                    [question_type] => multiple_choice
                    [user_answer] => N/A
                    [is_correct] => 
                )

            [89] => Array
                (
                    [question_id] => 167
                    [question_type] => multiple_choice
                    [user_answer] => N/A
                    [is_correct] => 
                )

            [90] => Array
                (
                    [question_id] => 90
                    [question_type] => multiple_choice
                    [user_answer] => N/A
                    [is_correct] => 
                )

            [91] => Array
                (
                    [question_id] => 69
                    [question_type] => multiple_choice
                    [user_answer] => N/A
                    [is_correct] => 
                )

            [92] => Array
                (
                    [question_id] => 126
                    [question_type] => multiple_choice
                    [user_answer] => N/A
                    [is_correct] => 
                )

            [93] => Array
                (
                    [question_id] => 152
                    [question_type] => multiple_choice
                    [user_answer] => N/A
                    [is_correct] => 
                )

            [94] => Array
                (
                    [question_id] => 179
                    [question_type] => multiple_choice
                    [user_answer] => N/A
                    [is_correct] => 
                )

            [95] => Array
                (
                    [question_id] => 193
                    [question_type] => multiple_choice
                    [user_answer] => N/A
                    [is_correct] => 
                )

            [96] => Array
                (
                    [question_id] => 85
                    [question_type] => multiple_choice
                    [user_answer] => N/A
                    [is_correct] => 
                )

            [97] => Array
                (
                    [question_id] => 194
                    [question_type] => multiple_choice
                    [user_answer] => N/A
                    [is_correct] => 
                )

            [98] => Array
                (
                    [question_id] => 81
                    [question_type] => multiple_choice
                    [user_answer] => N/A
                    [is_correct] => 
                )

            [99] => Array
                (
                    [question_id] => 147
                    [question_type] => multiple_choice
                    [user_answer] => D
                    [is_correct] => 
                )

        )

    [tab_switch_count] => 0
    [tab_switch_flagged] => 
    [tab_switch_log] => Array
        (
        )

)

[2025-12-07 13:16:01] Extracted data - User: 1, Book: 11, Score: 0/100 (0%)
[2025-12-07 13:16:01] Starting database operations...
[2025-12-07 13:16:01] Transaction started
[2025-12-07 13:16:01] User verified: Juan Dela Cruz
[2025-12-07 13:16:01] Book verified: One Piece: The Complete Adventure
[2025-12-07 13:16:01] Attempting to save quiz attempt...
[2025-12-07 13:16:01] Quiz attempt saved successfully! Attempt ID: 0
[2025-12-07 13:16:01] System log created
[2025-12-07 13:16:01] Is re-attempt: YES (Previous attempts: 1)
[2025-12-07 13:16:01] Books completed count (any attempt): 2
[2025-12-07 13:16:01] Average score: 10%
[2025-12-07 13:16:01] Processing rewards based on 2 books completed...
[2025-12-07 13:16:01] Checking reward: Pen Reward (requires 10 books)
[2025-12-07 13:16:01] Not enough books for reward: Pen Reward
[2025-12-07 13:16:01] Checking reward: Notebook Reward (requires 25 books)
[2025-12-07 13:16:01] Not enough books for reward: Notebook Reward
[2025-12-07 13:16:01] Checking reward: Drawing Materials (requires 50 books)
[2025-12-07 13:16:01] Not enough books for reward: Drawing Materials
[2025-12-07 13:16:01] Checking reward: School Supplies Bundle (requires 100 books)
[2025-12-07 13:16:01] Not enough books for reward: School Supplies Bundle
[2025-12-07 13:16:01] Total rewards earned: 0
[2025-12-07 13:16:01] ✅ Transaction committed successfully
[2025-12-07 13:16:01] Response data: Array
(
    [attempt_id] => 0
    [books_completed] => 2
    [average_score] => 10
    [rewards_earned] => 0
    [new_rewards] => Array
        (
        )

    [all_rewards] => Array
        (
        )

    [user_name] => Juan Dela Cruz
    [book_title] => One Piece: The Complete Adventure
    [passed] => 
    [is_reattempt] => 1
    [tab_switch_flagged] => 
)

[2025-12-07 13:16:01] === Quiz Save Successful ===
[2025-12-07 15:15:33] === Quiz Save Request Started ===
[2025-12-07 15:15:33] User logged in: 1
[2025-12-07 15:15:33] Raw JSON: {"user_id":1,"book_id":5,"total_questions":5,"correct_answers":2,"score_percentage":40,"time_taken":12,"responses":[{"question_id":25,"question_type":"multiple_choice","user_answer":"D","is_correct":false},{"question_id":22,"question_type":"multiple_choice","user_answer":"D","is_correct":false},{"question_id":23,"question_type":"multiple_choice","user_answer":"B","is_correct":true},{"question_id":21,"question_type":"multiple_choice","user_answer":"B","is_correct":false},{"question_id":24,"question_type":"multiple_choice","user_answer":"B","is_correct":true}],"tab_switch_count":0,"tab_switch_flagged":false,"tab_switch_log":[]}
[2025-12-07 15:15:33] Quiz Data: Array
(
    [user_id] => 1
    [book_id] => 5
    [total_questions] => 5
    [correct_answers] => 2
    [score_percentage] => 40
    [time_taken] => 12
    [responses] => Array
        (
            [0] => Array
                (
                    [question_id] => 25
                    [question_type] => multiple_choice
                    [user_answer] => D
                    [is_correct] => 
                )

            [1] => Array
                (
                    [question_id] => 22
                    [question_type] => multiple_choice
                    [user_answer] => D
                    [is_correct] => 
                )

            [2] => Array
                (
                    [question_id] => 23
                    [question_type] => multiple_choice
                    [user_answer] => B
                    [is_correct] => 1
                )

            [3] => Array
                (
                    [question_id] => 21
                    [question_type] => multiple_choice
                    [user_answer] => B
                    [is_correct] => 
                )

            [4] => Array
                (
                    [question_id] => 24
                    [question_type] => multiple_choice
                    [user_answer] => B
                    [is_correct] => 1
                )

        )

    [tab_switch_count] => 0
    [tab_switch_flagged] => 
    [tab_switch_log] => Array
        (
        )

)

[2025-12-07 15:15:33] Extracted data - User: 1, Book: 5, Score: 2/5 (40%)
[2025-12-07 15:15:33] Starting database operations...
[2025-12-07 15:15:33] Transaction started
[2025-12-07 15:15:33] User verified: Juan Dela Cruz
[2025-12-07 15:15:33] Book verified: Bridge to Terabithia
[2025-12-07 15:15:33] Attempting to save quiz attempt...
[2025-12-07 15:15:33] Quiz attempt saved successfully! Attempt ID: 4
[2025-12-07 15:15:33] System log created
[2025-12-07 15:15:33] Is re-attempt: YES (Previous attempts: 1)
[2025-12-07 15:15:33] Books completed count (any attempt): 3
[2025-12-07 15:15:33] Average score: 20%
[2025-12-07 15:15:33] Processing rewards based on 3 books completed...
[2025-12-07 15:15:33] Checking reward: Pen Reward (requires 10 books)
[2025-12-07 15:15:33] Not enough books for reward: Pen Reward
[2025-12-07 15:15:33] Checking reward: Notebook Reward (requires 25 books)
[2025-12-07 15:15:33] Not enough books for reward: Notebook Reward
[2025-12-07 15:15:33] Checking reward: Drawing Materials (requires 50 books)
[2025-12-07 15:15:33] Not enough books for reward: Drawing Materials
[2025-12-07 15:15:33] Checking reward: School Supplies Bundle (requires 100 books)
[2025-12-07 15:15:33] Not enough books for reward: School Supplies Bundle
[2025-12-07 15:15:33] Total rewards earned: 0
[2025-12-07 15:15:33] ✅ Transaction committed successfully
[2025-12-07 15:15:33] Response data: Array
(
    [attempt_id] => 4
    [books_completed] => 3
    [average_score] => 20
    [rewards_earned] => 0
    [new_rewards] => Array
        (
        )

    [all_rewards] => Array
        (
        )

    [user_name] => Juan Dela Cruz
    [book_title] => Bridge to Terabithia
    [passed] => 
    [is_reattempt] => 1
    [tab_switch_flagged] => 
)

[2025-12-07 15:15:33] === Quiz Save Successful ===
[2025-12-07 17:19:55] === Quiz Save Request Started ===
[2025-12-07 17:19:55] User logged in: 1
[2025-12-07 17:19:55] Raw JSON: {"user_id":1,"book_id":5,"total_questions":5,"correct_answers":0,"score_percentage":0,"time_taken":21,"responses":[{"question_id":25,"question_type":"multiple_choice","user_answer":"N/A","is_correct":false},{"question_id":24,"question_type":"multiple_choice","user_answer":"N/A","is_correct":false},{"question_id":21,"question_type":"multiple_choice","user_answer":"N/A","is_correct":false},{"question_id":23,"question_type":"multiple_choice","user_answer":"N/A","is_correct":false},{"question_id":22,"question_type":"multiple_choice","user_answer":"N/A","is_correct":false}],"tab_switch_count":4,"tab_switch_flagged":true,"tab_switch_log":[{"type":"window_blur","timestamp":"2025-12-07T09:19:36.998Z","question":1,"warning_number":1},{"type":"visibility_hidden","timestamp":"2025-12-07T09:19:43.678Z","question":1,"warning_number":2},{"type":"visibility_hidden","timestamp":"2025-12-07T09:19:48.285Z","question":1,"warning_number":3},{"type":"returned","timestamp":"2025-12-07T09:19:50.206Z","question":1},{"type":"window_blur","timestamp":"2025-12-07T09:19:53.123Z","question":1,"warning_number":4}]}
[2025-12-07 17:19:55] Quiz Data: Array
(
    [user_id] => 1
    [book_id] => 5
    [total_questions] => 5
    [correct_answers] => 0
    [score_percentage] => 0
    [time_taken] => 21
    [responses] => Array
        (
            [0] => Array
                (
                    [question_id] => 25
                    [question_type] => multiple_choice
                    [user_answer] => N/A
                    [is_correct] => 
                )

            [1] => Array
                (
                    [question_id] => 24
                    [question_type] => multiple_choice
                    [user_answer] => N/A
                    [is_correct] => 
                )

            [2] => Array
                (
                    [question_id] => 21
                    [question_type] => multiple_choice
                    [user_answer] => N/A
                    [is_correct] => 
                )

            [3] => Array
                (
                    [question_id] => 23
                    [question_type] => multiple_choice
                    [user_answer] => N/A
                    [is_correct] => 
                )

            [4] => Array
                (
                    [question_id] => 22
                    [question_type] => multiple_choice
                    [user_answer] => N/A
                    [is_correct] => 
                )

        )

    [tab_switch_count] => 4
    [tab_switch_flagged] => 1
    [tab_switch_log] => Array
        (
            [0] => Array
                (
                    [type] => window_blur
                    [timestamp] => 2025-12-07T09:19:36.998Z
                    [question] => 1
                    [warning_number] => 1
                )

            [1] => Array
                (
                    [type] => visibility_hidden
                    [timestamp] => 2025-12-07T09:19:43.678Z
                    [question] => 1
                    [warning_number] => 2
                )

            [2] => Array
                (
                    [type] => visibility_hidden
                    [timestamp] => 2025-12-07T09:19:48.285Z
                    [question] => 1
                    [warning_number] => 3
                )

            [3] => Array
                (
                    [type] => returned
                    [timestamp] => 2025-12-07T09:19:50.206Z
                    [question] => 1
                )

            [4] => Array
                (
                    [type] => window_blur
                    [timestamp] => 2025-12-07T09:19:53.123Z
                    [question] => 1
                    [warning_number] => 4
                )

        )

)

[2025-12-07 17:19:55] Extracted data - User: 1, Book: 5, Score: 0/5 (0%)
[2025-12-07 17:19:55] Starting database operations...
[2025-12-07 17:19:55] Transaction started
[2025-12-07 17:19:55] User verified: Juan Dela Cruz
[2025-12-07 17:19:55] Book verified: Bridge to Terabithia
[2025-12-07 17:19:55] Attempting to save quiz attempt...
[2025-12-07 17:19:55] Quiz attempt saved successfully! Attempt ID: 0
[2025-12-07 17:19:55] System log created
[2025-12-07 17:19:55] Is re-attempt: YES (Previous attempts: 1)
[2025-12-07 17:19:55] Books completed count (any attempt): 3
[2025-12-07 17:19:55] Average score: 6.7%
[2025-12-07 17:19:55] Processing rewards based on 3 books completed...
[2025-12-07 17:19:55] Checking reward: Pen Reward (requires 10 books)
[2025-12-07 17:19:55] Not enough books for reward: Pen Reward
[2025-12-07 17:19:55] Checking reward: Notebook Reward (requires 25 books)
[2025-12-07 17:19:55] Not enough books for reward: Notebook Reward
[2025-12-07 17:19:55] Checking reward: Drawing Materials (requires 50 books)
[2025-12-07 17:19:55] Not enough books for reward: Drawing Materials
[2025-12-07 17:19:55] Checking reward: School Supplies Bundle (requires 100 books)
[2025-12-07 17:19:55] Not enough books for reward: School Supplies Bundle
[2025-12-07 17:19:55] Total rewards earned: 0
[2025-12-07 17:19:55] ✅ Transaction committed successfully
[2025-12-07 17:19:55] Response data: Array
(
    [attempt_id] => 0
    [books_completed] => 3
    [average_score] => 6.7
    [rewards_earned] => 0
    [new_rewards] => Array
        (
        )

    [all_rewards] => Array
        (
        )

    [user_name] => Juan Dela Cruz
    [book_title] => Bridge to Terabithia
    [passed] => 
    [is_reattempt] => 1
    [tab_switch_flagged] => 1
)

[2025-12-07 17:19:55] === Quiz Save Successful ===
[2025-12-07 17:21:35] === Quiz Save Request Started ===
[2025-12-07 17:21:35] User logged in: 1
[2025-12-07 17:21:35] Raw JSON: {"user_id":1,"book_id":1,"total_questions":5,"correct_answers":3,"score_percentage":60,"time_taken":13,"responses":[{"question_id":1,"question_type":"multiple_choice","user_answer":"A","is_correct":true},{"question_id":2,"question_type":"multiple_choice","user_answer":"B","is_correct":true},{"question_id":3,"question_type":"multiple_choice","user_answer":"D","is_correct":false},{"question_id":4,"question_type":"multiple_choice","user_answer":"B","is_correct":true},{"question_id":5,"question_type":"multiple_choice","user_answer":"D","is_correct":false}],"tab_switch_count":0,"tab_switch_flagged":false,"tab_switch_log":[]}
[2025-12-07 17:21:35] Quiz Data: Array
(
    [user_id] => 1
    [book_id] => 1
    [total_questions] => 5
    [correct_answers] => 3
    [score_percentage] => 60
    [time_taken] => 13
    [responses] => Array
        (
            [0] => Array
                (
                    [question_id] => 1
                    [question_type] => multiple_choice
                    [user_answer] => A
                    [is_correct] => 1
                )

            [1] => Array
                (
                    [question_id] => 2
                    [question_type] => multiple_choice
                    [user_answer] => B
                    [is_correct] => 1
                )

            [2] => Array
                (
                    [question_id] => 3
                    [question_type] => multiple_choice
                    [user_answer] => D
                    [is_correct] => 
                )

            [3] => Array
                (
                    [question_id] => 4
                    [question_type] => multiple_choice
                    [user_answer] => B
                    [is_correct] => 1
                )

            [4] => Array
                (
                    [question_id] => 5
                    [question_type] => multiple_choice
                    [user_answer] => D
                    [is_correct] => 
                )

        )

    [tab_switch_count] => 0
    [tab_switch_flagged] => 
    [tab_switch_log] => Array
        (
        )

)

[2025-12-07 17:21:35] Extracted data - User: 1, Book: 1, Score: 3/5 (60%)
[2025-12-07 17:21:35] Starting database operations...
[2025-12-07 17:21:35] Transaction started
[2025-12-07 17:21:35] User verified: Juan Dela Cruz
[2025-12-07 17:21:35] Book verified: The Adventures of Tom Sawyer
[2025-12-07 17:21:35] Attempting to save quiz attempt...
[2025-12-07 17:21:35] Quiz attempt saved successfully! Attempt ID: 0
[2025-12-07 17:21:35] System log created
[2025-12-07 17:21:35] Is re-attempt: YES (Previous attempts: 1)
[2025-12-07 17:21:35] Books completed count (any attempt): 3
[2025-12-07 17:21:35] Average score: 20%
[2025-12-07 17:21:35] Processing rewards based on 3 books completed...
[2025-12-07 17:21:35] Checking reward: Pen Reward (requires 10 books)
[2025-12-07 17:21:35] Not enough books for reward: Pen Reward
[2025-12-07 17:21:35] Checking reward: Notebook Reward (requires 25 books)
[2025-12-07 17:21:35] Not enough books for reward: Notebook Reward
[2025-12-07 17:21:35] Checking reward: Drawing Materials (requires 50 books)
[2025-12-07 17:21:35] Not enough books for reward: Drawing Materials
[2025-12-07 17:21:35] Checking reward: School Supplies Bundle (requires 100 books)
[2025-12-07 17:21:35] Not enough books for reward: School Supplies Bundle
[2025-12-07 17:21:35] Total rewards earned: 0
[2025-12-07 17:21:35] ✅ Transaction committed successfully
[2025-12-07 17:21:35] Response data: Array
(
    [attempt_id] => 0
    [books_completed] => 3
    [average_score] => 20
    [rewards_earned] => 0
    [new_rewards] => Array
        (
        )

    [all_rewards] => Array
        (
        )

    [user_name] => Juan Dela Cruz
    [book_title] => The Adventures of Tom Sawyer
    [passed] => 
    [is_reattempt] => 1
    [tab_switch_flagged] => 
)

[2025-12-07 17:21:35] === Quiz Save Successful ===
[2025-12-07 17:22:52] === Quiz Save Request Started ===
[2025-12-07 17:22:52] User logged in: 1
[2025-12-07 17:22:52] Raw JSON: {"user_id":1,"book_id":11,"total_questions":100,"correct_answers":0,"score_percentage":0,"time_taken":28,"responses":[{"question_id":97,"question_type":"multiple_choice","user_answer":"A","is_correct":false},{"question_id":182,"question_type":"multiple_choice","user_answer":"N/A","is_correct":false},{"question_id":102,"question_type":"multiple_choice","user_answer":"N/A","is_correct":false},{"question_id":86,"question_type":"multiple_choice","user_answer":"N/A","is_correct":false},{"question_id":150,"question_type":"multiple_choice","user_answer":"N/A","is_correct":false},{"question_id":138,"question_type":"multiple_choice","user_answer":"N/A","is_correct":false},{"question_id":105,"question_type":"multiple_choice","user_answer":"N/A","is_correct":false},{"question_id":152,"question_type":"multiple_choice","user_answer":"N/A","is_correct":false},{"question_id":163,"question_type":"multiple_choice","user_answer":"N/A","is_correct":false},{"question_id":162,"question_type":"multiple_choice","user_answer":"N/A","is_correct":false},{"question_id":84,"question_type":"multiple_choice","user_answer":"N/A","is_correct":false},{"question_id":173,"question_type":"multiple_choice","user_answer":"N/A","is_correct":false},{"question_id":140,"question_type":"multiple_choice","user_answer":"N/A","is_correct":false},{"question_id":112,"question_type":"multiple_choice","user_answer":"N/A","is_correct":false},{"question_id":54,"question_type":"multiple_choice","user_answer":"N/A","is_correct":false},{"question_id":164,"question_type":"multiple_choice","user_answer":"N/A","is_correct":false},{"question_id":189,"question_type":"multiple_choice","user_answer":"N/A","is_correct":false},{"question_id":104,"question_type":"multiple_choice","user_answer":"N/A","is_correct":false},{"question_id":125,"question_type":"multiple_choice","user_answer":"C","is_correct":false},{"question_id":65,"question_type":"multiple_choice","user_answer":"N/A","is_correct":false},{"question_id":56,"question_type":"multiple_choice","user_answer":"N/A","is_correct":false},{"question_id":141,"question_type":"multiple_choice","user_answer":"N/A","is_correct":false},{"question_id":59,"question_type":"multiple_choice","user_answer":"N/A","is_correct":false},{"question_id":107,"question_type":"multiple_choice","user_answer":"N/A","is_correct":false},{"question_id":158,"question_type":"multiple_choice","user_answer":"N/A","is_correct":false},{"question_id":156,"question_type":"multiple_choice","user_answer":"N/A","is_correct":false},{"question_id":151,"question_type":"multiple_choice","user_answer":"N/A","is_correct":false},{"question_id":184,"question_type":"multiple_choice","user_answer":"N/A","is_correct":false},{"question_id":198,"question_type":"multiple_choice","user_answer":"N/A","is_correct":false},{"question_id":167,"question_type":"multiple_choice","user_answer":"N/A","is_correct":false},{"question_id":172,"question_type":"multiple_choice","user_answer":"N/A","is_correct":false},{"question_id":60,"question_type":"multiple_choice","user_answer":"N/A","is_correct":false},{"question_id":108,"question_type":"multiple_choice","user_answer":"N/A","is_correct":false},{"question_id":185,"question_type":"multiple_choice","user_answer":"N/A","is_correct":false},{"question_id":55,"question_type":"multiple_choice","user_answer":"N/A","is_correct":false},{"question_id":71,"question_type":"multiple_choice","user_answer":"N/A","is_correct":false},{"question_id":188,"question_type":"multiple_choice","user_answer":"N/A","is_correct":false},{"question_id":92,"question_type":"multiple_choice","user_answer":"N/A","is_correct":false},{"question_id":116,"question_type":"multiple_choice","user_answer":"N/A","is_correct":false},{"question_id":132,"question_type":"multiple_choice","user_answer":"N/A","is_correct":false},{"question_id":98,"question_type":"multiple_choice","user_answer":"N/A","is_correct":false},{"question_id":165,"question_type":"multiple_choice","user_answer":"N/A","is_correct":false},{"question_id":131,"question_type":"multiple_choice","user_answer":"N/A","is_correct":false},{"question_id":115,"question_type":"multiple_choice","user_answer":"N/A","is_correct":false},{"question_id":123,"question_type":"multiple_choice","user_answer":"N/A","is_correct":false},{"question_id":148,"question_type":"multiple_choice","user_answer":"N/A","is_correct":false},{"question_id":94,"question_type":"multiple_choice","user_answer":"N/A","is_correct":false},{"question_id":178,"question_type":"multiple_choice","user_answer":"N/A","is_correct":false},{"question_id":155,"question_type":"multiple_choice","user_answer":"N/A","is_correct":false},{"question_id":161,"question_type":"multiple_choice","user_answer":"N/A","is_correct":false},{"question_id":195,"question_type":"multiple_choice","user_answer":"N/A","is_correct":false},{"question_id":171,"question_type":"multiple_choice","user_answer":"N/A","is_correct":false},{"question_id":139,"question_type":"multiple_choice","user_answer":"N/A","is_correct":false},{"question_id":142,"question_type":"multiple_choice","user_answer":"N/A","is_correct":false},{"question_id":194,"question_type":"multiple_choice","user_answer":"N/A","is_correct":false},{"question_id":180,"question_type":"multiple_choice","user_answer":"N/A","is_correct":false},{"question_id":187,"question_type":"multiple_choice","user_answer":"N/A","is_correct":false},{"question_id":166,"question_type":"multiple_choice","user_answer":"N/A","is_correct":false},{"question_id":181,"question_type":"multiple_choice","user_answer":"N/A","is_correct":false},{"question_id":146,"question_type":"multiple_choice","user_answer":"N/A","is_correct":false},{"question_id":58,"question_type":"multiple_choice","user_answer":"N/A","is_correct":false},{"question_id":72,"question_type":"multiple_choice","user_answer":"N/A","is_correct":false},{"question_id":197,"question_type":"multiple_choice","user_answer":"N/A","is_correct":false},{"question_id":63,"question_type":"multiple_choice","user_answer":"N/A","is_correct":false},{"question_id":51,"question_type":"multiple_choice","user_answer":"N/A","is_correct":false},{"question_id":69,"question_type":"multiple_choice","user_answer":"N/A","is_correct":false},{"question_id":117,"question_type":"multiple_choice","user_answer":"N/A","is_correct":false},{"question_id":153,"question_type":"multiple_choice","user_answer":"N/A","is_correct":false},{"question_id":87,"question_type":"multiple_choice","user_answer":"N/A","is_correct":false},{"question_id":75,"question_type":"multiple_choice","user_answer":"N/A","is_correct":false},{"question_id":96,"question_type":"multiple_choice","user_answer":"N/A","is_correct":false},{"question_id":137,"question_type":"multiple_choice","user_answer":"N/A","is_correct":false},{"question_id":133,"question_type":"multiple_choice","user_answer":"N/A","is_correct":false},{"question_id":100,"question_type":"multiple_choice","user_answer":"N/A","is_correct":false},{"question_id":154,"question_type":"multiple_choice","user_answer":"N/A","is_correct":false},{"question_id":126,"question_type":"multiple_choice","user_answer":"N/A","is_correct":false},{"question_id":170,"question_type":"multiple_choice","user_answer":"N/A","is_correct":false},{"question_id":111,"question_type":"multiple_choice","user_answer":"N/A","is_correct":false},{"question_id":129,"question_type":"multiple_choice","user_answer":"N/A","is_correct":false},{"question_id":113,"question_type":"multiple_choice","user_answer":"N/A","is_correct":false},{"question_id":78,"question_type":"multiple_choice","user_answer":"N/A","is_correct":false},{"question_id":174,"question_type":"multiple_choice","user_answer":"N/A","is_correct":false},{"question_id":73,"question_type":"multiple_choice","user_answer":"N/A","is_correct":false},{"question_id":159,"question_type":"multiple_choice","user_answer":"N/A","is_correct":false},{"question_id":149,"question_type":"multiple_choice","user_answer":"N/A","is_correct":false},{"question_id":190,"question_type":"multiple_choice","user_answer":"N/A","is_correct":false},{"question_id":124,"question_type":"multiple_choice","user_answer":"N/A","is_correct":false},{"question_id":144,"question_type":"multiple_choice","user_answer":"N/A","is_correct":false},{"question_id":183,"question_type":"multiple_choice","user_answer":"N/A","is_correct":false},{"question_id":67,"question_type":"multiple_choice","user_answer":"N/A","is_correct":false},{"question_id":186,"question_type":"multiple_choice","user_answer":"N/A","is_correct":false},{"question_id":110,"question_type":"multiple_choice","user_answer":"N/A","is_correct":false},{"question_id":160,"question_type":"multiple_choice","user_answer":"N/A","is_correct":false},{"question_id":93,"question_type":"multiple_choice","user_answer":"N/A","is_correct":false},{"question_id":76,"question_type":"multiple_choice","user_answer":"N/A","is_correct":false},{"question_id":88,"question_type":"multiple_choice","user_answer":"N/A","is_correct":false},{"question_id":176,"question_type":"multiple_choice","user_answer":"N/A","is_correct":false},{"question_id":74,"question_type":"multiple_choice","user_answer":"N/A","is_correct":false},{"question_id":177,"question_type":"multiple_choice","user_answer":"N/A","is_correct":false},{"question_id":127,"question_type":"multiple_choice","user_answer":"N/A","is_correct":false}],"tab_switch_count":0,"tab_switch_flagged":false,"tab_switch_log":[]}
[2025-12-07 17:22:52] Quiz Data: Array
(
    [user_id] => 1
    [book_id] => 11
    [total_questions] => 100
    [correct_answers] => 0
    [score_percentage] => 0
    [time_taken] => 28
    [responses] => Array
        (
            [0] => Array
                (
                    [question_id] => 97
                    [question_type] => multiple_choice
                    [user_answer] => A
                    [is_correct] => 
                )

            [1] => Array
                (
                    [question_id] => 182
                    [question_type] => multiple_choice
                    [user_answer] => N/A
                    [is_correct] => 
                )

            [2] => Array
                (
                    [question_id] => 102
                    [question_type] => multiple_choice
                    [user_answer] => N/A
                    [is_correct] => 
                )

            [3] => Array
                (
                    [question_id] => 86
                    [question_type] => multiple_choice
                    [user_answer] => N/A
                    [is_correct] => 
                )

            [4] => Array
                (
                    [question_id] => 150
                    [question_type] => multiple_choice
                    [user_answer] => N/A
                    [is_correct] => 
                )

            [5] => Array
                (
                    [question_id] => 138
                    [question_type] => multiple_choice
                    [user_answer] => N/A
                    [is_correct] => 
                )

            [6] => Array
                (
                    [question_id] => 105
                    [question_type] => multiple_choice
                    [user_answer] => N/A
                    [is_correct] => 
                )

            [7] => Array
                (
                    [question_id] => 152
                    [question_type] => multiple_choice
                    [user_answer] => N/A
                    [is_correct] => 
                )

            [8] => Array
                (
                    [question_id] => 163
                    [question_type] => multiple_choice
                    [user_answer] => N/A
                    [is_correct] => 
                )

            [9] => Array
                (
                    [question_id] => 162
                    [question_type] => multiple_choice
                    [user_answer] => N/A
                    [is_correct] => 
                )

            [10] => Array
                (
                    [question_id] => 84
                    [question_type] => multiple_choice
                    [user_answer] => N/A
                    [is_correct] => 
                )

            [11] => Array
                (
                    [question_id] => 173
                    [question_type] => multiple_choice
                    [user_answer] => N/A
                    [is_correct] => 
                )

            [12] => Array
                (
                    [question_id] => 140
                    [question_type] => multiple_choice
                    [user_answer] => N/A
                    [is_correct] => 
                )

            [13] => Array
                (
                    [question_id] => 112
                    [question_type] => multiple_choice
                    [user_answer] => N/A
                    [is_correct] => 
                )

            [14] => Array
                (
                    [question_id] => 54
                    [question_type] => multiple_choice
                    [user_answer] => N/A
                    [is_correct] => 
                )

            [15] => Array
                (
                    [question_id] => 164
                    [question_type] => multiple_choice
                    [user_answer] => N/A
                    [is_correct] => 
                )

            [16] => Array
                (
                    [question_id] => 189
                    [question_type] => multiple_choice
                    [user_answer] => N/A
                    [is_correct] => 
                )

            [17] => Array
                (
                    [question_id] => 104
                    [question_type] => multiple_choice
                    [user_answer] => N/A
                    [is_correct] => 
                )

            [18] => Array
                (
                    [question_id] => 125
                    [question_type] => multiple_choice
                    [user_answer] => C
                    [is_correct] => 
                )

            [19] => Array
                (
                    [question_id] => 65
                    [question_type] => multiple_choice
                    [user_answer] => N/A
                    [is_correct] => 
                )

            [20] => Array
                (
                    [question_id] => 56
                    [question_type] => multiple_choice
                    [user_answer] => N/A
                    [is_correct] => 
                )

            [21] => Array
                (
                    [question_id] => 141
                    [question_type] => multiple_choice
                    [user_answer] => N/A
                    [is_correct] => 
                )

            [22] => Array
                (
                    [question_id] => 59
                    [question_type] => multiple_choice
                    [user_answer] => N/A
                    [is_correct] => 
                )

            [23] => Array
                (
                    [question_id] => 107
                    [question_type] => multiple_choice
                    [user_answer] => N/A
                    [is_correct] => 
                )

            [24] => Array
                (
                    [question_id] => 158
                    [question_type] => multiple_choice
                    [user_answer] => N/A
                    [is_correct] => 
                )

            [25] => Array
                (
                    [question_id] => 156
                    [question_type] => multiple_choice
                    [user_answer] => N/A
                    [is_correct] => 
                )

            [26] => Array
                (
                    [question_id] => 151
                    [question_type] => multiple_choice
                    [user_answer] => N/A
                    [is_correct] => 
                )

            [27] => Array
                (
                    [question_id] => 184
                    [question_type] => multiple_choice
                    [user_answer] => N/A
                    [is_correct] => 
                )

            [28] => Array
                (
                    [question_id] => 198
                    [question_type] => multiple_choice
                    [user_answer] => N/A
                    [is_correct] => 
                )

            [29] => Array
                (
                    [question_id] => 167
                    [question_type] => multiple_choice
                    [user_answer] => N/A
                    [is_correct] => 
                )

            [30] => Array
                (
                    [question_id] => 172
                    [question_type] => multiple_choice
                    [user_answer] => N/A
                    [is_correct] => 
                )

            [31] => Array
                (
                    [question_id] => 60
                    [question_type] => multiple_choice
                    [user_answer] => N/A
                    [is_correct] => 
                )

            [32] => Array
                (
                    [question_id] => 108
                    [question_type] => multiple_choice
                    [user_answer] => N/A
                    [is_correct] => 
                )

            [33] => Array
                (
                    [question_id] => 185
                    [question_type] => multiple_choice
                    [user_answer] => N/A
                    [is_correct] => 
                )

            [34] => Array
                (
                    [question_id] => 55
                    [question_type] => multiple_choice
                    [user_answer] => N/A
                    [is_correct] => 
                )

            [35] => Array
                (
                    [question_id] => 71
                    [question_type] => multiple_choice
                    [user_answer] => N/A
                    [is_correct] => 
                )

            [36] => Array
                (
                    [question_id] => 188
                    [question_type] => multiple_choice
                    [user_answer] => N/A
                    [is_correct] => 
                )

            [37] => Array
                (
                    [question_id] => 92
                    [question_type] => multiple_choice
                    [user_answer] => N/A
                    [is_correct] => 
                )

            [38] => Array
                (
                    [question_id] => 116
                    [question_type] => multiple_choice
                    [user_answer] => N/A
                    [is_correct] => 
                )

            [39] => Array
                (
                    [question_id] => 132
                    [question_type] => multiple_choice
                    [user_answer] => N/A
                    [is_correct] => 
                )

            [40] => Array
                (
                    [question_id] => 98
                    [question_type] => multiple_choice
                    [user_answer] => N/A
                    [is_correct] => 
                )

            [41] => Array
                (
                    [question_id] => 165
                    [question_type] => multiple_choice
                    [user_answer] => N/A
                    [is_correct] => 
                )

            [42] => Array
                (
                    [question_id] => 131
                    [question_type] => multiple_choice
                    [user_answer] => N/A
                    [is_correct] => 
                )

            [43] => Array
                (
                    [question_id] => 115
                    [question_type] => multiple_choice
                    [user_answer] => N/A
                    [is_correct] => 
                )

            [44] => Array
                (
                    [question_id] => 123
                    [question_type] => multiple_choice
                    [user_answer] => N/A
                    [is_correct] => 
                )

            [45] => Array
                (
                    [question_id] => 148
                    [question_type] => multiple_choice
                    [user_answer] => N/A
                    [is_correct] => 
                )

            [46] => Array
                (
                    [question_id] => 94
                    [question_type] => multiple_choice
                    [user_answer] => N/A
                    [is_correct] => 
                )

            [47] => Array
                (
                    [question_id] => 178
                    [question_type] => multiple_choice
                    [user_answer] => N/A
                    [is_correct] => 
                )

            [48] => Array
                (
                    [question_id] => 155
                    [question_type] => multiple_choice
                    [user_answer] => N/A
                    [is_correct] => 
                )

            [49] => Array
                (
                    [question_id] => 161
                    [question_type] => multiple_choice
                    [user_answer] => N/A
                    [is_correct] => 
                )

            [50] => Array
                (
                    [question_id] => 195
                    [question_type] => multiple_choice
                    [user_answer] => N/A
                    [is_correct] => 
                )

            [51] => Array
                (
                    [question_id] => 171
                    [question_type] => multiple_choice
                    [user_answer] => N/A
                    [is_correct] => 
                )

            [52] => Array
                (
                    [question_id] => 139
                    [question_type] => multiple_choice
                    [user_answer] => N/A
                    [is_correct] => 
                )

            [53] => Array
                (
                    [question_id] => 142
                    [question_type] => multiple_choice
                    [user_answer] => N/A
                    [is_correct] => 
                )

            [54] => Array
                (
                    [question_id] => 194
                    [question_type] => multiple_choice
                    [user_answer] => N/A
                    [is_correct] => 
                )

            [55] => Array
                (
                    [question_id] => 180
                    [question_type] => multiple_choice
                    [user_answer] => N/A
                    [is_correct] => 
                )

            [56] => Array
                (
                    [question_id] => 187
                    [question_type] => multiple_choice
                    [user_answer] => N/A
                    [is_correct] => 
                )

            [57] => Array
                (
                    [question_id] => 166
                    [question_type] => multiple_choice
                    [user_answer] => N/A
                    [is_correct] => 
                )

            [58] => Array
                (
                    [question_id] => 181
                    [question_type] => multiple_choice
                    [user_answer] => N/A
                    [is_correct] => 
                )

            [59] => Array
                (
                    [question_id] => 146
                    [question_type] => multiple_choice
                    [user_answer] => N/A
                    [is_correct] => 
                )

            [60] => Array
                (
                    [question_id] => 58
                    [question_type] => multiple_choice
                    [user_answer] => N/A
                    [is_correct] => 
                )

            [61] => Array
                (
                    [question_id] => 72
                    [question_type] => multiple_choice
                    [user_answer] => N/A
                    [is_correct] => 
                )

            [62] => Array
                (
                    [question_id] => 197
                    [question_type] => multiple_choice
                    [user_answer] => N/A
                    [is_correct] => 
                )

            [63] => Array
                (
                    [question_id] => 63
                    [question_type] => multiple_choice
                    [user_answer] => N/A
                    [is_correct] => 
                )

            [64] => Array
                (
                    [question_id] => 51
                    [question_type] => multiple_choice
                    [user_answer] => N/A
                    [is_correct] => 
                )

            [65] => Array
                (
                    [question_id] => 69
                    [question_type] => multiple_choice
                    [user_answer] => N/A
                    [is_correct] => 
                )

            [66] => Array
                (
                    [question_id] => 117
                    [question_type] => multiple_choice
                    [user_answer] => N/A
                    [is_correct] => 
                )

            [67] => Array
                (
                    [question_id] => 153
                    [question_type] => multiple_choice
                    [user_answer] => N/A
                    [is_correct] => 
                )

            [68] => Array
                (
                    [question_id] => 87
                    [question_type] => multiple_choice
                    [user_answer] => N/A
                    [is_correct] => 
                )

            [69] => Array
                (
                    [question_id] => 75
                    [question_type] => multiple_choice
                    [user_answer] => N/A
                    [is_correct] => 
                )

            [70] => Array
                (
                    [question_id] => 96
                    [question_type] => multiple_choice
                    [user_answer] => N/A
                    [is_correct] => 
                )

            [71] => Array
                (
                    [question_id] => 137
                    [question_type] => multiple_choice
                    [user_answer] => N/A
                    [is_correct] => 
                )

            [72] => Array
                (
                    [question_id] => 133
                    [question_type] => multiple_choice
                    [user_answer] => N/A
                    [is_correct] => 
                )

            [73] => Array
                (
                    [question_id] => 100
                    [question_type] => multiple_choice
                    [user_answer] => N/A
                    [is_correct] => 
                )

            [74] => Array
                (
                    [question_id] => 154
                    [question_type] => multiple_choice
                    [user_answer] => N/A
                    [is_correct] => 
                )

            [75] => Array
                (
                    [question_id] => 126
                    [question_type] => multiple_choice
                    [user_answer] => N/A
                    [is_correct] => 
                )

            [76] => Array
                (
                    [question_id] => 170
                    [question_type] => multiple_choice
                    [user_answer] => N/A
                    [is_correct] => 
                )

            [77] => Array
                (
                    [question_id] => 111
                    [question_type] => multiple_choice
                    [user_answer] => N/A
                    [is_correct] => 
                )

            [78] => Array
                (
                    [question_id] => 129
                    [question_type] => multiple_choice
                    [user_answer] => N/A
                    [is_correct] => 
                )

            [79] => Array
                (
                    [question_id] => 113
                    [question_type] => multiple_choice
                    [user_answer] => N/A
                    [is_correct] => 
                )

            [80] => Array
                (
                    [question_id] => 78
                    [question_type] => multiple_choice
                    [user_answer] => N/A
                    [is_correct] => 
                )

            [81] => Array
                (
                    [question_id] => 174
                    [question_type] => multiple_choice
                    [user_answer] => N/A
                    [is_correct] => 
                )

            [82] => Array
                (
                    [question_id] => 73
                    [question_type] => multiple_choice
                    [user_answer] => N/A
                    [is_correct] => 
                )

            [83] => Array
                (
                    [question_id] => 159
                    [question_type] => multiple_choice
                    [user_answer] => N/A
                    [is_correct] => 
                )

            [84] => Array
                (
                    [question_id] => 149
                    [question_type] => multiple_choice
                    [user_answer] => N/A
                    [is_correct] => 
                )

            [85] => Array
                (
                    [question_id] => 190
                    [question_type] => multiple_choice
                    [user_answer] => N/A
                    [is_correct] => 
                )

            [86] => Array
                (
                    [question_id] => 124
                    [question_type] => multiple_choice
                    [user_answer] => N/A
                    [is_correct] => 
                )

            [87] => Array
                (
                    [question_id] => 144
                    [question_type] => multiple_choice
                    [user_answer] => N/A
                    [is_correct] => 
                )

            [88] => Array
                (
                    [question_id] => 183
                    [question_type] => multiple_choice
                    [user_answer] => N/A
                    [is_correct] => 
                )

            [89] => Array
                (
                    [question_id] => 67
                    [question_type] => multiple_choice
                    [user_answer] => N/A
                    [is_correct] => 
                )

            [90] => Array
                (
                    [question_id] => 186
                    [question_type] => multiple_choice
                    [user_answer] => N/A
                    [is_correct] => 
                )

            [91] => Array
                (
                    [question_id] => 110
                    [question_type] => multiple_choice
                    [user_answer] => N/A
                    [is_correct] => 
                )

            [92] => Array
                (
                    [question_id] => 160
                    [question_type] => multiple_choice
                    [user_answer] => N/A
                    [is_correct] => 
                )

            [93] => Array
                (
                    [question_id] => 93
                    [question_type] => multiple_choice
                    [user_answer] => N/A
                    [is_correct] => 
                )

            [94] => Array
                (
                    [question_id] => 76
                    [question_type] => multiple_choice
                    [user_answer] => N/A
                    [is_correct] => 
                )

            [95] => Array
                (
                    [question_id] => 88
                    [question_type] => multiple_choice
                    [user_answer] => N/A
                    [is_correct] => 
                )

            [96] => Array
                (
                    [question_id] => 176
                    [question_type] => multiple_choice
                    [user_answer] => N/A
                    [is_correct] => 
                )

            [97] => Array
                (
                    [question_id] => 74
                    [question_type] => multiple_choice
                    [user_answer] => N/A
                    [is_correct] => 
                )

            [98] => Array
                (
                    [question_id] => 177
                    [question_type] => multiple_choice
                    [user_answer] => N/A
                    [is_correct] => 
                )

            [99] => Array
                (
                    [question_id] => 127
                    [question_type] => multiple_choice
                    [user_answer] => N/A
                    [is_correct] => 
                )

        )

    [tab_switch_count] => 0
    [tab_switch_flagged] => 
    [tab_switch_log] => Array
        (
        )

)

[2025-12-07 17:22:52] Extracted data - User: 1, Book: 11, Score: 0/100 (0%)
[2025-12-07 17:22:52] Starting database operations...
[2025-12-07 17:22:52] Transaction started
[2025-12-07 17:22:52] User verified: Juan Dela Cruz
[2025-12-07 17:22:52] Book verified: One Piece: The Complete Adventure
[2025-12-07 17:22:52] Attempting to save quiz attempt...
[2025-12-07 17:22:52] Quiz attempt saved successfully! Attempt ID: 0
[2025-12-07 17:22:52] System log created
[2025-12-07 17:22:52] Is re-attempt: YES (Previous attempts: 1)
[2025-12-07 17:22:52] Books completed count (any attempt): 3
[2025-12-07 17:22:52] Average score: 20%
[2025-12-07 17:22:52] Processing rewards based on 3 books completed...
[2025-12-07 17:22:52] Checking reward: Pen Reward (requires 10 books)
[2025-12-07 17:22:52] Not enough books for reward: Pen Reward
[2025-12-07 17:22:52] Checking reward: Notebook Reward (requires 25 books)
[2025-12-07 17:22:52] Not enough books for reward: Notebook Reward
[2025-12-07 17:22:52] Checking reward: Drawing Materials (requires 50 books)
[2025-12-07 17:22:52] Not enough books for reward: Drawing Materials
[2025-12-07 17:22:52] Checking reward: School Supplies Bundle (requires 100 books)
[2025-12-07 17:22:52] Not enough books for reward: School Supplies Bundle
[2025-12-07 17:22:52] Total rewards earned: 0
[2025-12-07 17:22:52] ✅ Transaction committed successfully
[2025-12-07 17:22:52] Response data: Array
(
    [attempt_id] => 0
    [books_completed] => 3
    [average_score] => 20
    [rewards_earned] => 0
    [new_rewards] => Array
        (
        )

    [all_rewards] => Array
        (
        )

    [user_name] => Juan Dela Cruz
    [book_title] => One Piece: The Complete Adventure
    [passed] => 
    [is_reattempt] => 1
    [tab_switch_flagged] => 
)

[2025-12-07 17:22:52] === Quiz Save Successful ===
[2025-12-10 15:09:05] === Quiz Save Request Started ===
[2025-12-10 15:09:05] User logged in: 1
[2025-12-10 15:09:05] Raw JSON: {"user_id":1,"book_id":5,"total_questions":5,"correct_answers":0,"score_percentage":0,"time_taken":17,"responses":[{"question_id":23,"question_type":"multiple_choice","user_answer":"A","is_correct":false},{"question_id":21,"question_type":"multiple_choice","user_answer":"B","is_correct":false},{"question_id":24,"question_type":"multiple_choice","user_answer":"C","is_correct":false},{"question_id":25,"question_type":"multiple_choice","user_answer":"A","is_correct":false},{"question_id":22,"question_type":"multiple_choice","user_answer":"C","is_correct":false}],"tab_switch_count":0,"tab_switch_flagged":false,"tab_switch_log":[]}
[2025-12-10 15:09:05] Quiz Data: Array
(
    [user_id] => 1
    [book_id] => 5
    [total_questions] => 5
    [correct_answers] => 0
    [score_percentage] => 0
    [time_taken] => 17
    [responses] => Array
        (
            [0] => Array
                (
                    [question_id] => 23
                    [question_type] => multiple_choice
                    [user_answer] => A
                    [is_correct] => 
                )

            [1] => Array
                (
                    [question_id] => 21
                    [question_type] => multiple_choice
                    [user_answer] => B
                    [is_correct] => 
                )

            [2] => Array
                (
                    [question_id] => 24
                    [question_type] => multiple_choice
                    [user_answer] => C
                    [is_correct] => 
                )

            [3] => Array
                (
                    [question_id] => 25
                    [question_type] => multiple_choice
                    [user_answer] => A
                    [is_correct] => 
                )

            [4] => Array
                (
                    [question_id] => 22
                    [question_type] => multiple_choice
                    [user_answer] => C
                    [is_correct] => 
                )

        )

    [tab_switch_count] => 0
    [tab_switch_flagged] => 
    [tab_switch_log] => Array
        (
        )

)

[2025-12-10 15:09:05] Extracted data - User: 1, Book: 5, Score: 0/5 (0%)
[2025-12-10 15:09:05] Starting database operations...
[2025-12-10 15:09:05] Transaction started
[2025-12-10 15:09:05] User verified: Juan Dela Cruz
[2025-12-10 15:09:05] Book verified: Bridge to Terabithia
[2025-12-10 15:09:05] Attempting to save quiz attempt...
[2025-12-10 15:09:05] Quiz attempt saved successfully! Attempt ID: 0
[2025-12-10 15:09:05] System log created
[2025-12-10 15:09:05] Is re-attempt: YES (Previous attempts: 1)
[2025-12-10 15:09:05] Books completed count (any attempt): 3
[2025-12-10 15:09:05] Average score: 20%
[2025-12-10 15:09:05] Processing rewards based on 3 books completed...
[2025-12-10 15:09:05] Checking reward: Pen Reward (requires 10 books)
[2025-12-10 15:09:05] Not enough books for reward: Pen Reward
[2025-12-10 15:09:05] Checking reward: Notebook Reward (requires 25 books)
[2025-12-10 15:09:05] Not enough books for reward: Notebook Reward
[2025-12-10 15:09:05] Checking reward: Drawing Materials (requires 50 books)
[2025-12-10 15:09:05] Not enough books for reward: Drawing Materials
[2025-12-10 15:09:05] Checking reward: School Supplies Bundle (requires 100 books)
[2025-12-10 15:09:05] Not enough books for reward: School Supplies Bundle
[2025-12-10 15:09:05] Total rewards earned: 0
[2025-12-10 15:09:05] ✅ Transaction committed successfully
[2025-12-10 15:09:05] Response data: Array
(
    [attempt_id] => 0
    [books_completed] => 3
    [average_score] => 20
    [rewards_earned] => 0
    [new_rewards] => Array
        (
        )

    [all_rewards] => Array
        (
        )

    [user_name] => Juan Dela Cruz
    [book_title] => Bridge to Terabithia
    [passed] => 
    [is_reattempt] => 1
    [tab_switch_flagged] => 
)

[2025-12-10 15:09:05] === Quiz Save Successful ===
[2025-12-10 15:11:16] === Quiz Save Request Started ===
[2025-12-10 15:11:16] User logged in: 1
[2025-12-10 15:11:16] Raw JSON: {"user_id":1,"book_id":1,"total_questions":5,"correct_answers":2,"score_percentage":40,"time_taken":40,"responses":[{"question_id":4,"question_type":"multiple_choice","user_answer":"A","is_correct":false},{"question_id":2,"question_type":"multiple_choice","user_answer":"B","is_correct":true},{"question_id":5,"question_type":"multiple_choice","user_answer":"C","is_correct":true},{"question_id":1,"question_type":"multiple_choice","user_answer":"C","is_correct":false},{"question_id":3,"question_type":"multiple_choice","user_answer":"B","is_correct":false}],"tab_switch_count":0,"tab_switch_flagged":false,"tab_switch_log":[]}
[2025-12-10 15:11:16] Quiz Data: Array
(
    [user_id] => 1
    [book_id] => 1
    [total_questions] => 5
    [correct_answers] => 2
    [score_percentage] => 40
    [time_taken] => 40
    [responses] => Array
        (
            [0] => Array
                (
                    [question_id] => 4
                    [question_type] => multiple_choice
                    [user_answer] => A
                    [is_correct] => 
                )

            [1] => Array
                (
                    [question_id] => 2
                    [question_type] => multiple_choice
                    [user_answer] => B
                    [is_correct] => 1
                )

            [2] => Array
                (
                    [question_id] => 5
                    [question_type] => multiple_choice
                    [user_answer] => C
                    [is_correct] => 1
                )

            [3] => Array
                (
                    [question_id] => 1
                    [question_type] => multiple_choice
                    [user_answer] => C
                    [is_correct] => 
                )

            [4] => Array
                (
                    [question_id] => 3
                    [question_type] => multiple_choice
                    [user_answer] => B
                    [is_correct] => 
                )

        )

    [tab_switch_count] => 0
    [tab_switch_flagged] => 
    [tab_switch_log] => Array
        (
        )

)

[2025-12-10 15:11:16] Extracted data - User: 1, Book: 1, Score: 2/5 (40%)
[2025-12-10 15:11:16] Starting database operations...
[2025-12-10 15:11:16] Transaction started
[2025-12-10 15:11:16] User verified: Juan Dela Cruz
[2025-12-10 15:11:16] Book verified: The Adventures of Tom Sawyer
[2025-12-10 15:11:16] Attempting to save quiz attempt...
[2025-12-10 15:11:16] Quiz attempt saved successfully! Attempt ID: 0
[2025-12-10 15:11:16] System log created
[2025-12-10 15:11:16] Is re-attempt: YES (Previous attempts: 1)
[2025-12-10 15:11:16] Books completed count (any attempt): 3
[2025-12-10 15:11:16] Average score: 13.3%
[2025-12-10 15:11:16] Processing rewards based on 3 books completed...
[2025-12-10 15:11:16] Checking reward: Pen Reward (requires 10 books)
[2025-12-10 15:11:16] Not enough books for reward: Pen Reward
[2025-12-10 15:11:16] Checking reward: Notebook Reward (requires 25 books)
[2025-12-10 15:11:16] Not enough books for reward: Notebook Reward
[2025-12-10 15:11:16] Checking reward: Drawing Materials (requires 50 books)
[2025-12-10 15:11:17] Not enough books for reward: Drawing Materials
[2025-12-10 15:11:17] Checking reward: School Supplies Bundle (requires 100 books)
[2025-12-10 15:11:17] Not enough books for reward: School Supplies Bundle
[2025-12-10 15:11:17] Total rewards earned: 0
[2025-12-10 15:11:17] ✅ Transaction committed successfully
[2025-12-10 15:11:17] Response data: Array
(
    [attempt_id] => 0
    [books_completed] => 3
    [average_score] => 13.3
    [rewards_earned] => 0
    [new_rewards] => Array
        (
        )

    [all_rewards] => Array
        (
        )

    [user_name] => Juan Dela Cruz
    [book_title] => The Adventures of Tom Sawyer
    [passed] => 
    [is_reattempt] => 1
    [tab_switch_flagged] => 
)

[2025-12-10 15:11:17] === Quiz Save Successful ===
[2025-12-12 22:38:32] === Quiz Save Request Started ===
[2025-12-12 22:38:32] User logged in: 1
[2025-12-12 22:38:32] Raw JSON: {"user_id":1,"book_id":11,"total_questions":100,"correct_answers":0,"score_percentage":0,"time_taken":112,"responses":[{"question_id":85,"question_type":"multiple_choice","user_answer":"N/A","is_correct":false},{"question_id":112,"question_type":"multiple_choice","user_answer":"N/A","is_correct":false},{"question_id":195,"question_type":"multiple_choice","user_answer":"N/A","is_correct":false},{"question_id":182,"question_type":"multiple_choice","user_answer":"N/A","is_correct":false},{"question_id":142,"question_type":"multiple_choice","user_answer":"N/A","is_correct":false},{"question_id":179,"question_type":"multiple_choice","user_answer":"N/A","is_correct":false},{"question_id":86,"question_type":"multiple_choice","user_answer":"N/A","is_correct":false},{"question_id":76,"question_type":"multiple_choice","user_answer":"N/A","is_correct":false},{"question_id":135,"question_type":"multiple_choice","user_answer":"N/A","is_correct":false},{"question_id":129,"question_type":"multiple_choice","user_answer":"N/A","is_correct":false},{"question_id":62,"question_type":"multiple_choice","user_answer":"N/A","is_correct":false},{"question_id":167,"question_type":"multiple_choice","user_answer":"N/A","is_correct":false},{"question_id":194,"question_type":"multiple_choice","user_answer":"N/A","is_correct":false},{"question_id":78,"question_type":"multiple_choice","user_answer":"N/A","is_correct":false},{"question_id":168,"question_type":"multiple_choice","user_answer":"N/A","is_correct":false},{"question_id":59,"question_type":"multiple_choice","user_answer":"N/A","is_correct":false},{"question_id":150,"question_type":"multiple_choice","user_answer":"N/A","is_correct":false},{"question_id":124,"question_type":"multiple_choice","user_answer":"N/A","is_correct":false},{"question_id":90,"question_type":"multiple_choice","user_answer":"N/A","is_correct":false},{"question_id":193,"question_type":"multiple_choice","user_answer":"N/A","is_correct":false},{"question_id":191,"question_type":"multiple_choice","user_answer":"N/A","is_correct":false},{"question_id":132,"question_type":"multiple_choice","user_answer":"N/A","is_correct":false},{"question_id":63,"question_type":"multiple_choice","user_answer":"N/A","is_correct":false},{"question_id":131,"question_type":"multiple_choice","user_answer":"N/A","is_correct":false},{"question_id":128,"question_type":"multiple_choice","user_answer":"N/A","is_correct":false},{"question_id":173,"question_type":"multiple_choice","user_answer":"N/A","is_correct":false},{"question_id":169,"question_type":"multiple_choice","user_answer":"N/A","is_correct":false},{"question_id":133,"question_type":"multiple_choice","user_answer":"N/A","is_correct":false},{"question_id":178,"question_type":"multiple_choice","user_answer":"N/A","is_correct":false},{"question_id":187,"question_type":"multiple_choice","user_answer":"N/A","is_correct":false},{"question_id":51,"question_type":"multiple_choice","user_answer":"N/A","is_correct":false},{"question_id":87,"question_type":"multiple_choice","user_answer":"N/A","is_correct":false},{"question_id":52,"question_type":"multiple_choice","user_answer":"N/A","is_correct":false},{"question_id":60,"question_type":"multiple_choice","user_answer":"N/A","is_correct":false},{"question_id":183,"question_type":"multiple_choice","user_answer":"N/A","is_correct":false},{"question_id":188,"question_type":"multiple_choice","user_answer":"N/A","is_correct":false},{"question_id":114,"question_type":"multiple_choice","user_answer":"N/A","is_correct":false},{"question_id":126,"question_type":"multiple_choice","user_answer":"N/A","is_correct":false},{"question_id":148,"question_type":"multiple_choice","user_answer":"N/A","is_correct":false},{"question_id":119,"question_type":"multiple_choice","user_answer":"N/A","is_correct":false},{"question_id":186,"question_type":"multiple_choice","user_answer":"N/A","is_correct":false},{"question_id":162,"question_type":"multiple_choice","user_answer":"N/A","is_correct":false},{"question_id":175,"question_type":"multiple_choice","user_answer":"N/A","is_correct":false},{"question_id":147,"question_type":"multiple_choice","user_answer":"N/A","is_correct":false},{"question_id":68,"question_type":"multiple_choice","user_answer":"N/A","is_correct":false},{"question_id":113,"question_type":"multiple_choice","user_answer":"N/A","is_correct":false},{"question_id":115,"question_type":"multiple_choice","user_answer":"N/A","is_correct":false},{"question_id":98,"question_type":"multiple_choice","user_answer":"N/A","is_correct":false},{"question_id":100,"question_type":"multiple_choice","user_answer":"N/A","is_correct":false},{"question_id":153,"question_type":"multiple_choice","user_answer":"N/A","is_correct":false},{"question_id":109,"question_type":"multiple_choice","user_answer":"N/A","is_correct":false},{"question_id":123,"question_type":"multiple_choice","user_answer":"N/A","is_correct":false},{"question_id":54,"question_type":"multiple_choice","user_answer":"N/A","is_correct":false},{"question_id":83,"question_type":"multiple_choice","user_answer":"N/A","is_correct":false},{"question_id":104,"question_type":"multiple_choice","user_answer":"N/A","is_correct":false},{"question_id":149,"question_type":"multiple_choice","user_answer":"N/A","is_correct":false},{"question_id":155,"question_type":"multiple_choice","user_answer":"N/A","is_correct":false},{"question_id":70,"question_type":"multiple_choice","user_answer":"N/A","is_correct":false},{"question_id":164,"question_type":"multiple_choice","user_answer":"N/A","is_correct":false},{"question_id":81,"question_type":"multiple_choice","user_answer":"N/A","is_correct":false},{"question_id":156,"question_type":"multiple_choice","user_answer":"N/A","is_correct":false},{"question_id":137,"question_type":"multiple_choice","user_answer":"N/A","is_correct":false},{"question_id":53,"question_type":"multiple_choice","user_answer":"N/A","is_correct":false},{"question_id":121,"question_type":"multiple_choice","user_answer":"N/A","is_correct":false},{"question_id":151,"question_type":"multiple_choice","user_answer":"N/A","is_correct":false},{"question_id":58,"question_type":"multiple_choice","user_answer":"N/A","is_correct":false},{"question_id":143,"question_type":"multiple_choice","user_answer":"N/A","is_correct":false},{"question_id":163,"question_type":"multiple_choice","user_answer":"N/A","is_correct":false},{"question_id":197,"question_type":"multiple_choice","user_answer":"N/A","is_correct":false},{"question_id":74,"question_type":"multiple_choice","user_answer":"N/A","is_correct":false},{"question_id":198,"question_type":"multiple_choice","user_answer":"N/A","is_correct":false},{"question_id":172,"question_type":"multiple_choice","user_answer":"N/A","is_correct":false},{"question_id":93,"question_type":"multiple_choice","user_answer":"N/A","is_correct":false},{"question_id":64,"question_type":"multiple_choice","user_answer":"N/A","is_correct":false},{"question_id":72,"question_type":"multiple_choice","user_answer":"N/A","is_correct":false},{"question_id":154,"question_type":"multiple_choice","user_answer":"N/A","is_correct":false},{"question_id":96,"question_type":"multiple_choice","user_answer":"N/A","is_correct":false},{"question_id":92,"question_type":"multiple_choice","user_answer":"N/A","is_correct":false},{"question_id":160,"question_type":"multiple_choice","user_answer":"N/A","is_correct":false},{"question_id":189,"question_type":"multiple_choice","user_answer":"N/A","is_correct":false},{"question_id":75,"question_type":"multiple_choice","user_answer":"N/A","is_correct":false},{"question_id":56,"question_type":"multiple_choice","user_answer":"N/A","is_correct":false},{"question_id":192,"question_type":"multiple_choice","user_answer":"N/A","is_correct":false},{"question_id":55,"question_type":"multiple_choice","user_answer":"N/A","is_correct":false},{"question_id":125,"question_type":"multiple_choice","user_answer":"N/A","is_correct":false},{"question_id":122,"question_type":"multiple_choice","user_answer":"N/A","is_correct":false},{"question_id":140,"question_type":"multiple_choice","user_answer":"N/A","is_correct":false},{"question_id":89,"question_type":"multiple_choice","user_answer":"N/A","is_correct":false},{"question_id":134,"question_type":"multiple_choice","user_answer":"N/A","is_correct":false},{"question_id":67,"question_type":"multiple_choice","user_answer":"N/A","is_correct":false},{"question_id":176,"question_type":"multiple_choice","user_answer":"N/A","is_correct":false},{"question_id":101,"question_type":"multiple_choice","user_answer":"N/A","is_correct":false},{"question_id":139,"question_type":"multiple_choice","user_answer":"N/A","is_correct":false},{"question_id":174,"question_type":"multiple_choice","user_answer":"N/A","is_correct":false},{"question_id":127,"question_type":"multiple_choice","user_answer":"N/A","is_correct":false},{"question_id":117,"question_type":"multiple_choice","user_answer":"N/A","is_correct":false},{"question_id":73,"question_type":"multiple_choice","user_answer":"N/A","is_correct":false},{"question_id":103,"question_type":"multiple_choice","user_answer":"N/A","is_correct":false},{"question_id":165,"question_type":"multiple_choice","user_answer":"N/A","is_correct":false},{"question_id":145,"question_type":"multiple_choice","user_answer":"N/A","is_correct":false}],"tab_switch_count":4,"tab_switch_flagged":true,"tab_switch_log":[{"type":"window_blur","timestamp":"2025-12-12T14:37:03.643Z","question":1,"warning_number":1},{"type":"returned","timestamp":"2025-12-12T14:37:09.643Z","question":1},{"type":"window_blur","timestamp":"2025-12-12T14:37:18.614Z","question":1,"warning_number":2},{"type":"returned","timestamp":"2025-12-12T14:37:40.260Z","question":1},{"type":"window_blur","timestamp":"2025-12-12T14:37:57.127Z","question":100,"warning_number":3},{"type":"returned","timestamp":"2025-12-12T14:38:06.021Z","question":100},{"type":"window_blur","timestamp":"2025-12-12T14:38:12.214Z","question":100,"warning_number":4}]}
[2025-12-12 22:38:32] Quiz Data: Array
(
    [user_id] => 1
    [book_id] => 11
    [total_questions] => 100
    [correct_answers] => 0
    [score_percentage] => 0
    [time_taken] => 112
    [responses] => Array
        (
            [0] => Array
                (
                    [question_id] => 85
                    [question_type] => multiple_choice
                    [user_answer] => N/A
                    [is_correct] => 
                )

            [1] => Array
                (
                    [question_id] => 112
                    [question_type] => multiple_choice
                    [user_answer] => N/A
                    [is_correct] => 
                )

            [2] => Array
                (
                    [question_id] => 195
                    [question_type] => multiple_choice
                    [user_answer] => N/A
                    [is_correct] => 
                )

            [3] => Array
                (
                    [question_id] => 182
                    [question_type] => multiple_choice
                    [user_answer] => N/A
                    [is_correct] => 
                )

            [4] => Array
                (
                    [question_id] => 142
                    [question_type] => multiple_choice
                    [user_answer] => N/A
                    [is_correct] => 
                )

            [5] => Array
                (
                    [question_id] => 179
                    [question_type] => multiple_choice
                    [user_answer] => N/A
                    [is_correct] => 
                )

            [6] => Array
                (
                    [question_id] => 86
                    [question_type] => multiple_choice
                    [user_answer] => N/A
                    [is_correct] => 
                )

            [7] => Array
                (
                    [question_id] => 76
                    [question_type] => multiple_choice
                    [user_answer] => N/A
                    [is_correct] => 
                )

            [8] => Array
                (
                    [question_id] => 135
                    [question_type] => multiple_choice
                    [user_answer] => N/A
                    [is_correct] => 
                )

            [9] => Array
                (
                    [question_id] => 129
                    [question_type] => multiple_choice
                    [user_answer] => N/A
                    [is_correct] => 
                )

            [10] => Array
                (
                    [question_id] => 62
                    [question_type] => multiple_choice
                    [user_answer] => N/A
                    [is_correct] => 
                )

            [11] => Array
                (
                    [question_id] => 167
                    [question_type] => multiple_choice
                    [user_answer] => N/A
                    [is_correct] => 
                )

            [12] => Array
                (
                    [question_id] => 194
                    [question_type] => multiple_choice
                    [user_answer] => N/A
                    [is_correct] => 
                )

            [13] => Array
                (
                    [question_id] => 78
                    [question_type] => multiple_choice
                    [user_answer] => N/A
                    [is_correct] => 
                )

            [14] => Array
                (
                    [question_id] => 168
                    [question_type] => multiple_choice
                    [user_answer] => N/A
                    [is_correct] => 
                )

            [15] => Array
                (
                    [question_id] => 59
                    [question_type] => multiple_choice
                    [user_answer] => N/A
                    [is_correct] => 
                )

            [16] => Array
                (
                    [question_id] => 150
                    [question_type] => multiple_choice
                    [user_answer] => N/A
                    [is_correct] => 
                )

            [17] => Array
                (
                    [question_id] => 124
                    [question_type] => multiple_choice
                    [user_answer] => N/A
                    [is_correct] => 
                )

            [18] => Array
                (
                    [question_id] => 90
                    [question_type] => multiple_choice
                    [user_answer] => N/A
                    [is_correct] => 
                )

            [19] => Array
                (
                    [question_id] => 193
                    [question_type] => multiple_choice
                    [user_answer] => N/A
                    [is_correct] => 
                )

            [20] => Array
                (
                    [question_id] => 191
                    [question_type] => multiple_choice
                    [user_answer] => N/A
                    [is_correct] => 
                )

            [21] => Array
                (
                    [question_id] => 132
                    [question_type] => multiple_choice
                    [user_answer] => N/A
                    [is_correct] => 
                )

            [22] => Array
                (
                    [question_id] => 63
                    [question_type] => multiple_choice
                    [user_answer] => N/A
                    [is_correct] => 
                )

            [23] => Array
                (
                    [question_id] => 131
                    [question_type] => multiple_choice
                    [user_answer] => N/A
                    [is_correct] => 
                )

            [24] => Array
                (
                    [question_id] => 128
                    [question_type] => multiple_choice
                    [user_answer] => N/A
                    [is_correct] => 
                )

            [25] => Array
                (
                    [question_id] => 173
                    [question_type] => multiple_choice
                    [user_answer] => N/A
                    [is_correct] => 
                )

            [26] => Array
                (
                    [question_id] => 169
                    [question_type] => multiple_choice
                    [user_answer] => N/A
                    [is_correct] => 
                )

            [27] => Array
                (
                    [question_id] => 133
                    [question_type] => multiple_choice
                    [user_answer] => N/A
                    [is_correct] => 
                )

            [28] => Array
                (
                    [question_id] => 178
                    [question_type] => multiple_choice
                    [user_answer] => N/A
                    [is_correct] => 
                )

            [29] => Array
                (
                    [question_id] => 187
                    [question_type] => multiple_choice
                    [user_answer] => N/A
                    [is_correct] => 
                )

            [30] => Array
                (
                    [question_id] => 51
                    [question_type] => multiple_choice
                    [user_answer] => N/A
                    [is_correct] => 
                )

            [31] => Array
                (
                    [question_id] => 87
                    [question_type] => multiple_choice
                    [user_answer] => N/A
                    [is_correct] => 
                )

            [32] => Array
                (
                    [question_id] => 52
                    [question_type] => multiple_choice
                    [user_answer] => N/A
                    [is_correct] => 
                )

            [33] => Array
                (
                    [question_id] => 60
                    [question_type] => multiple_choice
                    [user_answer] => N/A
                    [is_correct] => 
                )

            [34] => Array
                (
                    [question_id] => 183
                    [question_type] => multiple_choice
                    [user_answer] => N/A
                    [is_correct] => 
                )

            [35] => Array
                (
                    [question_id] => 188
                    [question_type] => multiple_choice
                    [user_answer] => N/A
                    [is_correct] => 
                )

            [36] => Array
                (
                    [question_id] => 114
                    [question_type] => multiple_choice
                    [user_answer] => N/A
                    [is_correct] => 
                )

            [37] => Array
                (
                    [question_id] => 126
                    [question_type] => multiple_choice
                    [user_answer] => N/A
                    [is_correct] => 
                )

            [38] => Array
                (
                    [question_id] => 148
                    [question_type] => multiple_choice
                    [user_answer] => N/A
                    [is_correct] => 
                )

            [39] => Array
                (
                    [question_id] => 119
                    [question_type] => multiple_choice
                    [user_answer] => N/A
                    [is_correct] => 
                )

            [40] => Array
                (
                    [question_id] => 186
                    [question_type] => multiple_choice
                    [user_answer] => N/A
                    [is_correct] => 
                )

            [41] => Array
                (
                    [question_id] => 162
                    [question_type] => multiple_choice
                    [user_answer] => N/A
                    [is_correct] => 
                )

            [42] => Array
                (
                    [question_id] => 175
                    [question_type] => multiple_choice
                    [user_answer] => N/A
                    [is_correct] => 
                )

            [43] => Array
                (
                    [question_id] => 147
                    [question_type] => multiple_choice
                    [user_answer] => N/A
                    [is_correct] => 
                )

            [44] => Array
                (
                    [question_id] => 68
                    [question_type] => multiple_choice
                    [user_answer] => N/A
                    [is_correct] => 
                )

            [45] => Array
                (
                    [question_id] => 113
                    [question_type] => multiple_choice
                    [user_answer] => N/A
                    [is_correct] => 
                )

            [46] => Array
                (
                    [question_id] => 115
                    [question_type] => multiple_choice
                    [user_answer] => N/A
                    [is_correct] => 
                )

            [47] => Array
                (
                    [question_id] => 98
                    [question_type] => multiple_choice
                    [user_answer] => N/A
                    [is_correct] => 
                )

            [48] => Array
                (
                    [question_id] => 100
                    [question_type] => multiple_choice
                    [user_answer] => N/A
                    [is_correct] => 
                )

            [49] => Array
                (
                    [question_id] => 153
                    [question_type] => multiple_choice
                    [user_answer] => N/A
                    [is_correct] => 
                )

            [50] => Array
                (
                    [question_id] => 109
                    [question_type] => multiple_choice
                    [user_answer] => N/A
                    [is_correct] => 
                )

            [51] => Array
                (
                    [question_id] => 123
                    [question_type] => multiple_choice
                    [user_answer] => N/A
                    [is_correct] => 
                )

            [52] => Array
                (
                    [question_id] => 54
                    [question_type] => multiple_choice
                    [user_answer] => N/A
                    [is_correct] => 
                )

            [53] => Array
                (
                    [question_id] => 83
                    [question_type] => multiple_choice
                    [user_answer] => N/A
                    [is_correct] => 
                )

            [54] => Array
                (
                    [question_id] => 104
                    [question_type] => multiple_choice
                    [user_answer] => N/A
                    [is_correct] => 
                )

            [55] => Array
                (
                    [question_id] => 149
                    [question_type] => multiple_choice
                    [user_answer] => N/A
                    [is_correct] => 
                )

            [56] => Array
                (
                    [question_id] => 155
                    [question_type] => multiple_choice
                    [user_answer] => N/A
                    [is_correct] => 
                )

            [57] => Array
                (
                    [question_id] => 70
                    [question_type] => multiple_choice
                    [user_answer] => N/A
                    [is_correct] => 
                )

            [58] => Array
                (
                    [question_id] => 164
                    [question_type] => multiple_choice
                    [user_answer] => N/A
                    [is_correct] => 
                )

            [59] => Array
                (
                    [question_id] => 81
                    [question_type] => multiple_choice
                    [user_answer] => N/A
                    [is_correct] => 
                )

            [60] => Array
                (
                    [question_id] => 156
                    [question_type] => multiple_choice
                    [user_answer] => N/A
                    [is_correct] => 
                )

            [61] => Array
                (
                    [question_id] => 137
                    [question_type] => multiple_choice
                    [user_answer] => N/A
                    [is_correct] => 
                )

            [62] => Array
                (
                    [question_id] => 53
                    [question_type] => multiple_choice
                    [user_answer] => N/A
                    [is_correct] => 
                )

            [63] => Array
                (
                    [question_id] => 121
                    [question_type] => multiple_choice
                    [user_answer] => N/A
                    [is_correct] => 
                )

            [64] => Array
                (
                    [question_id] => 151
                    [question_type] => multiple_choice
                    [user_answer] => N/A
                    [is_correct] => 
                )

            [65] => Array
                (
                    [question_id] => 58
                    [question_type] => multiple_choice
                    [user_answer] => N/A
                    [is_correct] => 
                )

            [66] => Array
                (
                    [question_id] => 143
                    [question_type] => multiple_choice
                    [user_answer] => N/A
                    [is_correct] => 
                )

            [67] => Array
                (
                    [question_id] => 163
                    [question_type] => multiple_choice
                    [user_answer] => N/A
                    [is_correct] => 
                )

            [68] => Array
                (
                    [question_id] => 197
                    [question_type] => multiple_choice
                    [user_answer] => N/A
                    [is_correct] => 
                )

            [69] => Array
                (
                    [question_id] => 74
                    [question_type] => multiple_choice
                    [user_answer] => N/A
                    [is_correct] => 
                )

            [70] => Array
                (
                    [question_id] => 198
                    [question_type] => multiple_choice
                    [user_answer] => N/A
                    [is_correct] => 
                )

            [71] => Array
                (
                    [question_id] => 172
                    [question_type] => multiple_choice
                    [user_answer] => N/A
                    [is_correct] => 
                )

            [72] => Array
                (
                    [question_id] => 93
                    [question_type] => multiple_choice
                    [user_answer] => N/A
                    [is_correct] => 
                )

            [73] => Array
                (
                    [question_id] => 64
                    [question_type] => multiple_choice
                    [user_answer] => N/A
                    [is_correct] => 
                )

            [74] => Array
                (
                    [question_id] => 72
                    [question_type] => multiple_choice
                    [user_answer] => N/A
                    [is_correct] => 
                )

            [75] => Array
                (
                    [question_id] => 154
                    [question_type] => multiple_choice
                    [user_answer] => N/A
                    [is_correct] => 
                )

            [76] => Array
                (
                    [question_id] => 96
                    [question_type] => multiple_choice
                    [user_answer] => N/A
                    [is_correct] => 
                )

            [77] => Array
                (
                    [question_id] => 92
                    [question_type] => multiple_choice
                    [user_answer] => N/A
                    [is_correct] => 
                )

            [78] => Array
                (
                    [question_id] => 160
                    [question_type] => multiple_choice
                    [user_answer] => N/A
                    [is_correct] => 
                )

            [79] => Array
                (
                    [question_id] => 189
                    [question_type] => multiple_choice
                    [user_answer] => N/A
                    [is_correct] => 
                )

            [80] => Array
                (
                    [question_id] => 75
                    [question_type] => multiple_choice
                    [user_answer] => N/A
                    [is_correct] => 
                )

            [81] => Array
                (
                    [question_id] => 56
                    [question_type] => multiple_choice
                    [user_answer] => N/A
                    [is_correct] => 
                )

            [82] => Array
                (
                    [question_id] => 192
                    [question_type] => multiple_choice
                    [user_answer] => N/A
                    [is_correct] => 
                )

            [83] => Array
                (
                    [question_id] => 55
                    [question_type] => multiple_choice
                    [user_answer] => N/A
                    [is_correct] => 
                )

            [84] => Array
                (
                    [question_id] => 125
                    [question_type] => multiple_choice
                    [user_answer] => N/A
                    [is_correct] => 
                )

            [85] => Array
                (
                    [question_id] => 122
                    [question_type] => multiple_choice
                    [user_answer] => N/A
                    [is_correct] => 
                )

            [86] => Array
                (
                    [question_id] => 140
                    [question_type] => multiple_choice
                    [user_answer] => N/A
                    [is_correct] => 
                )

            [87] => Array
                (
                    [question_id] => 89
                    [question_type] => multiple_choice
                    [user_answer] => N/A
                    [is_correct] => 
                )

            [88] => Array
                (
                    [question_id] => 134
                    [question_type] => multiple_choice
                    [user_answer] => N/A
                    [is_correct] => 
                )

            [89] => Array
                (
                    [question_id] => 67
                    [question_type] => multiple_choice
                    [user_answer] => N/A
                    [is_correct] => 
                )

            [90] => Array
                (
                    [question_id] => 176
                    [question_type] => multiple_choice
                    [user_answer] => N/A
                    [is_correct] => 
                )

            [91] => Array
                (
                    [question_id] => 101
                    [question_type] => multiple_choice
                    [user_answer] => N/A
                    [is_correct] => 
                )

            [92] => Array
                (
                    [question_id] => 139
                    [question_type] => multiple_choice
                    [user_answer] => N/A
                    [is_correct] => 
                )

            [93] => Array
                (
                    [question_id] => 174
                    [question_type] => multiple_choice
                    [user_answer] => N/A
                    [is_correct] => 
                )

            [94] => Array
                (
                    [question_id] => 127
                    [question_type] => multiple_choice
                    [user_answer] => N/A
                    [is_correct] => 
                )

            [95] => Array
                (
                    [question_id] => 117
                    [question_type] => multiple_choice
                    [user_answer] => N/A
                    [is_correct] => 
                )

            [96] => Array
                (
                    [question_id] => 73
                    [question_type] => multiple_choice
                    [user_answer] => N/A
                    [is_correct] => 
                )

            [97] => Array
                (
                    [question_id] => 103
                    [question_type] => multiple_choice
                    [user_answer] => N/A
                    [is_correct] => 
                )

            [98] => Array
                (
                    [question_id] => 165
                    [question_type] => multiple_choice
                    [user_answer] => N/A
                    [is_correct] => 
                )

            [99] => Array
                (
                    [question_id] => 145
                    [question_type] => multiple_choice
                    [user_answer] => N/A
                    [is_correct] => 
                )

        )

    [tab_switch_count] => 4
    [tab_switch_flagged] => 1
    [tab_switch_log] => Array
        (
            [0] => Array
                (
                    [type] => window_blur
                    [timestamp] => 2025-12-12T14:37:03.643Z
                    [question] => 1
                    [warning_number] => 1
                )

            [1] => Array
                (
                    [type] => returned
                    [timestamp] => 2025-12-12T14:37:09.643Z
                    [question] => 1
                )

            [2] => Array
                (
                    [type] => window_blur
                    [timestamp] => 2025-12-12T14:37:18.614Z
                    [question] => 1
                    [warning_number] => 2
                )

            [3] => Array
                (
                    [type] => returned
                    [timestamp] => 2025-12-12T14:37:40.260Z
                    [question] => 1
                )

            [4] => Array
                (
                    [type] => window_blur
                    [timestamp] => 2025-12-12T14:37:57.127Z
                    [question] => 100
                    [warning_number] => 3
                )

            [5] => Array
                (
                    [type] => returned
                    [timestamp] => 2025-12-12T14:38:06.021Z
                    [question] => 100
                )

            [6] => Array
                (
                    [type] => window_blur
                    [timestamp] => 2025-12-12T14:38:12.214Z
                    [question] => 100
                    [warning_number] => 4
                )

        )

)

[2025-12-12 22:38:32] Extracted data - User: 1, Book: 11, Score: 0/100 (0%)
[2025-12-12 22:38:32] Starting database operations...
[2025-12-12 22:38:32] Transaction started
[2025-12-12 22:38:32] User verified: Juan Dela Cruz
[2025-12-12 22:38:32] Book verified: One Piece: The Complete Adventure
[2025-12-12 22:38:32] Attempting to save quiz attempt...
[2025-12-12 22:38:32] Quiz attempt saved successfully! Attempt ID: 0
[2025-12-12 22:38:32] System log created
[2025-12-12 22:38:32] Is re-attempt: YES (Previous attempts: 1)
[2025-12-12 22:38:32] Books completed count (any attempt): 3
[2025-12-12 22:38:32] Average score: 13.3%
[2025-12-12 22:38:32] Processing rewards based on 3 books completed...
[2025-12-12 22:38:32] Checking reward: Pen Reward (requires 10 books)
[2025-12-12 22:38:32] Not enough books for reward: Pen Reward
[2025-12-12 22:38:32] Checking reward: Notebook Reward (requires 25 books)
[2025-12-12 22:38:32] Not enough books for reward: Notebook Reward
[2025-12-12 22:38:32] Checking reward: Drawing Materials (requires 50 books)
[2025-12-12 22:38:32] Not enough books for reward: Drawing Materials
[2025-12-12 22:38:32] Checking reward: School Supplies Bundle (requires 100 books)
[2025-12-12 22:38:32] Not enough books for reward: School Supplies Bundle
[2025-12-12 22:38:32] Total rewards earned: 0
[2025-12-12 22:38:32] ✅ Transaction committed successfully
[2025-12-12 22:38:32] Response data: Array
(
    [attempt_id] => 0
    [books_completed] => 3
    [average_score] => 13.3
    [rewards_earned] => 0
    [new_rewards] => Array
        (
        )

    [all_rewards] => Array
        (
        )

    [user_name] => Juan Dela Cruz
    [book_title] => One Piece: The Complete Adventure
    [passed] => 
    [is_reattempt] => 1
    [tab_switch_flagged] => 1
)

[2025-12-12 22:38:32] === Quiz Save Successful ===
[2025-12-12 22:40:24] === Quiz Save Request Started ===
[2025-12-12 22:40:24] User logged in: 1
[2025-12-12 22:40:24] Raw JSON: {"user_id":1,"book_id":11,"total_questions":100,"correct_answers":0,"score_percentage":0,"time_taken":57,"responses":[{"question_id":183,"question_type":"multiple_choice","user_answer":"N/A","is_correct":false},{"question_id":90,"question_type":"multiple_choice","user_answer":"N/A","is_correct":false},{"question_id":76,"question_type":"multiple_choice","user_answer":"N/A","is_correct":false},{"question_id":139,"question_type":"multiple_choice","user_answer":"N/A","is_correct":false},{"question_id":95,"question_type":"multiple_choice","user_answer":"N/A","is_correct":false},{"question_id":157,"question_type":"multiple_choice","user_answer":"N/A","is_correct":false},{"question_id":144,"question_type":"multiple_choice","user_answer":"N/A","is_correct":false},{"question_id":121,"question_type":"multiple_choice","user_answer":"N/A","is_correct":false},{"question_id":55,"question_type":"multiple_choice","user_answer":"N/A","is_correct":false},{"question_id":198,"question_type":"multiple_choice","user_answer":"N/A","is_correct":false},{"question_id":188,"question_type":"multiple_choice","user_answer":"N/A","is_correct":false},{"question_id":169,"question_type":"multiple_choice","user_answer":"N/A","is_correct":false},{"question_id":62,"question_type":"multiple_choice","user_answer":"N/A","is_correct":false},{"question_id":178,"question_type":"multiple_choice","user_answer":"N/A","is_correct":false},{"question_id":107,"question_type":"multiple_choice","user_answer":"N/A","is_correct":false},{"question_id":142,"question_type":"multiple_choice","user_answer":"N/A","is_correct":false},{"question_id":189,"question_type":"multiple_choice","user_answer":"N/A","is_correct":false},{"question_id":145,"question_type":"multiple_choice","user_answer":"N/A","is_correct":false},{"question_id":71,"question_type":"multiple_choice","user_answer":"N/A","is_correct":false},{"question_id":98,"question_type":"multiple_choice","user_answer":"N/A","is_correct":false},{"question_id":67,"question_type":"multiple_choice","user_answer":"N/A","is_correct":false},{"question_id":149,"question_type":"multiple_choice","user_answer":"N/A","is_correct":false},{"question_id":51,"question_type":"multiple_choice","user_answer":"N/A","is_correct":false},{"question_id":113,"question_type":"multiple_choice","user_answer":"N/A","is_correct":false},{"question_id":153,"question_type":"multiple_choice","user_answer":"N/A","is_correct":false},{"question_id":112,"question_type":"multiple_choice","user_answer":"N/A","is_correct":false},{"question_id":172,"question_type":"multiple_choice","user_answer":"N/A","is_correct":false},{"question_id":175,"question_type":"multiple_choice","user_answer":"N/A","is_correct":false},{"question_id":170,"question_type":"multiple_choice","user_answer":"N/A","is_correct":false},{"question_id":88,"question_type":"multiple_choice","user_answer":"N/A","is_correct":false},{"question_id":151,"question_type":"multiple_choice","user_answer":"N/A","is_correct":false},{"question_id":182,"question_type":"multiple_choice","user_answer":"N/A","is_correct":false},{"question_id":92,"question_type":"multiple_choice","user_answer":"N/A","is_correct":false},{"question_id":155,"question_type":"multiple_choice","user_answer":"N/A","is_correct":false},{"question_id":159,"question_type":"multiple_choice","user_answer":"N/A","is_correct":false},{"question_id":91,"question_type":"multiple_choice","user_answer":"N/A","is_correct":false},{"question_id":148,"question_type":"multiple_choice","user_answer":"N/A","is_correct":false},{"question_id":158,"question_type":"multiple_choice","user_answer":"N/A","is_correct":false},{"question_id":111,"question_type":"multiple_choice","user_answer":"N/A","is_correct":false},{"question_id":117,"question_type":"multiple_choice","user_answer":"N/A","is_correct":false},{"question_id":114,"question_type":"multiple_choice","user_answer":"N/A","is_correct":false},{"question_id":80,"question_type":"multiple_choice","user_answer":"N/A","is_correct":false},{"question_id":141,"question_type":"multiple_choice","user_answer":"N/A","is_correct":false},{"question_id":162,"question_type":"multiple_choice","user_answer":"N/A","is_correct":false},{"question_id":184,"question_type":"multiple_choice","user_answer":"N/A","is_correct":false},{"question_id":100,"question_type":"multiple_choice","user_answer":"N/A","is_correct":false},{"question_id":167,"question_type":"multiple_choice","user_answer":"N/A","is_correct":false},{"question_id":119,"question_type":"multiple_choice","user_answer":"N/A","is_correct":false},{"question_id":99,"question_type":"multiple_choice","user_answer":"N/A","is_correct":false},{"question_id":126,"question_type":"multiple_choice","user_answer":"N/A","is_correct":false},{"question_id":130,"question_type":"multiple_choice","user_answer":"N/A","is_correct":false},{"question_id":58,"question_type":"multiple_choice","user_answer":"N/A","is_correct":false},{"question_id":110,"question_type":"multiple_choice","user_answer":"N/A","is_correct":false},{"question_id":152,"question_type":"multiple_choice","user_answer":"N/A","is_correct":false},{"question_id":193,"question_type":"multiple_choice","user_answer":"N/A","is_correct":false},{"question_id":194,"question_type":"multiple_choice","user_answer":"N/A","is_correct":false},{"question_id":147,"question_type":"multiple_choice","user_answer":"N/A","is_correct":false},{"question_id":190,"question_type":"multiple_choice","user_answer":"N/A","is_correct":false},{"question_id":64,"question_type":"multiple_choice","user_answer":"N/A","is_correct":false},{"question_id":85,"question_type":"multiple_choice","user_answer":"N/A","is_correct":false},{"question_id":72,"question_type":"multiple_choice","user_answer":"N/A","is_correct":false},{"question_id":70,"question_type":"multiple_choice","user_answer":"N/A","is_correct":false},{"question_id":168,"question_type":"multiple_choice","user_answer":"N/A","is_correct":false},{"question_id":179,"question_type":"multiple_choice","user_answer":"N/A","is_correct":false},{"question_id":57,"question_type":"multiple_choice","user_answer":"N/A","is_correct":false},{"question_id":83,"question_type":"multiple_choice","user_answer":"N/A","is_correct":false},{"question_id":93,"question_type":"multiple_choice","user_answer":"N/A","is_correct":false},{"question_id":97,"question_type":"multiple_choice","user_answer":"N/A","is_correct":false},{"question_id":160,"question_type":"multiple_choice","user_answer":"N/A","is_correct":false},{"question_id":176,"question_type":"multiple_choice","user_answer":"N/A","is_correct":false},{"question_id":94,"question_type":"multiple_choice","user_answer":"N/A","is_correct":false},{"question_id":140,"question_type":"multiple_choice","user_answer":"N/A","is_correct":false},{"question_id":197,"question_type":"multiple_choice","user_answer":"N/A","is_correct":false},{"question_id":165,"question_type":"multiple_choice","user_answer":"N/A","is_correct":false},{"question_id":60,"question_type":"multiple_choice","user_answer":"N/A","is_correct":false},{"question_id":105,"question_type":"multiple_choice","user_answer":"N/A","is_correct":false},{"question_id":59,"question_type":"multiple_choice","user_answer":"N/A","is_correct":false},{"question_id":161,"question_type":"multiple_choice","user_answer":"N/A","is_correct":false},{"question_id":81,"question_type":"multiple_choice","user_answer":"N/A","is_correct":false},{"question_id":109,"question_type":"multiple_choice","user_answer":"N/A","is_correct":false},{"question_id":128,"question_type":"multiple_choice","user_answer":"N/A","is_correct":false},{"question_id":146,"question_type":"multiple_choice","user_answer":"N/A","is_correct":false},{"question_id":185,"question_type":"multiple_choice","user_answer":"N/A","is_correct":false},{"question_id":123,"question_type":"multiple_choice","user_answer":"N/A","is_correct":false},{"question_id":101,"question_type":"multiple_choice","user_answer":"N/A","is_correct":false},{"question_id":116,"question_type":"multiple_choice","user_answer":"N/A","is_correct":false},{"question_id":129,"question_type":"multiple_choice","user_answer":"N/A","is_correct":false},{"question_id":191,"question_type":"multiple_choice","user_answer":"N/A","is_correct":false},{"question_id":68,"question_type":"multiple_choice","user_answer":"N/A","is_correct":false},{"question_id":73,"question_type":"multiple_choice","user_answer":"N/A","is_correct":false},{"question_id":118,"question_type":"multiple_choice","user_answer":"N/A","is_correct":false},{"question_id":69,"question_type":"multiple_choice","user_answer":"N/A","is_correct":false},{"question_id":136,"question_type":"multiple_choice","user_answer":"N/A","is_correct":false},{"question_id":143,"question_type":"multiple_choice","user_answer":"N/A","is_correct":false},{"question_id":125,"question_type":"multiple_choice","user_answer":"N/A","is_correct":false},{"question_id":124,"question_type":"multiple_choice","user_answer":"N/A","is_correct":false},{"question_id":173,"question_type":"multiple_choice","user_answer":"N/A","is_correct":false},{"question_id":66,"question_type":"multiple_choice","user_answer":"N/A","is_correct":false},{"question_id":52,"question_type":"multiple_choice","user_answer":"N/A","is_correct":false},{"question_id":177,"question_type":"multiple_choice","user_answer":"N/A","is_correct":false}],"tab_switch_count":2,"tab_switch_flagged":true,"tab_switch_log":[{"type":"window_blur","timestamp":"2025-12-12T14:39:51.787Z","question":100,"warning_number":1},{"type":"returned","timestamp":"2025-12-12T14:40:04.901Z","question":100},{"type":"window_blur","timestamp":"2025-12-12T14:40:11.825Z","question":1,"warning_number":2},{"type":"returned","timestamp":"2025-12-12T14:40:15.446Z","question":1}]}
[2025-12-12 22:40:24] Quiz Data: Array
(
    [user_id] => 1
    [book_id] => 11
    [total_questions] => 100
    [correct_answers] => 0
    [score_percentage] => 0
    [time_taken] => 57
    [responses] => Array
        (
            [0] => Array
                (
                    [question_id] => 183
                    [question_type] => multiple_choice
                    [user_answer] => N/A
                    [is_correct] => 
                )

            [1] => Array
                (
                    [question_id] => 90
                    [question_type] => multiple_choice
                    [user_answer] => N/A
                    [is_correct] => 
                )

            [2] => Array
                (
                    [question_id] => 76
                    [question_type] => multiple_choice
                    [user_answer] => N/A
                    [is_correct] => 
                )

            [3] => Array
                (
                    [question_id] => 139
                    [question_type] => multiple_choice
                    [user_answer] => N/A
                    [is_correct] => 
                )

            [4] => Array
                (
                    [question_id] => 95
                    [question_type] => multiple_choice
                    [user_answer] => N/A
                    [is_correct] => 
                )

            [5] => Array
                (
                    [question_id] => 157
                    [question_type] => multiple_choice
                    [user_answer] => N/A
                    [is_correct] => 
                )

            [6] => Array
                (
                    [question_id] => 144
                    [question_type] => multiple_choice
                    [user_answer] => N/A
                    [is_correct] => 
                )

            [7] => Array
                (
                    [question_id] => 121
                    [question_type] => multiple_choice
                    [user_answer] => N/A
                    [is_correct] => 
                )

            [8] => Array
                (
                    [question_id] => 55
                    [question_type] => multiple_choice
                    [user_answer] => N/A
                    [is_correct] => 
                )

            [9] => Array
                (
                    [question_id] => 198
                    [question_type] => multiple_choice
                    [user_answer] => N/A
                    [is_correct] => 
                )

            [10] => Array
                (
                    [question_id] => 188
                    [question_type] => multiple_choice
                    [user_answer] => N/A
                    [is_correct] => 
                )

            [11] => Array
                (
                    [question_id] => 169
                    [question_type] => multiple_choice
                    [user_answer] => N/A
                    [is_correct] => 
                )

            [12] => Array
                (
                    [question_id] => 62
                    [question_type] => multiple_choice
                    [user_answer] => N/A
                    [is_correct] => 
                )

            [13] => Array
                (
                    [question_id] => 178
                    [question_type] => multiple_choice
                    [user_answer] => N/A
                    [is_correct] => 
                )

            [14] => Array
                (
                    [question_id] => 107
                    [question_type] => multiple_choice
                    [user_answer] => N/A
                    [is_correct] => 
                )

            [15] => Array
                (
                    [question_id] => 142
                    [question_type] => multiple_choice
                    [user_answer] => N/A
                    [is_correct] => 
                )

            [16] => Array
                (
                    [question_id] => 189
                    [question_type] => multiple_choice
                    [user_answer] => N/A
                    [is_correct] => 
                )

            [17] => Array
                (
                    [question_id] => 145
                    [question_type] => multiple_choice
                    [user_answer] => N/A
                    [is_correct] => 
                )

            [18] => Array
                (
                    [question_id] => 71
                    [question_type] => multiple_choice
                    [user_answer] => N/A
                    [is_correct] => 
                )

            [19] => Array
                (
                    [question_id] => 98
                    [question_type] => multiple_choice
                    [user_answer] => N/A
                    [is_correct] => 
                )

            [20] => Array
                (
                    [question_id] => 67
                    [question_type] => multiple_choice
                    [user_answer] => N/A
                    [is_correct] => 
                )

            [21] => Array
                (
                    [question_id] => 149
                    [question_type] => multiple_choice
                    [user_answer] => N/A
                    [is_correct] => 
                )

            [22] => Array
                (
                    [question_id] => 51
                    [question_type] => multiple_choice
                    [user_answer] => N/A
                    [is_correct] => 
                )

            [23] => Array
                (
                    [question_id] => 113
                    [question_type] => multiple_choice
                    [user_answer] => N/A
                    [is_correct] => 
                )

            [24] => Array
                (
                    [question_id] => 153
                    [question_type] => multiple_choice
                    [user_answer] => N/A
                    [is_correct] => 
                )

            [25] => Array
                (
                    [question_id] => 112
                    [question_type] => multiple_choice
                    [user_answer] => N/A
                    [is_correct] => 
                )

            [26] => Array
                (
                    [question_id] => 172
                    [question_type] => multiple_choice
                    [user_answer] => N/A
                    [is_correct] => 
                )

            [27] => Array
                (
                    [question_id] => 175
                    [question_type] => multiple_choice
                    [user_answer] => N/A
                    [is_correct] => 
                )

            [28] => Array
                (
                    [question_id] => 170
                    [question_type] => multiple_choice
                    [user_answer] => N/A
                    [is_correct] => 
                )

            [29] => Array
                (
                    [question_id] => 88
                    [question_type] => multiple_choice
                    [user_answer] => N/A
                    [is_correct] => 
                )

            [30] => Array
                (
                    [question_id] => 151
                    [question_type] => multiple_choice
                    [user_answer] => N/A
                    [is_correct] => 
                )

            [31] => Array
                (
                    [question_id] => 182
                    [question_type] => multiple_choice
                    [user_answer] => N/A
                    [is_correct] => 
                )

            [32] => Array
                (
                    [question_id] => 92
                    [question_type] => multiple_choice
                    [user_answer] => N/A
                    [is_correct] => 
                )

            [33] => Array
                (
                    [question_id] => 155
                    [question_type] => multiple_choice
                    [user_answer] => N/A
                    [is_correct] => 
                )

            [34] => Array
                (
                    [question_id] => 159
                    [question_type] => multiple_choice
                    [user_answer] => N/A
                    [is_correct] => 
                )

            [35] => Array
                (
                    [question_id] => 91
                    [question_type] => multiple_choice
                    [user_answer] => N/A
                    [is_correct] => 
                )

            [36] => Array
                (
                    [question_id] => 148
                    [question_type] => multiple_choice
                    [user_answer] => N/A
                    [is_correct] => 
                )

            [37] => Array
                (
                    [question_id] => 158
                    [question_type] => multiple_choice
                    [user_answer] => N/A
                    [is_correct] => 
                )

            [38] => Array
                (
                    [question_id] => 111
                    [question_type] => multiple_choice
                    [user_answer] => N/A
                    [is_correct] => 
                )

            [39] => Array
                (
                    [question_id] => 117
                    [question_type] => multiple_choice
                    [user_answer] => N/A
                    [is_correct] => 
                )

            [40] => Array
                (
                    [question_id] => 114
                    [question_type] => multiple_choice
                    [user_answer] => N/A
                    [is_correct] => 
                )

            [41] => Array
                (
                    [question_id] => 80
                    [question_type] => multiple_choice
                    [user_answer] => N/A
                    [is_correct] => 
                )

            [42] => Array
                (
                    [question_id] => 141
                    [question_type] => multiple_choice
                    [user_answer] => N/A
                    [is_correct] => 
                )

            [43] => Array
                (
                    [question_id] => 162
                    [question_type] => multiple_choice
                    [user_answer] => N/A
                    [is_correct] => 
                )

            [44] => Array
                (
                    [question_id] => 184
                    [question_type] => multiple_choice
                    [user_answer] => N/A
                    [is_correct] => 
                )

            [45] => Array
                (
                    [question_id] => 100
                    [question_type] => multiple_choice
                    [user_answer] => N/A
                    [is_correct] => 
                )

            [46] => Array
                (
                    [question_id] => 167
                    [question_type] => multiple_choice
                    [user_answer] => N/A
                    [is_correct] => 
                )

            [47] => Array
                (
                    [question_id] => 119
                    [question_type] => multiple_choice
                    [user_answer] => N/A
                    [is_correct] => 
                )

            [48] => Array
                (
                    [question_id] => 99
                    [question_type] => multiple_choice
                    [user_answer] => N/A
                    [is_correct] => 
                )

            [49] => Array
                (
                    [question_id] => 126
                    [question_type] => multiple_choice
                    [user_answer] => N/A
                    [is_correct] => 
                )

            [50] => Array
                (
                    [question_id] => 130
                    [question_type] => multiple_choice
                    [user_answer] => N/A
                    [is_correct] => 
                )

            [51] => Array
                (
                    [question_id] => 58
                    [question_type] => multiple_choice
                    [user_answer] => N/A
                    [is_correct] => 
                )

            [52] => Array
                (
                    [question_id] => 110
                    [question_type] => multiple_choice
                    [user_answer] => N/A
                    [is_correct] => 
                )

            [53] => Array
                (
                    [question_id] => 152
                    [question_type] => multiple_choice
                    [user_answer] => N/A
                    [is_correct] => 
                )

            [54] => Array
                (
                    [question_id] => 193
                    [question_type] => multiple_choice
                    [user_answer] => N/A
                    [is_correct] => 
                )

            [55] => Array
                (
                    [question_id] => 194
                    [question_type] => multiple_choice
                    [user_answer] => N/A
                    [is_correct] => 
                )

            [56] => Array
                (
                    [question_id] => 147
                    [question_type] => multiple_choice
                    [user_answer] => N/A
                    [is_correct] => 
                )

            [57] => Array
                (
                    [question_id] => 190
                    [question_type] => multiple_choice
                    [user_answer] => N/A
                    [is_correct] => 
                )

            [58] => Array
                (
                    [question_id] => 64
                    [question_type] => multiple_choice
                    [user_answer] => N/A
                    [is_correct] => 
                )

            [59] => Array
                (
                    [question_id] => 85
                    [question_type] => multiple_choice
                    [user_answer] => N/A
                    [is_correct] => 
                )

            [60] => Array
                (
                    [question_id] => 72
                    [question_type] => multiple_choice
                    [user_answer] => N/A
                    [is_correct] => 
                )

            [61] => Array
                (
                    [question_id] => 70
                    [question_type] => multiple_choice
                    [user_answer] => N/A
                    [is_correct] => 
                )

            [62] => Array
                (
                    [question_id] => 168
                    [question_type] => multiple_choice
                    [user_answer] => N/A
                    [is_correct] => 
                )

            [63] => Array
                (
                    [question_id] => 179
                    [question_type] => multiple_choice
                    [user_answer] => N/A
                    [is_correct] => 
                )

            [64] => Array
                (
                    [question_id] => 57
                    [question_type] => multiple_choice
                    [user_answer] => N/A
                    [is_correct] => 
                )

            [65] => Array
                (
                    [question_id] => 83
                    [question_type] => multiple_choice
                    [user_answer] => N/A
                    [is_correct] => 
                )

            [66] => Array
                (
                    [question_id] => 93
                    [question_type] => multiple_choice
                    [user_answer] => N/A
                    [is_correct] => 
                )

            [67] => Array
                (
                    [question_id] => 97
                    [question_type] => multiple_choice
                    [user_answer] => N/A
                    [is_correct] => 
                )

            [68] => Array
                (
                    [question_id] => 160
                    [question_type] => multiple_choice
                    [user_answer] => N/A
                    [is_correct] => 
                )

            [69] => Array
                (
                    [question_id] => 176
                    [question_type] => multiple_choice
                    [user_answer] => N/A
                    [is_correct] => 
                )

            [70] => Array
                (
                    [question_id] => 94
                    [question_type] => multiple_choice
                    [user_answer] => N/A
                    [is_correct] => 
                )

            [71] => Array
                (
                    [question_id] => 140
                    [question_type] => multiple_choice
                    [user_answer] => N/A
                    [is_correct] => 
                )

            [72] => Array
                (
                    [question_id] => 197
                    [question_type] => multiple_choice
                    [user_answer] => N/A
                    [is_correct] => 
                )

            [73] => Array
                (
                    [question_id] => 165
                    [question_type] => multiple_choice
                    [user_answer] => N/A
                    [is_correct] => 
                )

            [74] => Array
                (
                    [question_id] => 60
                    [question_type] => multiple_choice
                    [user_answer] => N/A
                    [is_correct] => 
                )

            [75] => Array
                (
                    [question_id] => 105
                    [question_type] => multiple_choice
                    [user_answer] => N/A
                    [is_correct] => 
                )

            [76] => Array
                (
                    [question_id] => 59
                    [question_type] => multiple_choice
                    [user_answer] => N/A
                    [is_correct] => 
                )

            [77] => Array
                (
                    [question_id] => 161
                    [question_type] => multiple_choice
                    [user_answer] => N/A
                    [is_correct] => 
                )

            [78] => Array
                (
                    [question_id] => 81
                    [question_type] => multiple_choice
                    [user_answer] => N/A
                    [is_correct] => 
                )

            [79] => Array
                (
                    [question_id] => 109
                    [question_type] => multiple_choice
                    [user_answer] => N/A
                    [is_correct] => 
                )

            [80] => Array
                (
                    [question_id] => 128
                    [question_type] => multiple_choice
                    [user_answer] => N/A
                    [is_correct] => 
                )

            [81] => Array
                (
                    [question_id] => 146
                    [question_type] => multiple_choice
                    [user_answer] => N/A
                    [is_correct] => 
                )

            [82] => Array
                (
                    [question_id] => 185
                    [question_type] => multiple_choice
                    [user_answer] => N/A
                    [is_correct] => 
                )

            [83] => Array
                (
                    [question_id] => 123
                    [question_type] => multiple_choice
                    [user_answer] => N/A
                    [is_correct] => 
                )

            [84] => Array
                (
                    [question_id] => 101
                    [question_type] => multiple_choice
                    [user_answer] => N/A
                    [is_correct] => 
                )

            [85] => Array
                (
                    [question_id] => 116
                    [question_type] => multiple_choice
                    [user_answer] => N/A
                    [is_correct] => 
                )

            [86] => Array
                (
                    [question_id] => 129
                    [question_type] => multiple_choice
                    [user_answer] => N/A
                    [is_correct] => 
                )

            [87] => Array
                (
                    [question_id] => 191
                    [question_type] => multiple_choice
                    [user_answer] => N/A
                    [is_correct] => 
                )

            [88] => Array
                (
                    [question_id] => 68
                    [question_type] => multiple_choice
                    [user_answer] => N/A
                    [is_correct] => 
                )

            [89] => Array
                (
                    [question_id] => 73
                    [question_type] => multiple_choice
                    [user_answer] => N/A
                    [is_correct] => 
                )

            [90] => Array
                (
                    [question_id] => 118
                    [question_type] => multiple_choice
                    [user_answer] => N/A
                    [is_correct] => 
                )

            [91] => Array
                (
                    [question_id] => 69
                    [question_type] => multiple_choice
                    [user_answer] => N/A
                    [is_correct] => 
                )

            [92] => Array
                (
                    [question_id] => 136
                    [question_type] => multiple_choice
                    [user_answer] => N/A
                    [is_correct] => 
                )

            [93] => Array
                (
                    [question_id] => 143
                    [question_type] => multiple_choice
                    [user_answer] => N/A
                    [is_correct] => 
                )

            [94] => Array
                (
                    [question_id] => 125
                    [question_type] => multiple_choice
                    [user_answer] => N/A
                    [is_correct] => 
                )

            [95] => Array
                (
                    [question_id] => 124
                    [question_type] => multiple_choice
                    [user_answer] => N/A
                    [is_correct] => 
                )

            [96] => Array
                (
                    [question_id] => 173
                    [question_type] => multiple_choice
                    [user_answer] => N/A
                    [is_correct] => 
                )

            [97] => Array
                (
                    [question_id] => 66
                    [question_type] => multiple_choice
                    [user_answer] => N/A
                    [is_correct] => 
                )

            [98] => Array
                (
                    [question_id] => 52
                    [question_type] => multiple_choice
                    [user_answer] => N/A
                    [is_correct] => 
                )

            [99] => Array
                (
                    [question_id] => 177
                    [question_type] => multiple_choice
                    [user_answer] => N/A
                    [is_correct] => 
                )

        )

    [tab_switch_count] => 2
    [tab_switch_flagged] => 1
    [tab_switch_log] => Array
        (
            [0] => Array
                (
                    [type] => window_blur
                    [timestamp] => 2025-12-12T14:39:51.787Z
                    [question] => 100
                    [warning_number] => 1
                )

            [1] => Array
                (
                    [type] => returned
                    [timestamp] => 2025-12-12T14:40:04.901Z
                    [question] => 100
                )

            [2] => Array
                (
                    [type] => window_blur
                    [timestamp] => 2025-12-12T14:40:11.825Z
                    [question] => 1
                    [warning_number] => 2
                )

            [3] => Array
                (
                    [type] => returned
                    [timestamp] => 2025-12-12T14:40:15.446Z
                    [question] => 1
                )

        )

)

[2025-12-12 22:40:24] Extracted data - User: 1, Book: 11, Score: 0/100 (0%)
[2025-12-12 22:40:24] Starting database operations...
[2025-12-12 22:40:24] Transaction started
[2025-12-12 22:40:24] User verified: Juan Dela Cruz
[2025-12-12 22:40:24] Book verified: One Piece: The Complete Adventure
[2025-12-12 22:40:24] Attempting to save quiz attempt...
[2025-12-12 22:40:24] Quiz attempt saved successfully! Attempt ID: 0
[2025-12-12 22:40:24] System log created
[2025-12-12 22:40:24] Is re-attempt: YES (Previous attempts: 1)
[2025-12-12 22:40:24] Books completed count (any attempt): 3
[2025-12-12 22:40:24] Average score: 13.3%
[2025-12-12 22:40:24] Processing rewards based on 3 books completed...
[2025-12-12 22:40:24] Checking reward: Pen Reward (requires 10 books)
[2025-12-12 22:40:24] Not enough books for reward: Pen Reward
[2025-12-12 22:40:24] Checking reward: Notebook Reward (requires 25 books)
[2025-12-12 22:40:24] Not enough books for reward: Notebook Reward
[2025-12-12 22:40:24] Checking reward: Drawing Materials (requires 50 books)
[2025-12-12 22:40:24] Not enough books for reward: Drawing Materials
[2025-12-12 22:40:24] Checking reward: School Supplies Bundle (requires 100 books)
[2025-12-12 22:40:24] Not enough books for reward: School Supplies Bundle
[2025-12-12 22:40:24] Total rewards earned: 0
[2025-12-12 22:40:24] ✅ Transaction committed successfully
[2025-12-12 22:40:24] Response data: Array
(
    [attempt_id] => 0
    [books_completed] => 3
    [average_score] => 13.3
    [rewards_earned] => 0
    [new_rewards] => Array
        (
        )

    [all_rewards] => Array
        (
        )

    [user_name] => Juan Dela Cruz
    [book_title] => One Piece: The Complete Adventure
    [passed] => 
    [is_reattempt] => 1
    [tab_switch_flagged] => 1
)

[2025-12-12 22:40:24] === Quiz Save Successful ===
[2025-12-13 23:14:19] === Quiz Save Request Started ===
[2025-12-13 23:14:19] User logged in: 1
[2025-12-13 23:14:19] Raw JSON: {"user_id":1,"book_id":11,"total_questions":100,"correct_answers":0,"score_percentage":0,"time_taken":62,"responses":[{"question_id":127,"question_type":"multiple_choice","user_answer":"N/A","is_correct":false},{"question_id":70,"question_type":"multiple_choice","user_answer":"N/A","is_correct":false},{"question_id":86,"question_type":"multiple_choice","user_answer":"N/A","is_correct":false},{"question_id":84,"question_type":"multiple_choice","user_answer":"N/A","is_correct":false},{"question_id":114,"question_type":"multiple_choice","user_answer":"N/A","is_correct":false},{"question_id":198,"question_type":"multiple_choice","user_answer":"N/A","is_correct":false},{"question_id":190,"question_type":"multiple_choice","user_answer":"N/A","is_correct":false},{"question_id":166,"question_type":"multiple_choice","user_answer":"N/A","is_correct":false},{"question_id":82,"question_type":"multiple_choice","user_answer":"N/A","is_correct":false},{"question_id":142,"question_type":"multiple_choice","user_answer":"N/A","is_correct":false},{"question_id":122,"question_type":"multiple_choice","user_answer":"N/A","is_correct":false},{"question_id":54,"question_type":"multiple_choice","user_answer":"N/A","is_correct":false},{"question_id":96,"question_type":"multiple_choice","user_answer":"N/A","is_correct":false},{"question_id":102,"question_type":"multiple_choice","user_answer":"N/A","is_correct":false},{"question_id":180,"question_type":"multiple_choice","user_answer":"N/A","is_correct":false},{"question_id":109,"question_type":"multiple_choice","user_answer":"N/A","is_correct":false},{"question_id":167,"question_type":"multiple_choice","user_answer":"N/A","is_correct":false},{"question_id":120,"question_type":"multiple_choice","user_answer":"N/A","is_correct":false},{"question_id":136,"question_type":"multiple_choice","user_answer":"N/A","is_correct":false},{"question_id":172,"question_type":"multiple_choice","user_answer":"N/A","is_correct":false},{"question_id":107,"question_type":"multiple_choice","user_answer":"N/A","is_correct":false},{"question_id":92,"question_type":"multiple_choice","user_answer":"N/A","is_correct":false},{"question_id":88,"question_type":"multiple_choice","user_answer":"N/A","is_correct":false},{"question_id":186,"question_type":"multiple_choice","user_answer":"N/A","is_correct":false},{"question_id":95,"question_type":"multiple_choice","user_answer":"N/A","is_correct":false},{"question_id":197,"question_type":"multiple_choice","user_answer":"N/A","is_correct":false},{"question_id":161,"question_type":"multiple_choice","user_answer":"N/A","is_correct":false},{"question_id":81,"question_type":"multiple_choice","user_answer":"N/A","is_correct":false},{"question_id":69,"question_type":"multiple_choice","user_answer":"N/A","is_correct":false},{"question_id":173,"question_type":"multiple_choice","user_answer":"N/A","is_correct":false},{"question_id":178,"question_type":"multiple_choice","user_answer":"N/A","is_correct":false},{"question_id":85,"question_type":"multiple_choice","user_answer":"N/A","is_correct":false},{"question_id":124,"question_type":"multiple_choice","user_answer":"N/A","is_correct":false},{"question_id":193,"question_type":"multiple_choice","user_answer":"N/A","is_correct":false},{"question_id":164,"question_type":"multiple_choice","user_answer":"N/A","is_correct":false},{"question_id":152,"question_type":"multiple_choice","user_answer":"N/A","is_correct":false},{"question_id":66,"question_type":"multiple_choice","user_answer":"N/A","is_correct":false},{"question_id":64,"question_type":"multiple_choice","user_answer":"N/A","is_correct":false},{"question_id":125,"question_type":"multiple_choice","user_answer":"N/A","is_correct":false},{"question_id":163,"question_type":"multiple_choice","user_answer":"N/A","is_correct":false},{"question_id":175,"question_type":"multiple_choice","user_answer":"N/A","is_correct":false},{"question_id":77,"question_type":"multiple_choice","user_answer":"N/A","is_correct":false},{"question_id":57,"question_type":"multiple_choice","user_answer":"N/A","is_correct":false},{"question_id":123,"question_type":"multiple_choice","user_answer":"N/A","is_correct":false},{"question_id":196,"question_type":"multiple_choice","user_answer":"N/A","is_correct":false},{"question_id":182,"question_type":"multiple_choice","user_answer":"N/A","is_correct":false},{"question_id":145,"question_type":"multiple_choice","user_answer":"N/A","is_correct":false},{"question_id":68,"question_type":"multiple_choice","user_answer":"N/A","is_correct":false},{"question_id":112,"question_type":"multiple_choice","user_answer":"N/A","is_correct":false},{"question_id":59,"question_type":"multiple_choice","user_answer":"N/A","is_correct":false},{"question_id":181,"question_type":"multiple_choice","user_answer":"N/A","is_correct":false},{"question_id":104,"question_type":"multiple_choice","user_answer":"N/A","is_correct":false},{"question_id":119,"question_type":"multiple_choice","user_answer":"N/A","is_correct":false},{"question_id":146,"question_type":"multiple_choice","user_answer":"N/A","is_correct":false},{"question_id":165,"question_type":"multiple_choice","user_answer":"N/A","is_correct":false},{"question_id":98,"question_type":"multiple_choice","user_answer":"N/A","is_correct":false},{"question_id":106,"question_type":"multiple_choice","user_answer":"N/A","is_correct":false},{"question_id":162,"question_type":"multiple_choice","user_answer":"N/A","is_correct":false},{"question_id":189,"question_type":"multiple_choice","user_answer":"N/A","is_correct":false},{"question_id":72,"question_type":"multiple_choice","user_answer":"N/A","is_correct":false},{"question_id":128,"question_type":"multiple_choice","user_answer":"N/A","is_correct":false},{"question_id":117,"question_type":"multiple_choice","user_answer":"N/A","is_correct":false},{"question_id":144,"question_type":"multiple_choice","user_answer":"N/A","is_correct":false},{"question_id":151,"question_type":"multiple_choice","user_answer":"N/A","is_correct":false},{"question_id":195,"question_type":"multiple_choice","user_answer":"N/A","is_correct":false},{"question_id":177,"question_type":"multiple_choice","user_answer":"N/A","is_correct":false},{"question_id":139,"question_type":"multiple_choice","user_answer":"N/A","is_correct":false},{"question_id":87,"question_type":"multiple_choice","user_answer":"N/A","is_correct":false},{"question_id":74,"question_type":"multiple_choice","user_answer":"N/A","is_correct":false},{"question_id":89,"question_type":"multiple_choice","user_answer":"N/A","is_correct":false},{"question_id":110,"question_type":"multiple_choice","user_answer":"N/A","is_correct":false},{"question_id":141,"question_type":"multiple_choice","user_answer":"N/A","is_correct":false},{"question_id":138,"question_type":"multiple_choice","user_answer":"N/A","is_correct":false},{"question_id":157,"question_type":"multiple_choice","user_answer":"N/A","is_correct":false},{"question_id":187,"question_type":"multiple_choice","user_answer":"N/A","is_correct":false},{"question_id":71,"question_type":"multiple_choice","user_answer":"N/A","is_correct":false},{"question_id":116,"question_type":"multiple_choice","user_answer":"N/A","is_correct":false},{"question_id":118,"question_type":"multiple_choice","user_answer":"N/A","is_correct":false},{"question_id":169,"question_type":"multiple_choice","user_answer":"N/A","is_correct":false},{"question_id":171,"question_type":"multiple_choice","user_answer":"N/A","is_correct":false},{"question_id":156,"question_type":"multiple_choice","user_answer":"N/A","is_correct":false},{"question_id":160,"question_type":"multiple_choice","user_answer":"N/A","is_correct":false},{"question_id":73,"question_type":"multiple_choice","user_answer":"N/A","is_correct":false},{"question_id":126,"question_type":"multiple_choice","user_answer":"N/A","is_correct":false},{"question_id":183,"question_type":"multiple_choice","user_answer":"N/A","is_correct":false},{"question_id":55,"question_type":"multiple_choice","user_answer":"N/A","is_correct":false},{"question_id":174,"question_type":"multiple_choice","user_answer":"N/A","is_correct":false},{"question_id":168,"question_type":"multiple_choice","user_answer":"N/A","is_correct":false},{"question_id":149,"question_type":"multiple_choice","user_answer":"N/A","is_correct":false},{"question_id":56,"question_type":"multiple_choice","user_answer":"N/A","is_correct":false},{"question_id":94,"question_type":"multiple_choice","user_answer":"N/A","is_correct":false},{"question_id":131,"question_type":"multiple_choice","user_answer":"N/A","is_correct":false},{"question_id":93,"question_type":"multiple_choice","user_answer":"N/A","is_correct":false},{"question_id":61,"question_type":"multiple_choice","user_answer":"N/A","is_correct":false},{"question_id":53,"question_type":"multiple_choice","user_answer":"N/A","is_correct":false},{"question_id":194,"question_type":"multiple_choice","user_answer":"N/A","is_correct":false},{"question_id":83,"question_type":"multiple_choice","user_answer":"N/A","is_correct":false},{"question_id":75,"question_type":"multiple_choice","user_answer":"N/A","is_correct":false},{"question_id":58,"question_type":"multiple_choice","user_answer":"N/A","is_correct":false},{"question_id":80,"question_type":"multiple_choice","user_answer":"N/A","is_correct":false}],"tab_switch_count":4,"tab_switch_flagged":true,"tab_switch_log":[{"type":"window_blur","timestamp":"2025-12-13T15:13:19.952Z","question":1,"warning_number":1},{"type":"visibility_hidden","timestamp":"2025-12-13T15:13:19.966Z","question":1,"warning_number":2},{"type":"returned","timestamp":"2025-12-13T15:13:20.785Z","question":1},{"type":"window_blur","timestamp":"2025-12-13T15:13:28.522Z","question":1,"warning_number":3},{"type":"visibility_hidden","timestamp":"2025-12-13T15:13:28.532Z","question":1,"warning_number":4}],"time_expired":false}
[2025-12-13 23:14:19] Quiz Data: Array
(
    [user_id] => 1
    [book_id] => 11
    [total_questions] => 100
    [correct_answers] => 0
    [score_percentage] => 0
    [time_taken] => 62
    [responses] => Array
        (
            [0] => Array
                (
                    [question_id] => 127
                    [question_type] => multiple_choice
                    [user_answer] => N/A
                    [is_correct] => 
                )

            [1] => Array
                (
                    [question_id] => 70
                    [question_type] => multiple_choice
                    [user_answer] => N/A
                    [is_correct] => 
                )

            [2] => Array
                (
                    [question_id] => 86
                    [question_type] => multiple_choice
                    [user_answer] => N/A
                    [is_correct] => 
                )

            [3] => Array
                (
                    [question_id] => 84
                    [question_type] => multiple_choice
                    [user_answer] => N/A
                    [is_correct] => 
                )

            [4] => Array
                (
                    [question_id] => 114
                    [question_type] => multiple_choice
                    [user_answer] => N/A
                    [is_correct] => 
                )

            [5] => Array
                (
                    [question_id] => 198
                    [question_type] => multiple_choice
                    [user_answer] => N/A
                    [is_correct] => 
                )

            [6] => Array
                (
                    [question_id] => 190
                    [question_type] => multiple_choice
                    [user_answer] => N/A
                    [is_correct] => 
                )

            [7] => Array
                (
                    [question_id] => 166
                    [question_type] => multiple_choice
                    [user_answer] => N/A
                    [is_correct] => 
                )

            [8] => Array
                (
                    [question_id] => 82
                    [question_type] => multiple_choice
                    [user_answer] => N/A
                    [is_correct] => 
                )

            [9] => Array
                (
                    [question_id] => 142
                    [question_type] => multiple_choice
                    [user_answer] => N/A
                    [is_correct] => 
                )

            [10] => Array
                (
                    [question_id] => 122
                    [question_type] => multiple_choice
                    [user_answer] => N/A
                    [is_correct] => 
                )

            [11] => Array
                (
                    [question_id] => 54
                    [question_type] => multiple_choice
                    [user_answer] => N/A
                    [is_correct] => 
                )

            [12] => Array
                (
                    [question_id] => 96
                    [question_type] => multiple_choice
                    [user_answer] => N/A
                    [is_correct] => 
                )

            [13] => Array
                (
                    [question_id] => 102
                    [question_type] => multiple_choice
                    [user_answer] => N/A
                    [is_correct] => 
                )

            [14] => Array
                (
                    [question_id] => 180
                    [question_type] => multiple_choice
                    [user_answer] => N/A
                    [is_correct] => 
                )

            [15] => Array
                (
                    [question_id] => 109
                    [question_type] => multiple_choice
                    [user_answer] => N/A
                    [is_correct] => 
                )

            [16] => Array
                (
                    [question_id] => 167
                    [question_type] => multiple_choice
                    [user_answer] => N/A
                    [is_correct] => 
                )

            [17] => Array
                (
                    [question_id] => 120
                    [question_type] => multiple_choice
                    [user_answer] => N/A
                    [is_correct] => 
                )

            [18] => Array
                (
                    [question_id] => 136
                    [question_type] => multiple_choice
                    [user_answer] => N/A
                    [is_correct] => 
                )

            [19] => Array
                (
                    [question_id] => 172
                    [question_type] => multiple_choice
                    [user_answer] => N/A
                    [is_correct] => 
                )

            [20] => Array
                (
                    [question_id] => 107
                    [question_type] => multiple_choice
                    [user_answer] => N/A
                    [is_correct] => 
                )

            [21] => Array
                (
                    [question_id] => 92
                    [question_type] => multiple_choice
                    [user_answer] => N/A
                    [is_correct] => 
                )

            [22] => Array
                (
                    [question_id] => 88
                    [question_type] => multiple_choice
                    [user_answer] => N/A
                    [is_correct] => 
                )

            [23] => Array
                (
                    [question_id] => 186
                    [question_type] => multiple_choice
                    [user_answer] => N/A
                    [is_correct] => 
                )

            [24] => Array
                (
                    [question_id] => 95
                    [question_type] => multiple_choice
                    [user_answer] => N/A
                    [is_correct] => 
                )

            [25] => Array
                (
                    [question_id] => 197
                    [question_type] => multiple_choice
                    [user_answer] => N/A
                    [is_correct] => 
                )

            [26] => Array
                (
                    [question_id] => 161
                    [question_type] => multiple_choice
                    [user_answer] => N/A
                    [is_correct] => 
                )

            [27] => Array
                (
                    [question_id] => 81
                    [question_type] => multiple_choice
                    [user_answer] => N/A
                    [is_correct] => 
                )

            [28] => Array
                (
                    [question_id] => 69
                    [question_type] => multiple_choice
                    [user_answer] => N/A
                    [is_correct] => 
                )

            [29] => Array
                (
                    [question_id] => 173
                    [question_type] => multiple_choice
                    [user_answer] => N/A
                    [is_correct] => 
                )

            [30] => Array
                (
                    [question_id] => 178
                    [question_type] => multiple_choice
                    [user_answer] => N/A
                    [is_correct] => 
                )

            [31] => Array
                (
                    [question_id] => 85
                    [question_type] => multiple_choice
                    [user_answer] => N/A
                    [is_correct] => 
                )

            [32] => Array
                (
                    [question_id] => 124
                    [question_type] => multiple_choice
                    [user_answer] => N/A
                    [is_correct] => 
                )

            [33] => Array
                (
                    [question_id] => 193
                    [question_type] => multiple_choice
                    [user_answer] => N/A
                    [is_correct] => 
                )

            [34] => Array
                (
                    [question_id] => 164
                    [question_type] => multiple_choice
                    [user_answer] => N/A
                    [is_correct] => 
                )

            [35] => Array
                (
                    [question_id] => 152
                    [question_type] => multiple_choice
                    [user_answer] => N/A
                    [is_correct] => 
                )

            [36] => Array
                (
                    [question_id] => 66
                    [question_type] => multiple_choice
                    [user_answer] => N/A
                    [is_correct] => 
                )

            [37] => Array
                (
                    [question_id] => 64
                    [question_type] => multiple_choice
                    [user_answer] => N/A
                    [is_correct] => 
                )

            [38] => Array
                (
                    [question_id] => 125
                    [question_type] => multiple_choice
                    [user_answer] => N/A
                    [is_correct] => 
                )

            [39] => Array
                (
                    [question_id] => 163
                    [question_type] => multiple_choice
                    [user_answer] => N/A
                    [is_correct] => 
                )

            [40] => Array
                (
                    [question_id] => 175
                    [question_type] => multiple_choice
                    [user_answer] => N/A
                    [is_correct] => 
                )

            [41] => Array
                (
                    [question_id] => 77
                    [question_type] => multiple_choice
                    [user_answer] => N/A
                    [is_correct] => 
                )

            [42] => Array
                (
                    [question_id] => 57
                    [question_type] => multiple_choice
                    [user_answer] => N/A
                    [is_correct] => 
                )

            [43] => Array
                (
                    [question_id] => 123
                    [question_type] => multiple_choice
                    [user_answer] => N/A
                    [is_correct] => 
                )

            [44] => Array
                (
                    [question_id] => 196
                    [question_type] => multiple_choice
                    [user_answer] => N/A
                    [is_correct] => 
                )

            [45] => Array
                (
                    [question_id] => 182
                    [question_type] => multiple_choice
                    [user_answer] => N/A
                    [is_correct] => 
                )

            [46] => Array
                (
                    [question_id] => 145
                    [question_type] => multiple_choice
                    [user_answer] => N/A
                    [is_correct] => 
                )

            [47] => Array
                (
                    [question_id] => 68
                    [question_type] => multiple_choice
                    [user_answer] => N/A
                    [is_correct] => 
                )

            [48] => Array
                (
                    [question_id] => 112
                    [question_type] => multiple_choice
                    [user_answer] => N/A
                    [is_correct] => 
                )

            [49] => Array
                (
                    [question_id] => 59
                    [question_type] => multiple_choice
                    [user_answer] => N/A
                    [is_correct] => 
                )

            [50] => Array
                (
                    [question_id] => 181
                    [question_type] => multiple_choice
                    [user_answer] => N/A
                    [is_correct] => 
                )

            [51] => Array
                (
                    [question_id] => 104
                    [question_type] => multiple_choice
                    [user_answer] => N/A
                    [is_correct] => 
                )

            [52] => Array
                (
                    [question_id] => 119
                    [question_type] => multiple_choice
                    [user_answer] => N/A
                    [is_correct] => 
                )

            [53] => Array
                (
                    [question_id] => 146
                    [question_type] => multiple_choice
                    [user_answer] => N/A
                    [is_correct] => 
                )

            [54] => Array
                (
                    [question_id] => 165
                    [question_type] => multiple_choice
                    [user_answer] => N/A
                    [is_correct] => 
                )

            [55] => Array
                (
                    [question_id] => 98
                    [question_type] => multiple_choice
                    [user_answer] => N/A
                    [is_correct] => 
                )

            [56] => Array
                (
                    [question_id] => 106
                    [question_type] => multiple_choice
                    [user_answer] => N/A
                    [is_correct] => 
                )

            [57] => Array
                (
                    [question_id] => 162
                    [question_type] => multiple_choice
                    [user_answer] => N/A
                    [is_correct] => 
                )

            [58] => Array
                (
                    [question_id] => 189
                    [question_type] => multiple_choice
                    [user_answer] => N/A
                    [is_correct] => 
                )

            [59] => Array
                (
                    [question_id] => 72
                    [question_type] => multiple_choice
                    [user_answer] => N/A
                    [is_correct] => 
                )

            [60] => Array
                (
                    [question_id] => 128
                    [question_type] => multiple_choice
                    [user_answer] => N/A
                    [is_correct] => 
                )

            [61] => Array
                (
                    [question_id] => 117
                    [question_type] => multiple_choice
                    [user_answer] => N/A
                    [is_correct] => 
                )

            [62] => Array
                (
                    [question_id] => 144
                    [question_type] => multiple_choice
                    [user_answer] => N/A
                    [is_correct] => 
                )

            [63] => Array
                (
                    [question_id] => 151
                    [question_type] => multiple_choice
                    [user_answer] => N/A
                    [is_correct] => 
                )

            [64] => Array
                (
                    [question_id] => 195
                    [question_type] => multiple_choice
                    [user_answer] => N/A
                    [is_correct] => 
                )

            [65] => Array
                (
                    [question_id] => 177
                    [question_type] => multiple_choice
                    [user_answer] => N/A
                    [is_correct] => 
                )

            [66] => Array
                (
                    [question_id] => 139
                    [question_type] => multiple_choice
                    [user_answer] => N/A
                    [is_correct] => 
                )

            [67] => Array
                (
                    [question_id] => 87
                    [question_type] => multiple_choice
                    [user_answer] => N/A
                    [is_correct] => 
                )

            [68] => Array
                (
                    [question_id] => 74
                    [question_type] => multiple_choice
                    [user_answer] => N/A
                    [is_correct] => 
                )

            [69] => Array
                (
                    [question_id] => 89
                    [question_type] => multiple_choice
                    [user_answer] => N/A
                    [is_correct] => 
                )

            [70] => Array
                (
                    [question_id] => 110
                    [question_type] => multiple_choice
                    [user_answer] => N/A
                    [is_correct] => 
                )

            [71] => Array
                (
                    [question_id] => 141
                    [question_type] => multiple_choice
                    [user_answer] => N/A
                    [is_correct] => 
                )

            [72] => Array
                (
                    [question_id] => 138
                    [question_type] => multiple_choice
                    [user_answer] => N/A
                    [is_correct] => 
                )

            [73] => Array
                (
                    [question_id] => 157
                    [question_type] => multiple_choice
                    [user_answer] => N/A
                    [is_correct] => 
                )

            [74] => Array
                (
                    [question_id] => 187
                    [question_type] => multiple_choice
                    [user_answer] => N/A
                    [is_correct] => 
                )

            [75] => Array
                (
                    [question_id] => 71
                    [question_type] => multiple_choice
                    [user_answer] => N/A
                    [is_correct] => 
                )

            [76] => Array
                (
                    [question_id] => 116
                    [question_type] => multiple_choice
                    [user_answer] => N/A
                    [is_correct] => 
                )

            [77] => Array
                (
                    [question_id] => 118
                    [question_type] => multiple_choice
                    [user_answer] => N/A
                    [is_correct] => 
                )

            [78] => Array
                (
                    [question_id] => 169
                    [question_type] => multiple_choice
                    [user_answer] => N/A
                    [is_correct] => 
                )

            [79] => Array
                (
                    [question_id] => 171
                    [question_type] => multiple_choice
                    [user_answer] => N/A
                    [is_correct] => 
                )

            [80] => Array
                (
                    [question_id] => 156
                    [question_type] => multiple_choice
                    [user_answer] => N/A
                    [is_correct] => 
                )

            [81] => Array
                (
                    [question_id] => 160
                    [question_type] => multiple_choice
                    [user_answer] => N/A
                    [is_correct] => 
                )

            [82] => Array
                (
                    [question_id] => 73
                    [question_type] => multiple_choice
                    [user_answer] => N/A
                    [is_correct] => 
                )

            [83] => Array
                (
                    [question_id] => 126
                    [question_type] => multiple_choice
                    [user_answer] => N/A
                    [is_correct] => 
                )

            [84] => Array
                (
                    [question_id] => 183
                    [question_type] => multiple_choice
                    [user_answer] => N/A
                    [is_correct] => 
                )

            [85] => Array
                (
                    [question_id] => 55
                    [question_type] => multiple_choice
                    [user_answer] => N/A
                    [is_correct] => 
                )

            [86] => Array
                (
                    [question_id] => 174
                    [question_type] => multiple_choice
                    [user_answer] => N/A
                    [is_correct] => 
                )

            [87] => Array
                (
                    [question_id] => 168
                    [question_type] => multiple_choice
                    [user_answer] => N/A
                    [is_correct] => 
                )

            [88] => Array
                (
                    [question_id] => 149
                    [question_type] => multiple_choice
                    [user_answer] => N/A
                    [is_correct] => 
                )

            [89] => Array
                (
                    [question_id] => 56
                    [question_type] => multiple_choice
                    [user_answer] => N/A
                    [is_correct] => 
                )

            [90] => Array
                (
                    [question_id] => 94
                    [question_type] => multiple_choice
                    [user_answer] => N/A
                    [is_correct] => 
                )

            [91] => Array
                (
                    [question_id] => 131
                    [question_type] => multiple_choice
                    [user_answer] => N/A
                    [is_correct] => 
                )

            [92] => Array
                (
                    [question_id] => 93
                    [question_type] => multiple_choice
                    [user_answer] => N/A
                    [is_correct] => 
                )

            [93] => Array
                (
                    [question_id] => 61
                    [question_type] => multiple_choice
                    [user_answer] => N/A
                    [is_correct] => 
                )

            [94] => Array
                (
                    [question_id] => 53
                    [question_type] => multiple_choice
                    [user_answer] => N/A
                    [is_correct] => 
                )

            [95] => Array
                (
                    [question_id] => 194
                    [question_type] => multiple_choice
                    [user_answer] => N/A
                    [is_correct] => 
                )

            [96] => Array
                (
                    [question_id] => 83
                    [question_type] => multiple_choice
                    [user_answer] => N/A
                    [is_correct] => 
                )

            [97] => Array
                (
                    [question_id] => 75
                    [question_type] => multiple_choice
                    [user_answer] => N/A
                    [is_correct] => 
                )

            [98] => Array
                (
                    [question_id] => 58
                    [question_type] => multiple_choice
                    [user_answer] => N/A
                    [is_correct] => 
                )

            [99] => Array
                (
                    [question_id] => 80
                    [question_type] => multiple_choice
                    [user_answer] => N/A
                    [is_correct] => 
                )

        )

    [tab_switch_count] => 4
    [tab_switch_flagged] => 1
    [tab_switch_log] => Array
        (
            [0] => Array
                (
                    [type] => window_blur
                    [timestamp] => 2025-12-13T15:13:19.952Z
                    [question] => 1
                    [warning_number] => 1
                )

            [1] => Array
                (
                    [type] => visibility_hidden
                    [timestamp] => 2025-12-13T15:13:19.966Z
                    [question] => 1
                    [warning_number] => 2
                )

            [2] => Array
                (
                    [type] => returned
                    [timestamp] => 2025-12-13T15:13:20.785Z
                    [question] => 1
                )

            [3] => Array
                (
                    [type] => window_blur
                    [timestamp] => 2025-12-13T15:13:28.522Z
                    [question] => 1
                    [warning_number] => 3
                )

            [4] => Array
                (
                    [type] => visibility_hidden
                    [timestamp] => 2025-12-13T15:13:28.532Z
                    [question] => 1
                    [warning_number] => 4
                )

        )

    [time_expired] => 
)

[2025-12-13 23:14:19] Extracted data - User: 1, Book: 11, Score: 0/100 (0%)
[2025-12-13 23:14:19] Starting database operations...
[2025-12-13 23:14:19] Transaction started
[2025-12-13 23:14:19] User verified: Juan Dela Cruz
[2025-12-13 23:14:19] Book verified: One Piece: The Complete Adventure
[2025-12-13 23:14:19] Attempting to save quiz attempt...
[2025-12-13 23:14:19] Quiz attempt saved successfully! Attempt ID: 0
[2025-12-13 23:14:19] System log created
[2025-12-13 23:14:19] Is re-attempt: YES (Previous attempts: 1)
[2025-12-13 23:14:19] Books completed count (any attempt): 3
[2025-12-13 23:14:19] Average score: 13.3%
[2025-12-13 23:14:19] Processing rewards based on 3 books completed...
[2025-12-13 23:14:19] Checking reward: Pen Reward (requires 10 books)
[2025-12-13 23:14:19] Not enough books for reward: Pen Reward
[2025-12-13 23:14:19] Checking reward: Notebook Reward (requires 25 books)
[2025-12-13 23:14:19] Not enough books for reward: Notebook Reward
[2025-12-13 23:14:19] Checking reward: Drawing Materials (requires 50 books)
[2025-12-13 23:14:19] Not enough books for reward: Drawing Materials
[2025-12-13 23:14:19] Checking reward: School Supplies Bundle (requires 100 books)
[2025-12-13 23:14:19] Not enough books for reward: School Supplies Bundle
[2025-12-13 23:14:19] Total rewards earned: 0
[2025-12-13 23:14:19] ✅ Transaction committed successfully
[2025-12-13 23:14:19] Response data: Array
(
    [attempt_id] => 0
    [books_completed] => 3
    [average_score] => 13.3
    [rewards_earned] => 0
    [new_rewards] => Array
        (
        )

    [all_rewards] => Array
        (
        )

    [user_name] => Juan Dela Cruz
    [book_title] => One Piece: The Complete Adventure
    [passed] => 
    [is_reattempt] => 1
    [tab_switch_flagged] => 1
)

[2025-12-13 23:14:19] === Quiz Save Successful ===
[2025-12-13 23:19:25] === Quiz Save Request Started ===
[2025-12-13 23:19:25] User logged in: 1
[2025-12-13 23:19:25] Raw JSON: {"user_id":1,"book_id":11,"total_questions":100,"correct_answers":0,"score_percentage":0,"time_taken":303,"responses":[{"question_id":149,"question_type":"multiple_choice","user_answer":"C","is_correct":false},{"question_id":193,"question_type":"multiple_choice","user_answer":"C","is_correct":false},{"question_id":97,"question_type":"multiple_choice","user_answer":"C","is_correct":false},{"question_id":136,"question_type":"multiple_choice","user_answer":"N/A","is_correct":false},{"question_id":140,"question_type":"multiple_choice","user_answer":"N/A","is_correct":false},{"question_id":168,"question_type":"multiple_choice","user_answer":"N/A","is_correct":false},{"question_id":128,"question_type":"multiple_choice","user_answer":"N/A","is_correct":false},{"question_id":165,"question_type":"multiple_choice","user_answer":"N/A","is_correct":false},{"question_id":175,"question_type":"multiple_choice","user_answer":"N/A","is_correct":false},{"question_id":111,"question_type":"multiple_choice","user_answer":"N/A","is_correct":false},{"question_id":86,"question_type":"multiple_choice","user_answer":"N/A","is_correct":false},{"question_id":74,"question_type":"multiple_choice","user_answer":"N/A","is_correct":false},{"question_id":153,"question_type":"multiple_choice","user_answer":"N/A","is_correct":false},{"question_id":109,"question_type":"multiple_choice","user_answer":"N/A","is_correct":false},{"question_id":84,"question_type":"multiple_choice","user_answer":"N/A","is_correct":false},{"question_id":124,"question_type":"multiple_choice","user_answer":"N/A","is_correct":false},{"question_id":144,"question_type":"multiple_choice","user_answer":"N/A","is_correct":false},{"question_id":188,"question_type":"multiple_choice","user_answer":"N/A","is_correct":false},{"question_id":78,"question_type":"multiple_choice","user_answer":"N/A","is_correct":false},{"question_id":98,"question_type":"multiple_choice","user_answer":"N/A","is_correct":false},{"question_id":119,"question_type":"multiple_choice","user_answer":"N/A","is_correct":false},{"question_id":93,"question_type":"multiple_choice","user_answer":"N/A","is_correct":false},{"question_id":115,"question_type":"multiple_choice","user_answer":"N/A","is_correct":false},{"question_id":66,"question_type":"multiple_choice","user_answer":"N/A","is_correct":false},{"question_id":156,"question_type":"multiple_choice","user_answer":"N/A","is_correct":false},{"question_id":189,"question_type":"multiple_choice","user_answer":"N/A","is_correct":false},{"question_id":182,"question_type":"multiple_choice","user_answer":"N/A","is_correct":false},{"question_id":176,"question_type":"multiple_choice","user_answer":"N/A","is_correct":false},{"question_id":65,"question_type":"multiple_choice","user_answer":"N/A","is_correct":false},{"question_id":54,"question_type":"multiple_choice","user_answer":"N/A","is_correct":false},{"question_id":67,"question_type":"multiple_choice","user_answer":"N/A","is_correct":false},{"question_id":100,"question_type":"multiple_choice","user_answer":"N/A","is_correct":false},{"question_id":137,"question_type":"multiple_choice","user_answer":"N/A","is_correct":false},{"question_id":198,"question_type":"multiple_choice","user_answer":"N/A","is_correct":false},{"question_id":166,"question_type":"multiple_choice","user_answer":"N/A","is_correct":false},{"question_id":64,"question_type":"multiple_choice","user_answer":"N/A","is_correct":false},{"question_id":183,"question_type":"multiple_choice","user_answer":"N/A","is_correct":false},{"question_id":60,"question_type":"multiple_choice","user_answer":"N/A","is_correct":false},{"question_id":155,"question_type":"multiple_choice","user_answer":"N/A","is_correct":false},{"question_id":118,"question_type":"multiple_choice","user_answer":"N/A","is_correct":false},{"question_id":122,"question_type":"multiple_choice","user_answer":"N/A","is_correct":false},{"question_id":150,"question_type":"multiple_choice","user_answer":"N/A","is_correct":false},{"question_id":148,"question_type":"multiple_choice","user_answer":"N/A","is_correct":false},{"question_id":195,"question_type":"multiple_choice","user_answer":"N/A","is_correct":false},{"question_id":110,"question_type":"multiple_choice","user_answer":"N/A","is_correct":false},{"question_id":172,"question_type":"multiple_choice","user_answer":"N/A","is_correct":false},{"question_id":151,"question_type":"multiple_choice","user_answer":"N/A","is_correct":false},{"question_id":194,"question_type":"multiple_choice","user_answer":"N/A","is_correct":false},{"question_id":52,"question_type":"multiple_choice","user_answer":"N/A","is_correct":false},{"question_id":192,"question_type":"multiple_choice","user_answer":"N/A","is_correct":false},{"question_id":131,"question_type":"multiple_choice","user_answer":"N/A","is_correct":false},{"question_id":143,"question_type":"multiple_choice","user_answer":"N/A","is_correct":false},{"question_id":102,"question_type":"multiple_choice","user_answer":"N/A","is_correct":false},{"question_id":105,"question_type":"multiple_choice","user_answer":"N/A","is_correct":false},{"question_id":164,"question_type":"multiple_choice","user_answer":"N/A","is_correct":false},{"question_id":80,"question_type":"multiple_choice","user_answer":"N/A","is_correct":false},{"question_id":158,"question_type":"multiple_choice","user_answer":"N/A","is_correct":false},{"question_id":101,"question_type":"multiple_choice","user_answer":"N/A","is_correct":false},{"question_id":125,"question_type":"multiple_choice","user_answer":"N/A","is_correct":false},{"question_id":123,"question_type":"multiple_choice","user_answer":"N/A","is_correct":false},{"question_id":117,"question_type":"multiple_choice","user_answer":"N/A","is_correct":false},{"question_id":190,"question_type":"multiple_choice","user_answer":"N/A","is_correct":false},{"question_id":169,"question_type":"multiple_choice","user_answer":"N/A","is_correct":false},{"question_id":57,"question_type":"multiple_choice","user_answer":"N/A","is_correct":false},{"question_id":108,"question_type":"multiple_choice","user_answer":"N/A","is_correct":false},{"question_id":92,"question_type":"multiple_choice","user_answer":"N/A","is_correct":false},{"question_id":55,"question_type":"multiple_choice","user_answer":"N/A","is_correct":false},{"question_id":58,"question_type":"multiple_choice","user_answer":"N/A","is_correct":false},{"question_id":134,"question_type":"multiple_choice","user_answer":"N/A","is_correct":false},{"question_id":94,"question_type":"multiple_choice","user_answer":"N/A","is_correct":false},{"question_id":147,"question_type":"multiple_choice","user_answer":"N/A","is_correct":false},{"question_id":75,"question_type":"multiple_choice","user_answer":"N/A","is_correct":false},{"question_id":113,"question_type":"multiple_choice","user_answer":"N/A","is_correct":false},{"question_id":187,"question_type":"multiple_choice","user_answer":"N/A","is_correct":false},{"question_id":68,"question_type":"multiple_choice","user_answer":"N/A","is_correct":false},{"question_id":191,"question_type":"multiple_choice","user_answer":"N/A","is_correct":false},{"question_id":162,"question_type":"multiple_choice","user_answer":"N/A","is_correct":false},{"question_id":139,"question_type":"multiple_choice","user_answer":"N/A","is_correct":false},{"question_id":142,"question_type":"multiple_choice","user_answer":"N/A","is_correct":false},{"question_id":133,"question_type":"multiple_choice","user_answer":"N/A","is_correct":false},{"question_id":173,"question_type":"multiple_choice","user_answer":"N/A","is_correct":false},{"question_id":103,"question_type":"multiple_choice","user_answer":"N/A","is_correct":false},{"question_id":196,"question_type":"multiple_choice","user_answer":"N/A","is_correct":false},{"question_id":99,"question_type":"multiple_choice","user_answer":"N/A","is_correct":false},{"question_id":56,"question_type":"multiple_choice","user_answer":"N/A","is_correct":false},{"question_id":61,"question_type":"multiple_choice","user_answer":"N/A","is_correct":false},{"question_id":112,"question_type":"multiple_choice","user_answer":"N/A","is_correct":false},{"question_id":83,"question_type":"multiple_choice","user_answer":"N/A","is_correct":false},{"question_id":116,"question_type":"multiple_choice","user_answer":"N/A","is_correct":false},{"question_id":179,"question_type":"multiple_choice","user_answer":"N/A","is_correct":false},{"question_id":163,"question_type":"multiple_choice","user_answer":"N/A","is_correct":false},{"question_id":104,"question_type":"multiple_choice","user_answer":"N/A","is_correct":false},{"question_id":126,"question_type":"multiple_choice","user_answer":"N/A","is_correct":false},{"question_id":152,"question_type":"multiple_choice","user_answer":"N/A","is_correct":false},{"question_id":81,"question_type":"multiple_choice","user_answer":"N/A","is_correct":false},{"question_id":145,"question_type":"multiple_choice","user_answer":"N/A","is_correct":false},{"question_id":77,"question_type":"multiple_choice","user_answer":"N/A","is_correct":false},{"question_id":91,"question_type":"multiple_choice","user_answer":"N/A","is_correct":false},{"question_id":107,"question_type":"multiple_choice","user_answer":"N/A","is_correct":false},{"question_id":130,"question_type":"multiple_choice","user_answer":"N/A","is_correct":false}],"tab_switch_count":0,"tab_switch_flagged":false,"tab_switch_log":[],"time_expired":true}
[2025-12-13 23:19:25] Quiz Data: Array
(
    [user_id] => 1
    [book_id] => 11
    [total_questions] => 100
    [correct_answers] => 0
    [score_percentage] => 0
    [time_taken] => 303
    [responses] => Array
        (
            [0] => Array
                (
                    [question_id] => 149
                    [question_type] => multiple_choice
                    [user_answer] => C
                    [is_correct] => 
                )

            [1] => Array
                (
                    [question_id] => 193
                    [question_type] => multiple_choice
                    [user_answer] => C
                    [is_correct] => 
                )

            [2] => Array
                (
                    [question_id] => 97
                    [question_type] => multiple_choice
                    [user_answer] => C
                    [is_correct] => 
                )

            [3] => Array
                (
                    [question_id] => 136
                    [question_type] => multiple_choice
                    [user_answer] => N/A
                    [is_correct] => 
                )

            [4] => Array
                (
                    [question_id] => 140
                    [question_type] => multiple_choice
                    [user_answer] => N/A
                    [is_correct] => 
                )

            [5] => Array
                (
                    [question_id] => 168
                    [question_type] => multiple_choice
                    [user_answer] => N/A
                    [is_correct] => 
                )

            [6] => Array
                (
                    [question_id] => 128
                    [question_type] => multiple_choice
                    [user_answer] => N/A
                    [is_correct] => 
                )

            [7] => Array
                (
                    [question_id] => 165
                    [question_type] => multiple_choice
                    [user_answer] => N/A
                    [is_correct] => 
                )

            [8] => Array
                (
                    [question_id] => 175
                    [question_type] => multiple_choice
                    [user_answer] => N/A
                    [is_correct] => 
                )

            [9] => Array
                (
                    [question_id] => 111
                    [question_type] => multiple_choice
                    [user_answer] => N/A
                    [is_correct] => 
                )

            [10] => Array
                (
                    [question_id] => 86
                    [question_type] => multiple_choice
                    [user_answer] => N/A
                    [is_correct] => 
                )

            [11] => Array
                (
                    [question_id] => 74
                    [question_type] => multiple_choice
                    [user_answer] => N/A
                    [is_correct] => 
                )

            [12] => Array
                (
                    [question_id] => 153
                    [question_type] => multiple_choice
                    [user_answer] => N/A
                    [is_correct] => 
                )

            [13] => Array
                (
                    [question_id] => 109
                    [question_type] => multiple_choice
                    [user_answer] => N/A
                    [is_correct] => 
                )

            [14] => Array
                (
                    [question_id] => 84
                    [question_type] => multiple_choice
                    [user_answer] => N/A
                    [is_correct] => 
                )

            [15] => Array
                (
                    [question_id] => 124
                    [question_type] => multiple_choice
                    [user_answer] => N/A
                    [is_correct] => 
                )

            [16] => Array
                (
                    [question_id] => 144
                    [question_type] => multiple_choice
                    [user_answer] => N/A
                    [is_correct] => 
                )

            [17] => Array
                (
                    [question_id] => 188
                    [question_type] => multiple_choice
                    [user_answer] => N/A
                    [is_correct] => 
                )

            [18] => Array
                (
                    [question_id] => 78
                    [question_type] => multiple_choice
                    [user_answer] => N/A
                    [is_correct] => 
                )

            [19] => Array
                (
                    [question_id] => 98
                    [question_type] => multiple_choice
                    [user_answer] => N/A
                    [is_correct] => 
                )

            [20] => Array
                (
                    [question_id] => 119
                    [question_type] => multiple_choice
                    [user_answer] => N/A
                    [is_correct] => 
                )

            [21] => Array
                (
                    [question_id] => 93
                    [question_type] => multiple_choice
                    [user_answer] => N/A
                    [is_correct] => 
                )

            [22] => Array
                (
                    [question_id] => 115
                    [question_type] => multiple_choice
                    [user_answer] => N/A
                    [is_correct] => 
                )

            [23] => Array
                (
                    [question_id] => 66
                    [question_type] => multiple_choice
                    [user_answer] => N/A
                    [is_correct] => 
                )

            [24] => Array
                (
                    [question_id] => 156
                    [question_type] => multiple_choice
                    [user_answer] => N/A
                    [is_correct] => 
                )

            [25] => Array
                (
                    [question_id] => 189
                    [question_type] => multiple_choice
                    [user_answer] => N/A
                    [is_correct] => 
                )

            [26] => Array
                (
                    [question_id] => 182
                    [question_type] => multiple_choice
                    [user_answer] => N/A
                    [is_correct] => 
                )

            [27] => Array
                (
                    [question_id] => 176
                    [question_type] => multiple_choice
                    [user_answer] => N/A
                    [is_correct] => 
                )

            [28] => Array
                (
                    [question_id] => 65
                    [question_type] => multiple_choice
                    [user_answer] => N/A
                    [is_correct] => 
                )

            [29] => Array
                (
                    [question_id] => 54
                    [question_type] => multiple_choice
                    [user_answer] => N/A
                    [is_correct] => 
                )

            [30] => Array
                (
                    [question_id] => 67
                    [question_type] => multiple_choice
                    [user_answer] => N/A
                    [is_correct] => 
                )

            [31] => Array
                (
                    [question_id] => 100
                    [question_type] => multiple_choice
                    [user_answer] => N/A
                    [is_correct] => 
                )

            [32] => Array
                (
                    [question_id] => 137
                    [question_type] => multiple_choice
                    [user_answer] => N/A
                    [is_correct] => 
                )

            [33] => Array
                (
                    [question_id] => 198
                    [question_type] => multiple_choice
                    [user_answer] => N/A
                    [is_correct] => 
                )

            [34] => Array
                (
                    [question_id] => 166
                    [question_type] => multiple_choice
                    [user_answer] => N/A
                    [is_correct] => 
                )

            [35] => Array
                (
                    [question_id] => 64
                    [question_type] => multiple_choice
                    [user_answer] => N/A
                    [is_correct] => 
                )

            [36] => Array
                (
                    [question_id] => 183
                    [question_type] => multiple_choice
                    [user_answer] => N/A
                    [is_correct] => 
                )

            [37] => Array
                (
                    [question_id] => 60
                    [question_type] => multiple_choice
                    [user_answer] => N/A
                    [is_correct] => 
                )

            [38] => Array
                (
                    [question_id] => 155
                    [question_type] => multiple_choice
                    [user_answer] => N/A
                    [is_correct] => 
                )

            [39] => Array
                (
                    [question_id] => 118
                    [question_type] => multiple_choice
                    [user_answer] => N/A
                    [is_correct] => 
                )

            [40] => Array
                (
                    [question_id] => 122
                    [question_type] => multiple_choice
                    [user_answer] => N/A
                    [is_correct] => 
                )

            [41] => Array
                (
                    [question_id] => 150
                    [question_type] => multiple_choice
                    [user_answer] => N/A
                    [is_correct] => 
                )

            [42] => Array
                (
                    [question_id] => 148
                    [question_type] => multiple_choice
                    [user_answer] => N/A
                    [is_correct] => 
                )

            [43] => Array
                (
                    [question_id] => 195
                    [question_type] => multiple_choice
                    [user_answer] => N/A
                    [is_correct] => 
                )

            [44] => Array
                (
                    [question_id] => 110
                    [question_type] => multiple_choice
                    [user_answer] => N/A
                    [is_correct] => 
                )

            [45] => Array
                (
                    [question_id] => 172
                    [question_type] => multiple_choice
                    [user_answer] => N/A
                    [is_correct] => 
                )

            [46] => Array
                (
                    [question_id] => 151
                    [question_type] => multiple_choice
                    [user_answer] => N/A
                    [is_correct] => 
                )

            [47] => Array
                (
                    [question_id] => 194
                    [question_type] => multiple_choice
                    [user_answer] => N/A
                    [is_correct] => 
                )

            [48] => Array
                (
                    [question_id] => 52
                    [question_type] => multiple_choice
                    [user_answer] => N/A
                    [is_correct] => 
                )

            [49] => Array
                (
                    [question_id] => 192
                    [question_type] => multiple_choice
                    [user_answer] => N/A
                    [is_correct] => 
                )

            [50] => Array
                (
                    [question_id] => 131
                    [question_type] => multiple_choice
                    [user_answer] => N/A
                    [is_correct] => 
                )

            [51] => Array
                (
                    [question_id] => 143
                    [question_type] => multiple_choice
                    [user_answer] => N/A
                    [is_correct] => 
                )

            [52] => Array
                (
                    [question_id] => 102
                    [question_type] => multiple_choice
                    [user_answer] => N/A
                    [is_correct] => 
                )

            [53] => Array
                (
                    [question_id] => 105
                    [question_type] => multiple_choice
                    [user_answer] => N/A
                    [is_correct] => 
                )

            [54] => Array
                (
                    [question_id] => 164
                    [question_type] => multiple_choice
                    [user_answer] => N/A
                    [is_correct] => 
                )

            [55] => Array
                (
                    [question_id] => 80
                    [question_type] => multiple_choice
                    [user_answer] => N/A
                    [is_correct] => 
                )

            [56] => Array
                (
                    [question_id] => 158
                    [question_type] => multiple_choice
                    [user_answer] => N/A
                    [is_correct] => 
                )

            [57] => Array
                (
                    [question_id] => 101
                    [question_type] => multiple_choice
                    [user_answer] => N/A
                    [is_correct] => 
                )

            [58] => Array
                (
                    [question_id] => 125
                    [question_type] => multiple_choice
                    [user_answer] => N/A
                    [is_correct] => 
                )

            [59] => Array
                (
                    [question_id] => 123
                    [question_type] => multiple_choice
                    [user_answer] => N/A
                    [is_correct] => 
                )

            [60] => Array
                (
                    [question_id] => 117
                    [question_type] => multiple_choice
                    [user_answer] => N/A
                    [is_correct] => 
                )

            [61] => Array
                (
                    [question_id] => 190
                    [question_type] => multiple_choice
                    [user_answer] => N/A
                    [is_correct] => 
                )

            [62] => Array
                (
                    [question_id] => 169
                    [question_type] => multiple_choice
                    [user_answer] => N/A
                    [is_correct] => 
                )

            [63] => Array
                (
                    [question_id] => 57
                    [question_type] => multiple_choice
                    [user_answer] => N/A
                    [is_correct] => 
                )

            [64] => Array
                (
                    [question_id] => 108
                    [question_type] => multiple_choice
                    [user_answer] => N/A
                    [is_correct] => 
                )

            [65] => Array
                (
                    [question_id] => 92
                    [question_type] => multiple_choice
                    [user_answer] => N/A
                    [is_correct] => 
                )

            [66] => Array
                (
                    [question_id] => 55
                    [question_type] => multiple_choice
                    [user_answer] => N/A
                    [is_correct] => 
                )

            [67] => Array
                (
                    [question_id] => 58
                    [question_type] => multiple_choice
                    [user_answer] => N/A
                    [is_correct] => 
                )

            [68] => Array
                (
                    [question_id] => 134
                    [question_type] => multiple_choice
                    [user_answer] => N/A
                    [is_correct] => 
                )

            [69] => Array
                (
                    [question_id] => 94
                    [question_type] => multiple_choice
                    [user_answer] => N/A
                    [is_correct] => 
                )

            [70] => Array
                (
                    [question_id] => 147
                    [question_type] => multiple_choice
                    [user_answer] => N/A
                    [is_correct] => 
                )

            [71] => Array
                (
                    [question_id] => 75
                    [question_type] => multiple_choice
                    [user_answer] => N/A
                    [is_correct] => 
                )

            [72] => Array
                (
                    [question_id] => 113
                    [question_type] => multiple_choice
                    [user_answer] => N/A
                    [is_correct] => 
                )

            [73] => Array
                (
                    [question_id] => 187
                    [question_type] => multiple_choice
                    [user_answer] => N/A
                    [is_correct] => 
                )

            [74] => Array
                (
                    [question_id] => 68
                    [question_type] => multiple_choice
                    [user_answer] => N/A
                    [is_correct] => 
                )

            [75] => Array
                (
                    [question_id] => 191
                    [question_type] => multiple_choice
                    [user_answer] => N/A
                    [is_correct] => 
                )

            [76] => Array
                (
                    [question_id] => 162
                    [question_type] => multiple_choice
                    [user_answer] => N/A
                    [is_correct] => 
                )

            [77] => Array
                (
                    [question_id] => 139
                    [question_type] => multiple_choice
                    [user_answer] => N/A
                    [is_correct] => 
                )

            [78] => Array
                (
                    [question_id] => 142
                    [question_type] => multiple_choice
                    [user_answer] => N/A
                    [is_correct] => 
                )

            [79] => Array
                (
                    [question_id] => 133
                    [question_type] => multiple_choice
                    [user_answer] => N/A
                    [is_correct] => 
                )

            [80] => Array
                (
                    [question_id] => 173
                    [question_type] => multiple_choice
                    [user_answer] => N/A
                    [is_correct] => 
                )

            [81] => Array
                (
                    [question_id] => 103
                    [question_type] => multiple_choice
                    [user_answer] => N/A
                    [is_correct] => 
                )

            [82] => Array
                (
                    [question_id] => 196
                    [question_type] => multiple_choice
                    [user_answer] => N/A
                    [is_correct] => 
                )

            [83] => Array
                (
                    [question_id] => 99
                    [question_type] => multiple_choice
                    [user_answer] => N/A
                    [is_correct] => 
                )

            [84] => Array
                (
                    [question_id] => 56
                    [question_type] => multiple_choice
                    [user_answer] => N/A
                    [is_correct] => 
                )

            [85] => Array
                (
                    [question_id] => 61
                    [question_type] => multiple_choice
                    [user_answer] => N/A
                    [is_correct] => 
                )

            [86] => Array
                (
                    [question_id] => 112
                    [question_type] => multiple_choice
                    [user_answer] => N/A
                    [is_correct] => 
                )

            [87] => Array
                (
                    [question_id] => 83
                    [question_type] => multiple_choice
                    [user_answer] => N/A
                    [is_correct] => 
                )

            [88] => Array
                (
                    [question_id] => 116
                    [question_type] => multiple_choice
                    [user_answer] => N/A
                    [is_correct] => 
                )

            [89] => Array
                (
                    [question_id] => 179
                    [question_type] => multiple_choice
                    [user_answer] => N/A
                    [is_correct] => 
                )

            [90] => Array
                (
                    [question_id] => 163
                    [question_type] => multiple_choice
                    [user_answer] => N/A
                    [is_correct] => 
                )

            [91] => Array
                (
                    [question_id] => 104
                    [question_type] => multiple_choice
                    [user_answer] => N/A
                    [is_correct] => 
                )

            [92] => Array
                (
                    [question_id] => 126
                    [question_type] => multiple_choice
                    [user_answer] => N/A
                    [is_correct] => 
                )

            [93] => Array
                (
                    [question_id] => 152
                    [question_type] => multiple_choice
                    [user_answer] => N/A
                    [is_correct] => 
                )

            [94] => Array
                (
                    [question_id] => 81
                    [question_type] => multiple_choice
                    [user_answer] => N/A
                    [is_correct] => 
                )

            [95] => Array
                (
                    [question_id] => 145
                    [question_type] => multiple_choice
                    [user_answer] => N/A
                    [is_correct] => 
                )

            [96] => Array
                (
                    [question_id] => 77
                    [question_type] => multiple_choice
                    [user_answer] => N/A
                    [is_correct] => 
                )

            [97] => Array
                (
                    [question_id] => 91
                    [question_type] => multiple_choice
                    [user_answer] => N/A
                    [is_correct] => 
                )

            [98] => Array
                (
                    [question_id] => 107
                    [question_type] => multiple_choice
                    [user_answer] => N/A
                    [is_correct] => 
                )

            [99] => Array
                (
                    [question_id] => 130
                    [question_type] => multiple_choice
                    [user_answer] => N/A
                    [is_correct] => 
                )

        )

    [tab_switch_count] => 0
    [tab_switch_flagged] => 
    [tab_switch_log] => Array
        (
        )

    [time_expired] => 1
)

[2025-12-13 23:19:25] Extracted data - User: 1, Book: 11, Score: 0/100 (0%)
[2025-12-13 23:19:25] Starting database operations...
[2025-12-13 23:19:25] Transaction started
[2025-12-13 23:19:25] User verified: Juan Dela Cruz
[2025-12-13 23:19:25] Book verified: One Piece: The Complete Adventure
[2025-12-13 23:19:25] Attempting to save quiz attempt...
[2025-12-13 23:19:25] Quiz attempt saved successfully! Attempt ID: 0
[2025-12-13 23:19:25] System log created
[2025-12-13 23:19:25] Is re-attempt: YES (Previous attempts: 1)
[2025-12-13 23:19:25] Books completed count (any attempt): 3
[2025-12-13 23:19:25] Average score: 13.3%
[2025-12-13 23:19:25] Processing rewards based on 3 books completed...
[2025-12-13 23:19:25] Checking reward: Pen Reward (requires 10 books)
[2025-12-13 23:19:25] Not enough books for reward: Pen Reward
[2025-12-13 23:19:25] Checking reward: Notebook Reward (requires 25 books)
[2025-12-13 23:19:25] Not enough books for reward: Notebook Reward
[2025-12-13 23:19:25] Checking reward: Drawing Materials (requires 50 books)
[2025-12-13 23:19:25] Not enough books for reward: Drawing Materials
[2025-12-13 23:19:25] Checking reward: School Supplies Bundle (requires 100 books)
[2025-12-13 23:19:25] Not enough books for reward: School Supplies Bundle
[2025-12-13 23:19:25] Total rewards earned: 0
[2025-12-13 23:19:25] ✅ Transaction committed successfully
[2025-12-13 23:19:25] Response data: Array
(
    [attempt_id] => 0
    [books_completed] => 3
    [average_score] => 13.3
    [rewards_earned] => 0
    [new_rewards] => Array
        (
        )

    [all_rewards] => Array
        (
        )

    [user_name] => Juan Dela Cruz
    [book_title] => One Piece: The Complete Adventure
    [passed] => 
    [is_reattempt] => 1
    [tab_switch_flagged] => 
)

[2025-12-13 23:19:25] === Quiz Save Successful ===
[2025-12-14 03:30:41] === Quiz Save Request Started ===
[2025-12-14 03:30:41] User logged in: 2
[2025-12-14 03:30:41] Raw JSON: {"user_id":2,"book_id":1,"total_questions":5,"correct_answers":3,"score_percentage":60,"time_taken":344,"responses":[{"question_id":1,"question_type":"multiple_choice","user_answer":"A","is_correct":true},{"question_id":5,"question_type":"multiple_choice","user_answer":"B","is_correct":false},{"question_id":3,"question_type":"multiple_choice","user_answer":"C","is_correct":true},{"question_id":2,"question_type":"multiple_choice","user_answer":"B","is_correct":true},{"question_id":4,"question_type":"multiple_choice","user_answer":"C","is_correct":false}],"tab_switch_count":0,"tab_switch_flagged":false,"tab_switch_log":[],"time_expired":false}
[2025-12-14 03:30:41] Quiz Data: Array
(
    [user_id] => 2
    [book_id] => 1
    [total_questions] => 5
    [correct_answers] => 3
    [score_percentage] => 60
    [time_taken] => 344
    [responses] => Array
        (
            [0] => Array
                (
                    [question_id] => 1
                    [question_type] => multiple_choice
                    [user_answer] => A
                    [is_correct] => 1
                )

            [1] => Array
                (
                    [question_id] => 5
                    [question_type] => multiple_choice
                    [user_answer] => B
                    [is_correct] => 
                )

            [2] => Array
                (
                    [question_id] => 3
                    [question_type] => multiple_choice
                    [user_answer] => C
                    [is_correct] => 1
                )

            [3] => Array
                (
                    [question_id] => 2
                    [question_type] => multiple_choice
                    [user_answer] => B
                    [is_correct] => 1
                )

            [4] => Array
                (
                    [question_id] => 4
                    [question_type] => multiple_choice
                    [user_answer] => C
                    [is_correct] => 
                )

        )

    [tab_switch_count] => 0
    [tab_switch_flagged] => 
    [tab_switch_log] => Array
        (
        )

    [time_expired] => 
)

[2025-12-14 03:30:41] Extracted data - User: 2, Book: 1, Score: 3/5 (60%)
[2025-12-14 03:30:41] Starting database operations...
[2025-12-14 03:30:41] Transaction started
[2025-12-14 03:30:41] User verified: Maria Santos
[2025-12-14 03:30:41] Book verified: The Adventures of Tom Sawyer
[2025-12-14 03:30:41] Attempting to save quiz attempt...
[2025-12-14 03:30:41] Quiz attempt saved successfully! Attempt ID: 5
[2025-12-14 03:30:41] System log created
[2025-12-14 03:30:41] Is re-attempt: YES (Previous attempts: 1)
[2025-12-14 03:30:41] Books completed count (any attempt): 2
[2025-12-14 03:30:41] Average score: 30%
[2025-12-14 03:30:41] Processing rewards based on 2 books completed...
[2025-12-14 03:30:41] Checking reward: Pen Reward (requires 10 books)
[2025-12-14 03:30:41] Not enough books for reward: Pen Reward
[2025-12-14 03:30:41] Checking reward: Notebook Reward (requires 25 books)
[2025-12-14 03:30:41] Not enough books for reward: Notebook Reward
[2025-12-14 03:30:41] Checking reward: Drawing Materials (requires 50 books)
[2025-12-14 03:30:41] Not enough books for reward: Drawing Materials
[2025-12-14 03:30:41] Checking reward: School Supplies Bundle (requires 100 books)
[2025-12-14 03:30:41] Not enough books for reward: School Supplies Bundle
[2025-12-14 03:30:41] Total rewards earned: 0
[2025-12-14 03:30:41] ✅ Transaction committed successfully
[2025-12-14 03:30:41] Response data: Array
(
    [attempt_id] => 5
    [books_completed] => 2
    [average_score] => 30
    [rewards_earned] => 0
    [new_rewards] => Array
        (
        )

    [all_rewards] => Array
        (
        )

    [user_name] => Maria Santos
    [book_title] => The Adventures of Tom Sawyer
    [passed] => 
    [is_reattempt] => 1
    [tab_switch_flagged] => 
)

[2025-12-14 03:30:41] === Quiz Save Successful ===
[2025-12-14 14:07:41] === Quiz Save Request Started ===
[2025-12-14 14:07:41] User logged in: 2
[2025-12-14 14:07:41] Raw JSON: {"user_id":2,"book_id":11,"total_questions":100,"correct_answers":0,"score_percentage":0,"time_taken":20,"responses":[{"question_id":188,"question_type":"multiple_choice","user_answer":"B","is_correct":false},{"question_id":183,"question_type":"multiple_choice","user_answer":"N/A","is_correct":false},{"question_id":195,"question_type":"multiple_choice","user_answer":"N/A","is_correct":false},{"question_id":170,"question_type":"multiple_choice","user_answer":"N/A","is_correct":false},{"question_id":165,"question_type":"multiple_choice","user_answer":"N/A","is_correct":false},{"question_id":129,"question_type":"multiple_choice","user_answer":"N/A","is_correct":false},{"question_id":182,"question_type":"multiple_choice","user_answer":"N/A","is_correct":false},{"question_id":70,"question_type":"multiple_choice","user_answer":"N/A","is_correct":false},{"question_id":198,"question_type":"multiple_choice","user_answer":"N/A","is_correct":false},{"question_id":163,"question_type":"multiple_choice","user_answer":"N/A","is_correct":false},{"question_id":178,"question_type":"multiple_choice","user_answer":"N/A","is_correct":false},{"question_id":61,"question_type":"multiple_choice","user_answer":"N/A","is_correct":false},{"question_id":132,"question_type":"multiple_choice","user_answer":"N/A","is_correct":false},{"question_id":145,"question_type":"multiple_choice","user_answer":"N/A","is_correct":false},{"question_id":110,"question_type":"multiple_choice","user_answer":"N/A","is_correct":false},{"question_id":80,"question_type":"multiple_choice","user_answer":"N/A","is_correct":false},{"question_id":119,"question_type":"multiple_choice","user_answer":"N/A","is_correct":false},{"question_id":179,"question_type":"multiple_choice","user_answer":"N/A","is_correct":false},{"question_id":84,"question_type":"multiple_choice","user_answer":"N/A","is_correct":false},{"question_id":114,"question_type":"multiple_choice","user_answer":"N/A","is_correct":false},{"question_id":105,"question_type":"multiple_choice","user_answer":"N/A","is_correct":false},{"question_id":91,"question_type":"multiple_choice","user_answer":"N/A","is_correct":false},{"question_id":52,"question_type":"multiple_choice","user_answer":"N/A","is_correct":false},{"question_id":130,"question_type":"multiple_choice","user_answer":"N/A","is_correct":false},{"question_id":96,"question_type":"multiple_choice","user_answer":"N/A","is_correct":false},{"question_id":115,"question_type":"multiple_choice","user_answer":"N/A","is_correct":false},{"question_id":88,"question_type":"multiple_choice","user_answer":"N/A","is_correct":false},{"question_id":154,"question_type":"multiple_choice","user_answer":"N/A","is_correct":false},{"question_id":139,"question_type":"multiple_choice","user_answer":"N/A","is_correct":false},{"question_id":187,"question_type":"multiple_choice","user_answer":"N/A","is_correct":false},{"question_id":74,"question_type":"multiple_choice","user_answer":"N/A","is_correct":false},{"question_id":189,"question_type":"multiple_choice","user_answer":"N/A","is_correct":false},{"question_id":138,"question_type":"multiple_choice","user_answer":"N/A","is_correct":false},{"question_id":164,"question_type":"multiple_choice","user_answer":"N/A","is_correct":false},{"question_id":125,"question_type":"multiple_choice","user_answer":"N/A","is_correct":false},{"question_id":120,"question_type":"multiple_choice","user_answer":"N/A","is_correct":false},{"question_id":53,"question_type":"multiple_choice","user_answer":"N/A","is_correct":false},{"question_id":109,"question_type":"multiple_choice","user_answer":"N/A","is_correct":false},{"question_id":75,"question_type":"multiple_choice","user_answer":"N/A","is_correct":false},{"question_id":194,"question_type":"multiple_choice","user_answer":"N/A","is_correct":false},{"question_id":98,"question_type":"multiple_choice","user_answer":"N/A","is_correct":false},{"question_id":190,"question_type":"multiple_choice","user_answer":"N/A","is_correct":false},{"question_id":196,"question_type":"multiple_choice","user_answer":"N/A","is_correct":false},{"question_id":86,"question_type":"multiple_choice","user_answer":"N/A","is_correct":false},{"question_id":161,"question_type":"multiple_choice","user_answer":"N/A","is_correct":false},{"question_id":103,"question_type":"multiple_choice","user_answer":"N/A","is_correct":false},{"question_id":57,"question_type":"multiple_choice","user_answer":"N/A","is_correct":false},{"question_id":137,"question_type":"multiple_choice","user_answer":"N/A","is_correct":false},{"question_id":141,"question_type":"multiple_choice","user_answer":"N/A","is_correct":false},{"question_id":180,"question_type":"multiple_choice","user_answer":"N/A","is_correct":false},{"question_id":128,"question_type":"multiple_choice","user_answer":"N/A","is_correct":false},{"question_id":197,"question_type":"multiple_choice","user_answer":"N/A","is_correct":false},{"question_id":133,"question_type":"multiple_choice","user_answer":"N/A","is_correct":false},{"question_id":162,"question_type":"multiple_choice","user_answer":"N/A","is_correct":false},{"question_id":90,"question_type":"multiple_choice","user_answer":"N/A","is_correct":false},{"question_id":159,"question_type":"multiple_choice","user_answer":"N/A","is_correct":false},{"question_id":169,"question_type":"multiple_choice","user_answer":"N/A","is_correct":false},{"question_id":140,"question_type":"multiple_choice","user_answer":"N/A","is_correct":false},{"question_id":83,"question_type":"multiple_choice","user_answer":"N/A","is_correct":false},{"question_id":166,"question_type":"multiple_choice","user_answer":"N/A","is_correct":false},{"question_id":104,"question_type":"multiple_choice","user_answer":"N/A","is_correct":false},{"question_id":101,"question_type":"multiple_choice","user_answer":"N/A","is_correct":false},{"question_id":78,"question_type":"multiple_choice","user_answer":"N/A","is_correct":false},{"question_id":64,"question_type":"multiple_choice","user_answer":"N/A","is_correct":false},{"question_id":181,"question_type":"multiple_choice","user_answer":"N/A","is_correct":false},{"question_id":112,"question_type":"multiple_choice","user_answer":"N/A","is_correct":false},{"question_id":116,"question_type":"multiple_choice","user_answer":"N/A","is_correct":false},{"question_id":147,"question_type":"multiple_choice","user_answer":"N/A","is_correct":false},{"question_id":55,"question_type":"multiple_choice","user_answer":"N/A","is_correct":false},{"question_id":177,"question_type":"multiple_choice","user_answer":"N/A","is_correct":false},{"question_id":77,"question_type":"multiple_choice","user_answer":"N/A","is_correct":false},{"question_id":59,"question_type":"multiple_choice","user_answer":"N/A","is_correct":false},{"question_id":153,"question_type":"multiple_choice","user_answer":"N/A","is_correct":false},{"question_id":185,"question_type":"multiple_choice","user_answer":"N/A","is_correct":false},{"question_id":58,"question_type":"multiple_choice","user_answer":"N/A","is_correct":false},{"question_id":149,"question_type":"multiple_choice","user_answer":"N/A","is_correct":false},{"question_id":107,"question_type":"multiple_choice","user_answer":"N/A","is_correct":false},{"question_id":99,"question_type":"multiple_choice","user_answer":"N/A","is_correct":false},{"question_id":142,"question_type":"multiple_choice","user_answer":"N/A","is_correct":false},{"question_id":173,"question_type":"multiple_choice","user_answer":"N/A","is_correct":false},{"question_id":85,"question_type":"multiple_choice","user_answer":"N/A","is_correct":false},{"question_id":72,"question_type":"multiple_choice","user_answer":"N/A","is_correct":false},{"question_id":192,"question_type":"multiple_choice","user_answer":"N/A","is_correct":false},{"question_id":127,"question_type":"multiple_choice","user_answer":"N/A","is_correct":false},{"question_id":81,"question_type":"multiple_choice","user_answer":"N/A","is_correct":false},{"question_id":89,"question_type":"multiple_choice","user_answer":"N/A","is_correct":false},{"question_id":106,"question_type":"multiple_choice","user_answer":"N/A","is_correct":false},{"question_id":144,"question_type":"multiple_choice","user_answer":"N/A","is_correct":false},{"question_id":117,"question_type":"multiple_choice","user_answer":"N/A","is_correct":false},{"question_id":134,"question_type":"multiple_choice","user_answer":"N/A","is_correct":false},{"question_id":143,"question_type":"multiple_choice","user_answer":"N/A","is_correct":false},{"question_id":82,"question_type":"multiple_choice","user_answer":"N/A","is_correct":false},{"question_id":150,"question_type":"multiple_choice","user_answer":"N/A","is_correct":false},{"question_id":95,"question_type":"multiple_choice","user_answer":"N/A","is_correct":false},{"question_id":76,"question_type":"multiple_choice","user_answer":"N/A","is_correct":false},{"question_id":168,"question_type":"multiple_choice","user_answer":"N/A","is_correct":false},{"question_id":174,"question_type":"multiple_choice","user_answer":"N/A","is_correct":false},{"question_id":79,"question_type":"multiple_choice","user_answer":"N/A","is_correct":false},{"question_id":172,"question_type":"multiple_choice","user_answer":"N/A","is_correct":false},{"question_id":191,"question_type":"multiple_choice","user_answer":"A","is_correct":false}],"tab_switch_count":0,"tab_switch_flagged":false,"tab_switch_log":[],"time_expired":false}
[2025-12-14 14:07:41] Quiz Data: Array
(
    [user_id] => 2
    [book_id] => 11
    [total_questions] => 100
    [correct_answers] => 0
    [score_percentage] => 0
    [time_taken] => 20
    [responses] => Array
        (
            [0] => Array
                (
                    [question_id] => 188
                    [question_type] => multiple_choice
                    [user_answer] => B
                    [is_correct] => 
                )

            [1] => Array
                (
                    [question_id] => 183
                    [question_type] => multiple_choice
                    [user_answer] => N/A
                    [is_correct] => 
                )

            [2] => Array
                (
                    [question_id] => 195
                    [question_type] => multiple_choice
                    [user_answer] => N/A
                    [is_correct] => 
                )

            [3] => Array
                (
                    [question_id] => 170
                    [question_type] => multiple_choice
                    [user_answer] => N/A
                    [is_correct] => 
                )

            [4] => Array
                (
                    [question_id] => 165
                    [question_type] => multiple_choice
                    [user_answer] => N/A
                    [is_correct] => 
                )

            [5] => Array
                (
                    [question_id] => 129
                    [question_type] => multiple_choice
                    [user_answer] => N/A
                    [is_correct] => 
                )

            [6] => Array
                (
                    [question_id] => 182
                    [question_type] => multiple_choice
                    [user_answer] => N/A
                    [is_correct] => 
                )

            [7] => Array
                (
                    [question_id] => 70
                    [question_type] => multiple_choice
                    [user_answer] => N/A
                    [is_correct] => 
                )

            [8] => Array
                (
                    [question_id] => 198
                    [question_type] => multiple_choice
                    [user_answer] => N/A
                    [is_correct] => 
                )

            [9] => Array
                (
                    [question_id] => 163
                    [question_type] => multiple_choice
                    [user_answer] => N/A
                    [is_correct] => 
                )

            [10] => Array
                (
                    [question_id] => 178
                    [question_type] => multiple_choice
                    [user_answer] => N/A
                    [is_correct] => 
                )

            [11] => Array
                (
                    [question_id] => 61
                    [question_type] => multiple_choice
                    [user_answer] => N/A
                    [is_correct] => 
                )

            [12] => Array
                (
                    [question_id] => 132
                    [question_type] => multiple_choice
                    [user_answer] => N/A
                    [is_correct] => 
                )

            [13] => Array
                (
                    [question_id] => 145
                    [question_type] => multiple_choice
                    [user_answer] => N/A
                    [is_correct] => 
                )

            [14] => Array
                (
                    [question_id] => 110
                    [question_type] => multiple_choice
                    [user_answer] => N/A
                    [is_correct] => 
                )

            [15] => Array
                (
                    [question_id] => 80
                    [question_type] => multiple_choice
                    [user_answer] => N/A
                    [is_correct] => 
                )

            [16] => Array
                (
                    [question_id] => 119
                    [question_type] => multiple_choice
                    [user_answer] => N/A
                    [is_correct] => 
                )

            [17] => Array
                (
                    [question_id] => 179
                    [question_type] => multiple_choice
                    [user_answer] => N/A
                    [is_correct] => 
                )

            [18] => Array
                (
                    [question_id] => 84
                    [question_type] => multiple_choice
                    [user_answer] => N/A
                    [is_correct] => 
                )

            [19] => Array
                (
                    [question_id] => 114
                    [question_type] => multiple_choice
                    [user_answer] => N/A
                    [is_correct] => 
                )

            [20] => Array
                (
                    [question_id] => 105
                    [question_type] => multiple_choice
                    [user_answer] => N/A
                    [is_correct] => 
                )

            [21] => Array
                (
                    [question_id] => 91
                    [question_type] => multiple_choice
                    [user_answer] => N/A
                    [is_correct] => 
                )

            [22] => Array
                (
                    [question_id] => 52
                    [question_type] => multiple_choice
                    [user_answer] => N/A
                    [is_correct] => 
                )

            [23] => Array
                (
                    [question_id] => 130
                    [question_type] => multiple_choice
                    [user_answer] => N/A
                    [is_correct] => 
                )

            [24] => Array
                (
                    [question_id] => 96
                    [question_type] => multiple_choice
                    [user_answer] => N/A
                    [is_correct] => 
                )

            [25] => Array
                (
                    [question_id] => 115
                    [question_type] => multiple_choice
                    [user_answer] => N/A
                    [is_correct] => 
                )

            [26] => Array
                (
                    [question_id] => 88
                    [question_type] => multiple_choice
                    [user_answer] => N/A
                    [is_correct] => 
                )

            [27] => Array
                (
                    [question_id] => 154
                    [question_type] => multiple_choice
                    [user_answer] => N/A
                    [is_correct] => 
                )

            [28] => Array
                (
                    [question_id] => 139
                    [question_type] => multiple_choice
                    [user_answer] => N/A
                    [is_correct] => 
                )

            [29] => Array
                (
                    [question_id] => 187
                    [question_type] => multiple_choice
                    [user_answer] => N/A
                    [is_correct] => 
                )

            [30] => Array
                (
                    [question_id] => 74
                    [question_type] => multiple_choice
                    [user_answer] => N/A
                    [is_correct] => 
                )

            [31] => Array
                (
                    [question_id] => 189
                    [question_type] => multiple_choice
                    [user_answer] => N/A
                    [is_correct] => 
                )

            [32] => Array
                (
                    [question_id] => 138
                    [question_type] => multiple_choice
                    [user_answer] => N/A
                    [is_correct] => 
                )

            [33] => Array
                (
                    [question_id] => 164
                    [question_type] => multiple_choice
                    [user_answer] => N/A
                    [is_correct] => 
                )

            [34] => Array
                (
                    [question_id] => 125
                    [question_type] => multiple_choice
                    [user_answer] => N/A
                    [is_correct] => 
                )

            [35] => Array
                (
                    [question_id] => 120
                    [question_type] => multiple_choice
                    [user_answer] => N/A
                    [is_correct] => 
                )

            [36] => Array
                (
                    [question_id] => 53
                    [question_type] => multiple_choice
                    [user_answer] => N/A
                    [is_correct] => 
                )

            [37] => Array
                (
                    [question_id] => 109
                    [question_type] => multiple_choice
                    [user_answer] => N/A
                    [is_correct] => 
                )

            [38] => Array
                (
                    [question_id] => 75
                    [question_type] => multiple_choice
                    [user_answer] => N/A
                    [is_correct] => 
                )

            [39] => Array
                (
                    [question_id] => 194
                    [question_type] => multiple_choice
                    [user_answer] => N/A
                    [is_correct] => 
                )

            [40] => Array
                (
                    [question_id] => 98
                    [question_type] => multiple_choice
                    [user_answer] => N/A
                    [is_correct] => 
                )

            [41] => Array
                (
                    [question_id] => 190
                    [question_type] => multiple_choice
                    [user_answer] => N/A
                    [is_correct] => 
                )

            [42] => Array
                (
                    [question_id] => 196
                    [question_type] => multiple_choice
                    [user_answer] => N/A
                    [is_correct] => 
                )

            [43] => Array
                (
                    [question_id] => 86
                    [question_type] => multiple_choice
                    [user_answer] => N/A
                    [is_correct] => 
                )

            [44] => Array
                (
                    [question_id] => 161
                    [question_type] => multiple_choice
                    [user_answer] => N/A
                    [is_correct] => 
                )

            [45] => Array
                (
                    [question_id] => 103
                    [question_type] => multiple_choice
                    [user_answer] => N/A
                    [is_correct] => 
                )

            [46] => Array
                (
                    [question_id] => 57
                    [question_type] => multiple_choice
                    [user_answer] => N/A
                    [is_correct] => 
                )

            [47] => Array
                (
                    [question_id] => 137
                    [question_type] => multiple_choice
                    [user_answer] => N/A
                    [is_correct] => 
                )

            [48] => Array
                (
                    [question_id] => 141
                    [question_type] => multiple_choice
                    [user_answer] => N/A
                    [is_correct] => 
                )

            [49] => Array
                (
                    [question_id] => 180
                    [question_type] => multiple_choice
                    [user_answer] => N/A
                    [is_correct] => 
                )

            [50] => Array
                (
                    [question_id] => 128
                    [question_type] => multiple_choice
                    [user_answer] => N/A
                    [is_correct] => 
                )

            [51] => Array
                (
                    [question_id] => 197
                    [question_type] => multiple_choice
                    [user_answer] => N/A
                    [is_correct] => 
                )

            [52] => Array
                (
                    [question_id] => 133
                    [question_type] => multiple_choice
                    [user_answer] => N/A
                    [is_correct] => 
                )

            [53] => Array
                (
                    [question_id] => 162
                    [question_type] => multiple_choice
                    [user_answer] => N/A
                    [is_correct] => 
                )

            [54] => Array
                (
                    [question_id] => 90
                    [question_type] => multiple_choice
                    [user_answer] => N/A
                    [is_correct] => 
                )

            [55] => Array
                (
                    [question_id] => 159
                    [question_type] => multiple_choice
                    [user_answer] => N/A
                    [is_correct] => 
                )

            [56] => Array
                (
                    [question_id] => 169
                    [question_type] => multiple_choice
                    [user_answer] => N/A
                    [is_correct] => 
                )

            [57] => Array
                (
                    [question_id] => 140
                    [question_type] => multiple_choice
                    [user_answer] => N/A
                    [is_correct] => 
                )

            [58] => Array
                (
                    [question_id] => 83
                    [question_type] => multiple_choice
                    [user_answer] => N/A
                    [is_correct] => 
                )

            [59] => Array
                (
                    [question_id] => 166
                    [question_type] => multiple_choice
                    [user_answer] => N/A
                    [is_correct] => 
                )

            [60] => Array
                (
                    [question_id] => 104
                    [question_type] => multiple_choice
                    [user_answer] => N/A
                    [is_correct] => 
                )

            [61] => Array
                (
                    [question_id] => 101
                    [question_type] => multiple_choice
                    [user_answer] => N/A
                    [is_correct] => 
                )

            [62] => Array
                (
                    [question_id] => 78
                    [question_type] => multiple_choice
                    [user_answer] => N/A
                    [is_correct] => 
                )

            [63] => Array
                (
                    [question_id] => 64
                    [question_type] => multiple_choice
                    [user_answer] => N/A
                    [is_correct] => 
                )

            [64] => Array
                (
                    [question_id] => 181
                    [question_type] => multiple_choice
                    [user_answer] => N/A
                    [is_correct] => 
                )

            [65] => Array
                (
                    [question_id] => 112
                    [question_type] => multiple_choice
                    [user_answer] => N/A
                    [is_correct] => 
                )

            [66] => Array
                (
                    [question_id] => 116
                    [question_type] => multiple_choice
                    [user_answer] => N/A
                    [is_correct] => 
                )

            [67] => Array
                (
                    [question_id] => 147
                    [question_type] => multiple_choice
                    [user_answer] => N/A
                    [is_correct] => 
                )

            [68] => Array
                (
                    [question_id] => 55
                    [question_type] => multiple_choice
                    [user_answer] => N/A
                    [is_correct] => 
                )

            [69] => Array
                (
                    [question_id] => 177
                    [question_type] => multiple_choice
                    [user_answer] => N/A
                    [is_correct] => 
                )

            [70] => Array
                (
                    [question_id] => 77
                    [question_type] => multiple_choice
                    [user_answer] => N/A
                    [is_correct] => 
                )

            [71] => Array
                (
                    [question_id] => 59
                    [question_type] => multiple_choice
                    [user_answer] => N/A
                    [is_correct] => 
                )

            [72] => Array
                (
                    [question_id] => 153
                    [question_type] => multiple_choice
                    [user_answer] => N/A
                    [is_correct] => 
                )

            [73] => Array
                (
                    [question_id] => 185
                    [question_type] => multiple_choice
                    [user_answer] => N/A
                    [is_correct] => 
                )

            [74] => Array
                (
                    [question_id] => 58
                    [question_type] => multiple_choice
                    [user_answer] => N/A
                    [is_correct] => 
                )

            [75] => Array
                (
                    [question_id] => 149
                    [question_type] => multiple_choice
                    [user_answer] => N/A
                    [is_correct] => 
                )

            [76] => Array
                (
                    [question_id] => 107
                    [question_type] => multiple_choice
                    [user_answer] => N/A
                    [is_correct] => 
                )

            [77] => Array
                (
                    [question_id] => 99
                    [question_type] => multiple_choice
                    [user_answer] => N/A
                    [is_correct] => 
                )

            [78] => Array
                (
                    [question_id] => 142
                    [question_type] => multiple_choice
                    [user_answer] => N/A
                    [is_correct] => 
                )

            [79] => Array
                (
                    [question_id] => 173
                    [question_type] => multiple_choice
                    [user_answer] => N/A
                    [is_correct] => 
                )

            [80] => Array
                (
                    [question_id] => 85
                    [question_type] => multiple_choice
                    [user_answer] => N/A
                    [is_correct] => 
                )

            [81] => Array
                (
                    [question_id] => 72
                    [question_type] => multiple_choice
                    [user_answer] => N/A
                    [is_correct] => 
                )

            [82] => Array
                (
                    [question_id] => 192
                    [question_type] => multiple_choice
                    [user_answer] => N/A
                    [is_correct] => 
                )

            [83] => Array
                (
                    [question_id] => 127
                    [question_type] => multiple_choice
                    [user_answer] => N/A
                    [is_correct] => 
                )

            [84] => Array
                (
                    [question_id] => 81
                    [question_type] => multiple_choice
                    [user_answer] => N/A
                    [is_correct] => 
                )

            [85] => Array
                (
                    [question_id] => 89
                    [question_type] => multiple_choice
                    [user_answer] => N/A
                    [is_correct] => 
                )

            [86] => Array
                (
                    [question_id] => 106
                    [question_type] => multiple_choice
                    [user_answer] => N/A
                    [is_correct] => 
                )

            [87] => Array
                (
                    [question_id] => 144
                    [question_type] => multiple_choice
                    [user_answer] => N/A
                    [is_correct] => 
                )

            [88] => Array
                (
                    [question_id] => 117
                    [question_type] => multiple_choice
                    [user_answer] => N/A
                    [is_correct] => 
                )

            [89] => Array
                (
                    [question_id] => 134
                    [question_type] => multiple_choice
                    [user_answer] => N/A
                    [is_correct] => 
                )

            [90] => Array
                (
                    [question_id] => 143
                    [question_type] => multiple_choice
                    [user_answer] => N/A
                    [is_correct] => 
                )

            [91] => Array
                (
                    [question_id] => 82
                    [question_type] => multiple_choice
                    [user_answer] => N/A
                    [is_correct] => 
                )

            [92] => Array
                (
                    [question_id] => 150
                    [question_type] => multiple_choice
                    [user_answer] => N/A
                    [is_correct] => 
                )

            [93] => Array
                (
                    [question_id] => 95
                    [question_type] => multiple_choice
                    [user_answer] => N/A
                    [is_correct] => 
                )

            [94] => Array
                (
                    [question_id] => 76
                    [question_type] => multiple_choice
                    [user_answer] => N/A
                    [is_correct] => 
                )

            [95] => Array
                (
                    [question_id] => 168
                    [question_type] => multiple_choice
                    [user_answer] => N/A
                    [is_correct] => 
                )

            [96] => Array
                (
                    [question_id] => 174
                    [question_type] => multiple_choice
                    [user_answer] => N/A
                    [is_correct] => 
                )

            [97] => Array
                (
                    [question_id] => 79
                    [question_type] => multiple_choice
                    [user_answer] => N/A
                    [is_correct] => 
                )

            [98] => Array
                (
                    [question_id] => 172
                    [question_type] => multiple_choice
                    [user_answer] => N/A
                    [is_correct] => 
                )

            [99] => Array
                (
                    [question_id] => 191
                    [question_type] => multiple_choice
                    [user_answer] => A
                    [is_correct] => 
                )

        )

    [tab_switch_count] => 0
    [tab_switch_flagged] => 
    [tab_switch_log] => Array
        (
        )

    [time_expired] => 
)

[2025-12-14 14:07:41] Extracted data - User: 2, Book: 11, Score: 0/100 (0%)
[2025-12-14 14:07:41] Starting database operations...
[2025-12-14 14:07:41] Transaction started
[2025-12-14 14:07:41] User verified: Maria Santos
[2025-12-14 14:07:41] Book verified: One Piece: The Complete Adventure
[2025-12-14 14:07:41] Attempting to save quiz attempt...
[2025-12-14 14:07:41] Quiz attempt saved successfully! Attempt ID: 6
[2025-12-14 14:07:41] System log created
[2025-12-14 14:07:41] Is re-attempt: YES (Previous attempts: 1)
[2025-12-14 14:07:41] Books completed count (any attempt): 3
[2025-12-14 14:07:41] Average score: 20%
[2025-12-14 14:07:41] Processing rewards based on 3 books completed...
[2025-12-14 14:07:41] Checking reward: Pen Reward (requires 10 books)
[2025-12-14 14:07:41] Not enough books for reward: Pen Reward
[2025-12-14 14:07:41] Checking reward: Notebook Reward (requires 25 books)
[2025-12-14 14:07:41] Not enough books for reward: Notebook Reward
[2025-12-14 14:07:41] Checking reward: Drawing Materials (requires 50 books)
[2025-12-14 14:07:41] Not enough books for reward: Drawing Materials
[2025-12-14 14:07:41] Checking reward: School Supplies Bundle (requires 100 books)
[2025-12-14 14:07:41] Not enough books for reward: School Supplies Bundle
[2025-12-14 14:07:41] Total rewards earned: 0
[2025-12-14 14:07:41] ✅ Transaction committed successfully
[2025-12-14 14:07:41] Response data: Array
(
    [attempt_id] => 6
    [books_completed] => 3
    [average_score] => 20
    [rewards_earned] => 0
    [new_rewards] => Array
        (
        )

    [all_rewards] => Array
        (
        )

    [user_name] => Maria Santos
    [book_title] => One Piece: The Complete Adventure
    [passed] => 
    [is_reattempt] => 1
    [tab_switch_flagged] => 
)

[2025-12-14 14:07:41] === Quiz Save Successful ===
[2025-12-14 14:23:00] === Quiz Save Request Started ===
[2025-12-14 14:23:00] User logged in: 2
[2025-12-14 14:23:00] Raw JSON: {"user_id":2,"book_id":5,"total_questions":5,"correct_answers":0,"score_percentage":0,"time_taken":6,"responses":[{"question_id":22,"question_type":"multiple_choice","user_answer":"A","is_correct":false},{"question_id":25,"question_type":"multiple_choice","user_answer":"C","is_correct":false},{"question_id":24,"question_type":"multiple_choice","user_answer":"D","is_correct":false},{"question_id":23,"question_type":"multiple_choice","user_answer":"D","is_correct":false},{"question_id":21,"question_type":"multiple_choice","user_answer":"D","is_correct":false}],"tab_switch_count":0,"tab_switch_flagged":false,"tab_switch_log":[],"time_expired":false}
[2025-12-14 14:23:00] Quiz Data: Array
(
    [user_id] => 2
    [book_id] => 5
    [total_questions] => 5
    [correct_answers] => 0
    [score_percentage] => 0
    [time_taken] => 6
    [responses] => Array
        (
            [0] => Array
                (
                    [question_id] => 22
                    [question_type] => multiple_choice
                    [user_answer] => A
                    [is_correct] => 
                )

            [1] => Array
                (
                    [question_id] => 25
                    [question_type] => multiple_choice
                    [user_answer] => C
                    [is_correct] => 
                )

            [2] => Array
                (
                    [question_id] => 24
                    [question_type] => multiple_choice
                    [user_answer] => D
                    [is_correct] => 
                )

            [3] => Array
                (
                    [question_id] => 23
                    [question_type] => multiple_choice
                    [user_answer] => D
                    [is_correct] => 
                )

            [4] => Array
                (
                    [question_id] => 21
                    [question_type] => multiple_choice
                    [user_answer] => D
                    [is_correct] => 
                )

        )

    [tab_switch_count] => 0
    [tab_switch_flagged] => 
    [tab_switch_log] => Array
        (
        )

    [time_expired] => 
)

[2025-12-14 14:23:00] Extracted data - User: 2, Book: 5, Score: 0/5 (0%)
[2025-12-14 14:23:00] Starting database operations...
[2025-12-14 14:23:00] Transaction started
[2025-12-14 14:23:00] User verified: Maria Santos
[2025-12-14 14:23:00] Book verified: Bridge to Terabithia
[2025-12-14 14:23:00] Attempting to save quiz attempt...
[2025-12-14 14:23:00] Quiz attempt saved successfully! Attempt ID: 0
[2025-12-14 14:23:00] System log created
[2025-12-14 14:23:00] Is re-attempt: YES (Previous attempts: 1)
[2025-12-14 14:23:00] Books completed count (any attempt): 3
[2025-12-14 14:23:00] Average score: 20%
[2025-12-14 14:23:00] Processing rewards based on 3 books completed...
[2025-12-14 14:23:00] Checking reward: Pen Reward (requires 10 books)
[2025-12-14 14:23:00] Not enough books for reward: Pen Reward
[2025-12-14 14:23:00] Checking reward: Notebook Reward (requires 25 books)
[2025-12-14 14:23:00] Not enough books for reward: Notebook Reward
[2025-12-14 14:23:00] Checking reward: Drawing Materials (requires 50 books)
[2025-12-14 14:23:00] Not enough books for reward: Drawing Materials
[2025-12-14 14:23:00] Checking reward: School Supplies Bundle (requires 100 books)
[2025-12-14 14:23:00] Not enough books for reward: School Supplies Bundle
[2025-12-14 14:23:00] Total rewards earned: 0
[2025-12-14 14:23:00] ✅ Transaction committed successfully
[2025-12-14 14:23:00] Response data: Array
(
    [attempt_id] => 0
    [books_completed] => 3
    [average_score] => 20
    [rewards_earned] => 0
    [new_rewards] => Array
        (
        )

    [all_rewards] => Array
        (
        )

    [user_name] => Maria Santos
    [book_title] => Bridge to Terabithia
    [passed] => 
    [is_reattempt] => 1
    [tab_switch_flagged] => 
)

[2025-12-14 14:23:00] === Quiz Save Successful ===
[2025-12-14 15:35:31] === Quiz Save Request Started ===
[2025-12-14 15:35:31] User logged in: 2
[2025-12-14 15:35:31] Raw JSON: {"user_id":2,"book_id":5,"total_questions":5,"correct_answers":2,"score_percentage":40,"time_taken":14,"responses":[{"question_id":23,"question_type":"multiple_choice","user_answer":"B","is_correct":true},{"question_id":24,"question_type":"multiple_choice","user_answer":"C","is_correct":false},{"question_id":25,"question_type":"multiple_choice","user_answer":"C","is_correct":false},{"question_id":22,"question_type":"multiple_choice","user_answer":"C","is_correct":false},{"question_id":21,"question_type":"multiple_choice","user_answer":"C","is_correct":true}],"tab_switch_count":0,"tab_switch_flagged":false,"tab_switch_log":[],"time_expired":false}
[2025-12-14 15:35:31] Quiz Data: Array
(
    [user_id] => 2
    [book_id] => 5
    [total_questions] => 5
    [correct_answers] => 2
    [score_percentage] => 40
    [time_taken] => 14
    [responses] => Array
        (
            [0] => Array
                (
                    [question_id] => 23
                    [question_type] => multiple_choice
                    [user_answer] => B
                    [is_correct] => 1
                )

            [1] => Array
                (
                    [question_id] => 24
                    [question_type] => multiple_choice
                    [user_answer] => C
                    [is_correct] => 
                )

            [2] => Array
                (
                    [question_id] => 25
                    [question_type] => multiple_choice
                    [user_answer] => C
                    [is_correct] => 
                )

            [3] => Array
                (
                    [question_id] => 22
                    [question_type] => multiple_choice
                    [user_answer] => C
                    [is_correct] => 
                )

            [4] => Array
                (
                    [question_id] => 21
                    [question_type] => multiple_choice
                    [user_answer] => C
                    [is_correct] => 1
                )

        )

    [tab_switch_count] => 0
    [tab_switch_flagged] => 
    [tab_switch_log] => Array
        (
        )

    [time_expired] => 
)

[2025-12-14 15:35:31] Extracted data - User: 2, Book: 5, Score: 2/5 (40%)
[2025-12-14 15:35:31] Starting database operations...
[2025-12-14 15:35:31] Transaction started
[2025-12-14 15:35:31] User verified: Maria Santos
[2025-12-14 15:35:31] Book verified: Bridge to Terabithia
[2025-12-14 15:35:31] Attempting to save quiz attempt...
[2025-12-14 15:35:31] Quiz attempt saved successfully! Attempt ID: 0
[2025-12-14 15:35:31] System log created
[2025-12-14 15:35:31] Is re-attempt: YES (Previous attempts: 1)
[2025-12-14 15:35:31] Books completed count (any attempt): 3
[2025-12-14 15:35:31] Average score: 33.3%
[2025-12-14 15:35:31] Processing rewards based on 3 books completed...
[2025-12-14 15:35:31] Checking reward: Pen Reward (requires 10 books)
[2025-12-14 15:35:31] Not enough books for reward: Pen Reward
[2025-12-14 15:35:31] Checking reward: Notebook Reward (requires 25 books)
[2025-12-14 15:35:31] Not enough books for reward: Notebook Reward
[2025-12-14 15:35:31] Checking reward: Drawing Materials (requires 50 books)
[2025-12-14 15:35:31] Not enough books for reward: Drawing Materials
[2025-12-14 15:35:31] Checking reward: School Supplies Bundle (requires 100 books)
[2025-12-14 15:35:31] Not enough books for reward: School Supplies Bundle
[2025-12-14 15:35:31] Total rewards earned: 0
[2025-12-14 15:35:31] ✅ Transaction committed successfully
[2025-12-14 15:35:31] Response data: Array
(
    [attempt_id] => 0
    [books_completed] => 3
    [average_score] => 33.3
    [rewards_earned] => 0
    [new_rewards] => Array
        (
        )

    [all_rewards] => Array
        (
        )

    [user_name] => Maria Santos
    [book_title] => Bridge to Terabithia
    [passed] => 
    [is_reattempt] => 1
    [tab_switch_flagged] => 
)

[2025-12-14 15:35:31] === Quiz Save Successful ===
[2025-12-15 23:03:01] === Quiz Save Request Started ===
[2025-12-15 23:03:01] User logged in: 8
[2025-12-15 23:03:01] Raw JSON: {"user_id":8,"book_id":1,"total_questions":5,"correct_answers":4,"score_percentage":80,"time_taken":18,"responses":[{"question_id":5,"question_type":"multiple_choice","user_answer":"C","is_correct":true},{"question_id":4,"question_type":"multiple_choice","user_answer":"A","is_correct":false},{"question_id":1,"question_type":"multiple_choice","user_answer":"A","is_correct":true},{"question_id":2,"question_type":"multiple_choice","user_answer":"B","is_correct":true},{"question_id":3,"question_type":"multiple_choice","user_answer":"C","is_correct":true}],"tab_switch_count":0,"tab_switch_flagged":false,"tab_switch_log":[],"time_expired":false}
[2025-12-15 23:03:01] Quiz Data: Array
(
    [user_id] => 8
    [book_id] => 1
    [total_questions] => 5
    [correct_answers] => 4
    [score_percentage] => 80
    [time_taken] => 18
    [responses] => Array
        (
            [0] => Array
                (
                    [question_id] => 5
                    [question_type] => multiple_choice
                    [user_answer] => C
                    [is_correct] => 1
                )

            [1] => Array
                (
                    [question_id] => 4
                    [question_type] => multiple_choice
                    [user_answer] => A
                    [is_correct] => 
                )

            [2] => Array
                (
                    [question_id] => 1
                    [question_type] => multiple_choice
                    [user_answer] => A
                    [is_correct] => 1
                )

            [3] => Array
                (
                    [question_id] => 2
                    [question_type] => multiple_choice
                    [user_answer] => B
                    [is_correct] => 1
                )

            [4] => Array
                (
                    [question_id] => 3
                    [question_type] => multiple_choice
                    [user_answer] => C
                    [is_correct] => 1
                )

        )

    [tab_switch_count] => 0
    [tab_switch_flagged] => 
    [tab_switch_log] => Array
        (
        )

    [time_expired] => 
)

[2025-12-15 23:03:01] Extracted data - User: 8, Book: 1, Score: 4/5 (80%)
[2025-12-15 23:03:01] Starting database operations...
[2025-12-15 23:03:01] Transaction started
[2025-12-15 23:03:01] User verified: Christian Custodio
[2025-12-15 23:03:01] Book verified: The Adventures of Tom Sawyer
[2025-12-15 23:03:01] Attempting to save quiz attempt...
[2025-12-15 23:03:01] Quiz attempt saved successfully! Attempt ID: 2
[2025-12-15 23:03:01] System log created
[2025-12-15 23:03:01] Is re-attempt: YES (Previous attempts: 1)
[2025-12-15 23:03:01] Books completed count (any attempt): 1
[2025-12-15 23:03:01] Average score: 80%
[2025-12-15 23:03:01] Processing rewards based on 1 books completed...
[2025-12-15 23:03:01] Checking reward: Pen Reward (requires 10 books)
[2025-12-15 23:03:01] Not enough books for reward: Pen Reward
[2025-12-15 23:03:01] Checking reward: Notebook Reward (requires 25 books)
[2025-12-15 23:03:01] Not enough books for reward: Notebook Reward
[2025-12-15 23:03:01] Checking reward: Drawing Materials (requires 50 books)
[2025-12-15 23:03:01] Not enough books for reward: Drawing Materials
[2025-12-15 23:03:01] Checking reward: School Supplies Bundle (requires 100 books)
[2025-12-15 23:03:01] Not enough books for reward: School Supplies Bundle
[2025-12-15 23:03:01] Total rewards earned: 0
[2025-12-15 23:03:01] ✅ Transaction committed successfully
[2025-12-15 23:03:01] Response data: Array
(
    [attempt_id] => 2
    [books_completed] => 1
    [average_score] => 80
    [rewards_earned] => 0
    [new_rewards] => Array
        (
        )

    [all_rewards] => Array
        (
        )

    [user_name] => Christian Custodio
    [book_title] => The Adventures of Tom Sawyer
    [passed] => 1
    [is_reattempt] => 1
    [tab_switch_flagged] => 
)

[2025-12-15 23:03:01] === Quiz Save Successful ===
[2025-12-15 23:13:25] === Quiz Save Request Started ===
[2025-12-15 23:13:25] User logged in: 8
[2025-12-15 23:13:25] Raw JSON: {"user_id":8,"book_id":1,"total_questions":5,"correct_answers":4,"score_percentage":80,"time_taken":11,"responses":[{"question_id":2,"question_type":"multiple_choice","user_answer":"B","is_correct":true},{"question_id":4,"question_type":"multiple_choice","user_answer":"D","is_correct":false},{"question_id":3,"question_type":"multiple_choice","user_answer":"C","is_correct":true},{"question_id":1,"question_type":"multiple_choice","user_answer":"A","is_correct":true},{"question_id":5,"question_type":"multiple_choice","user_answer":"C","is_correct":true}],"tab_switch_count":0,"tab_switch_flagged":false,"tab_switch_log":[],"time_expired":false}
[2025-12-15 23:13:25] Quiz Data: Array
(
    [user_id] => 8
    [book_id] => 1
    [total_questions] => 5
    [correct_answers] => 4
    [score_percentage] => 80
    [time_taken] => 11
    [responses] => Array
        (
            [0] => Array
                (
                    [question_id] => 2
                    [question_type] => multiple_choice
                    [user_answer] => B
                    [is_correct] => 1
                )

            [1] => Array
                (
                    [question_id] => 4
                    [question_type] => multiple_choice
                    [user_answer] => D
                    [is_correct] => 
                )

            [2] => Array
                (
                    [question_id] => 3
                    [question_type] => multiple_choice
                    [user_answer] => C
                    [is_correct] => 1
                )

            [3] => Array
                (
                    [question_id] => 1
                    [question_type] => multiple_choice
                    [user_answer] => A
                    [is_correct] => 1
                )

            [4] => Array
                (
                    [question_id] => 5
                    [question_type] => multiple_choice
                    [user_answer] => C
                    [is_correct] => 1
                )

        )

    [tab_switch_count] => 0
    [tab_switch_flagged] => 
    [tab_switch_log] => Array
        (
        )

    [time_expired] => 
)

[2025-12-15 23:13:25] Extracted data - User: 8, Book: 1, Score: 4/5 (80%)
[2025-12-15 23:13:25] Starting database operations...
[2025-12-15 23:13:25] Transaction started
[2025-12-15 23:13:25] User verified: Christian Custodio
[2025-12-15 23:13:25] Book verified: The Adventures of Tom Sawyer
[2025-12-15 23:13:25] Attempting to save quiz attempt...
[2025-12-15 23:13:25] Quiz attempt saved successfully! Attempt ID: 0
[2025-12-15 23:13:25] System log created
[2025-12-15 23:13:25] Is re-attempt: YES (Previous attempts: 1)
[2025-12-15 23:13:25] Books completed count (any attempt): 1
[2025-12-15 23:13:25] Average score: 80%
[2025-12-15 23:13:25] Processing rewards based on 1 books completed...
[2025-12-15 23:13:25] Checking reward: Pen Reward (requires 10 books)
[2025-12-15 23:13:25] Not enough books for reward: Pen Reward
[2025-12-15 23:13:25] Checking reward: Notebook Reward (requires 25 books)
[2025-12-15 23:13:25] Not enough books for reward: Notebook Reward
[2025-12-15 23:13:25] Checking reward: Drawing Materials (requires 50 books)
[2025-12-15 23:13:25] Not enough books for reward: Drawing Materials
[2025-12-15 23:13:25] Checking reward: School Supplies Bundle (requires 100 books)
[2025-12-15 23:13:25] Not enough books for reward: School Supplies Bundle
[2025-12-15 23:13:25] Total rewards earned: 0
[2025-12-15 23:13:26] ✅ Transaction committed successfully
[2025-12-15 23:13:26] Response data: Array
(
    [attempt_id] => 0
    [books_completed] => 1
    [average_score] => 80
    [rewards_earned] => 0
    [new_rewards] => Array
        (
        )

    [all_rewards] => Array
        (
        )

    [user_name] => Christian Custodio
    [book_title] => The Adventures of Tom Sawyer
    [passed] => 1
    [is_reattempt] => 1
    [tab_switch_flagged] => 
)

[2025-12-15 23:13:26] === Quiz Save Successful ===
[2025-12-15 23:25:33] === Quiz Save Request Started ===
[2025-12-15 23:25:33] User logged in: 8
[2025-12-15 23:25:33] Raw JSON: {"user_id":8,"book_id":1,"total_questions":5,"correct_answers":0,"score_percentage":0,"time_taken":630,"responses":[{"question_id":5,"question_type":"multiple_choice","user_answer":"B","is_correct":false},{"question_id":4,"question_type":"multiple_choice","user_answer":"C","is_correct":false},{"question_id":3,"question_type":"multiple_choice","user_answer":"B","is_correct":false},{"question_id":1,"question_type":"multiple_choice","user_answer":"B","is_correct":false},{"question_id":2,"question_type":"multiple_choice","user_answer":"C","is_correct":false}],"tab_switch_count":2,"tab_switch_flagged":true,"tab_switch_log":[{"type":"window_blur","timestamp":"2025-12-15T15:15:05.125Z","question":1,"warning_number":1},{"type":"visibility_hidden","timestamp":"2025-12-15T15:15:05.128Z","question":1,"warning_number":2},{"type":"returned","timestamp":"2025-12-15T15:25:26.243Z","question":1}],"time_expired":false}
[2025-12-15 23:25:33] Quiz Data: Array
(
    [user_id] => 8
    [book_id] => 1
    [total_questions] => 5
    [correct_answers] => 0
    [score_percentage] => 0
    [time_taken] => 630
    [responses] => Array
        (
            [0] => Array
                (
                    [question_id] => 5
                    [question_type] => multiple_choice
                    [user_answer] => B
                    [is_correct] => 
                )

            [1] => Array
                (
                    [question_id] => 4
                    [question_type] => multiple_choice
                    [user_answer] => C
                    [is_correct] => 
                )

            [2] => Array
                (
                    [question_id] => 3
                    [question_type] => multiple_choice
                    [user_answer] => B
                    [is_correct] => 
                )

            [3] => Array
                (
                    [question_id] => 1
                    [question_type] => multiple_choice
                    [user_answer] => B
                    [is_correct] => 
                )

            [4] => Array
                (
                    [question_id] => 2
                    [question_type] => multiple_choice
                    [user_answer] => C
                    [is_correct] => 
                )

        )

    [tab_switch_count] => 2
    [tab_switch_flagged] => 1
    [tab_switch_log] => Array
        (
            [0] => Array
                (
                    [type] => window_blur
                    [timestamp] => 2025-12-15T15:15:05.125Z
                    [question] => 1
                    [warning_number] => 1
                )

            [1] => Array
                (
                    [type] => visibility_hidden
                    [timestamp] => 2025-12-15T15:15:05.128Z
                    [question] => 1
                    [warning_number] => 2
                )

            [2] => Array
                (
                    [type] => returned
                    [timestamp] => 2025-12-15T15:25:26.243Z
                    [question] => 1
                )

        )

    [time_expired] => 
)

[2025-12-15 23:25:33] Extracted data - User: 8, Book: 1, Score: 0/5 (0%)
[2025-12-15 23:25:33] Starting database operations...
[2025-12-15 23:25:33] Transaction started
[2025-12-15 23:25:33] User verified: Christian Custodio
[2025-12-15 23:25:33] Book verified: The Adventures of Tom Sawyer
[2025-12-15 23:25:33] Attempting to save quiz attempt...
[2025-12-15 23:25:33] Quiz attempt saved successfully! Attempt ID: 0
[2025-12-15 23:25:33] System log created
[2025-12-15 23:25:33] Is re-attempt: YES (Previous attempts: 1)
[2025-12-15 23:25:33] Books completed count (any attempt): 1
[2025-12-15 23:25:33] Average score: 0%
[2025-12-15 23:25:33] Processing rewards based on 1 books completed...
[2025-12-15 23:25:33] Checking reward: Pen Reward (requires 10 books)
[2025-12-15 23:25:33] Not enough books for reward: Pen Reward
[2025-12-15 23:25:33] Checking reward: Notebook Reward (requires 25 books)
[2025-12-15 23:25:33] Not enough books for reward: Notebook Reward
[2025-12-15 23:25:33] Checking reward: Drawing Materials (requires 50 books)
[2025-12-15 23:25:33] Not enough books for reward: Drawing Materials
[2025-12-15 23:25:33] Checking reward: School Supplies Bundle (requires 100 books)
[2025-12-15 23:25:33] Not enough books for reward: School Supplies Bundle
[2025-12-15 23:25:33] Total rewards earned: 0
[2025-12-15 23:25:33] ✅ Transaction committed successfully
[2025-12-15 23:25:33] Response data: Array
(
    [attempt_id] => 0
    [books_completed] => 1
    [average_score] => 0
    [rewards_earned] => 0
    [new_rewards] => Array
        (
        )

    [all_rewards] => Array
        (
        )

    [user_name] => Christian Custodio
    [book_title] => The Adventures of Tom Sawyer
    [passed] => 
    [is_reattempt] => 1
    [tab_switch_flagged] => 1
)

[2025-12-15 23:25:33] === Quiz Save Successful ===
[2025-12-15 23:57:43] === Quiz Save Request Started ===
[2025-12-15 23:57:43] User logged in: 8
[2025-12-15 23:57:43] Raw JSON: {"user_id":8,"book_id":1,"total_questions":5,"correct_answers":0,"score_percentage":0,"time_taken":1068,"responses":[{"question_id":4,"question_type":"multiple_choice","user_answer":"N/A","is_correct":false},{"question_id":1,"question_type":"multiple_choice","user_answer":"N/A","is_correct":false},{"question_id":2,"question_type":"multiple_choice","user_answer":"N/A","is_correct":false},{"question_id":3,"question_type":"multiple_choice","user_answer":"N/A","is_correct":false},{"question_id":5,"question_type":"multiple_choice","user_answer":"N/A","is_correct":false}],"tab_switch_count":4,"tab_switch_flagged":true,"tab_switch_log":[{"type":"window_blur","timestamp":"2025-12-15T15:39:58.156Z","question":2,"warning_number":1},{"type":"returned","timestamp":"2025-12-15T15:40:03.204Z","question":2},{"type":"window_blur","timestamp":"2025-12-15T15:40:03.507Z","question":2,"warning_number":2},{"type":"visibility_hidden","timestamp":"2025-12-15T15:40:03.510Z","question":2,"warning_number":3},{"type":"returned","timestamp":"2025-12-15T15:41:30.355Z","question":2},{"type":"window_blur","timestamp":"2025-12-15T15:41:33.540Z","question":2,"warning_number":4}],"time_expired":false}
[2025-12-15 23:57:43] Quiz Data: Array
(
    [user_id] => 8
    [book_id] => 1
    [total_questions] => 5
    [correct_answers] => 0
    [score_percentage] => 0
    [time_taken] => 1068
    [responses] => Array
        (
            [0] => Array
                (
                    [question_id] => 4
                    [question_type] => multiple_choice
                    [user_answer] => N/A
                    [is_correct] => 
                )

            [1] => Array
                (
                    [question_id] => 1
                    [question_type] => multiple_choice
                    [user_answer] => N/A
                    [is_correct] => 
                )

            [2] => Array
                (
                    [question_id] => 2
                    [question_type] => multiple_choice
                    [user_answer] => N/A
                    [is_correct] => 
                )

            [3] => Array
                (
                    [question_id] => 3
                    [question_type] => multiple_choice
                    [user_answer] => N/A
                    [is_correct] => 
                )

            [4] => Array
                (
                    [question_id] => 5
                    [question_type] => multiple_choice
                    [user_answer] => N/A
                    [is_correct] => 
                )

        )

    [tab_switch_count] => 4
    [tab_switch_flagged] => 1
    [tab_switch_log] => Array
        (
            [0] => Array
                (
                    [type] => window_blur
                    [timestamp] => 2025-12-15T15:39:58.156Z
                    [question] => 2
                    [warning_number] => 1
                )

            [1] => Array
                (
                    [type] => returned
                    [timestamp] => 2025-12-15T15:40:03.204Z
                    [question] => 2
                )

            [2] => Array
                (
                    [type] => window_blur
                    [timestamp] => 2025-12-15T15:40:03.507Z
                    [question] => 2
                    [warning_number] => 2
                )

            [3] => Array
                (
                    [type] => visibility_hidden
                    [timestamp] => 2025-12-15T15:40:03.510Z
                    [question] => 2
                    [warning_number] => 3
                )

            [4] => Array
                (
                    [type] => returned
                    [timestamp] => 2025-12-15T15:41:30.355Z
                    [question] => 2
                )

            [5] => Array
                (
                    [type] => window_blur
                    [timestamp] => 2025-12-15T15:41:33.540Z
                    [question] => 2
                    [warning_number] => 4
                )

        )

    [time_expired] => 
)

[2025-12-15 23:57:43] Extracted data - User: 8, Book: 1, Score: 0/5 (0%)
[2025-12-15 23:57:43] Starting database operations...
[2025-12-15 23:57:43] Transaction started
[2025-12-15 23:57:43] User verified: Christian Custodio
[2025-12-15 23:57:43] Book verified: The Adventures of Tom Sawyer
[2025-12-15 23:57:43] Attempting to save quiz attempt...
[2025-12-15 23:57:43] Quiz attempt saved successfully! Attempt ID: 0
[2025-12-15 23:57:43] System log created
[2025-12-15 23:57:43] Is re-attempt: YES (Previous attempts: 1)
[2025-12-15 23:57:43] Books completed count (any attempt): 1
[2025-12-15 23:57:43] Average score: 0%
[2025-12-15 23:57:43] Processing rewards based on 1 books completed...
[2025-12-15 23:57:43] Checking reward: Pen Reward (requires 10 books)
[2025-12-15 23:57:43] Not enough books for reward: Pen Reward
[2025-12-15 23:57:43] Checking reward: Notebook Reward (requires 25 books)
[2025-12-15 23:57:43] Not enough books for reward: Notebook Reward
[2025-12-15 23:57:43] Checking reward: Drawing Materials (requires 50 books)
[2025-12-15 23:57:43] Not enough books for reward: Drawing Materials
[2025-12-15 23:57:43] Checking reward: School Supplies Bundle (requires 100 books)
[2025-12-15 23:57:43] Not enough books for reward: School Supplies Bundle
[2025-12-15 23:57:43] Total rewards earned: 0
[2025-12-15 23:57:43] ✅ Transaction committed successfully
[2025-12-15 23:57:43] Response data: Array
(
    [attempt_id] => 0
    [books_completed] => 1
    [average_score] => 0
    [rewards_earned] => 0
    [new_rewards] => Array
        (
        )

    [all_rewards] => Array
        (
        )

    [user_name] => Christian Custodio
    [book_title] => The Adventures of Tom Sawyer
    [passed] => 
    [is_reattempt] => 1
    [tab_switch_flagged] => 1
)

[2025-12-15 23:57:43] === Quiz Save Successful ===
[2025-12-16 00:36:21] === Quiz Save Request Started ===
[2025-12-16 00:36:21] User logged in: 1
[2025-12-16 00:36:21] Raw JSON: {"user_id":1,"book_id":10,"total_questions":5,"correct_answers":1,"score_percentage":20,"time_taken":32,"responses":[{"question_id":47,"question_type":"multiple_choice","user_answer":"A","is_correct":true},{"question_id":49,"question_type":"multiple_choice","user_answer":"N/A","is_correct":false},{"question_id":46,"question_type":"multiple_choice","user_answer":"N/A","is_correct":false},{"question_id":50,"question_type":"multiple_choice","user_answer":"N/A","is_correct":false},{"question_id":48,"question_type":"multiple_choice","user_answer":"C","is_correct":false}],"tab_switch_count":0,"tab_switch_flagged":false,"tab_switch_log":[],"time_expired":false}
[2025-12-16 00:36:21] Quiz Data: Array
(
    [user_id] => 1
    [book_id] => 10
    [total_questions] => 5
    [correct_answers] => 1
    [score_percentage] => 20
    [time_taken] => 32
    [responses] => Array
        (
            [0] => Array
                (
                    [question_id] => 47
                    [question_type] => multiple_choice
                    [user_answer] => A
                    [is_correct] => 1
                )

            [1] => Array
                (
                    [question_id] => 49
                    [question_type] => multiple_choice
                    [user_answer] => N/A
                    [is_correct] => 
                )

            [2] => Array
                (
                    [question_id] => 46
                    [question_type] => multiple_choice
                    [user_answer] => N/A
                    [is_correct] => 
                )

            [3] => Array
                (
                    [question_id] => 50
                    [question_type] => multiple_choice
                    [user_answer] => N/A
                    [is_correct] => 
                )

            [4] => Array
                (
                    [question_id] => 48
                    [question_type] => multiple_choice
                    [user_answer] => C
                    [is_correct] => 
                )

        )

    [tab_switch_count] => 0
    [tab_switch_flagged] => 
    [tab_switch_log] => Array
        (
        )

    [time_expired] => 
)

[2025-12-16 00:36:21] Extracted data - User: 1, Book: 10, Score: 1/5 (20%)
[2025-12-16 00:36:21] Starting database operations...
[2025-12-16 00:36:21] Transaction started
[2025-12-16 00:36:21] User verified: Juan Dela Cruz
[2025-12-16 00:36:21] Book verified: Wonder
[2025-12-16 00:36:21] Attempting to save quiz attempt...
[2025-12-16 00:36:21] Quiz attempt saved successfully! Attempt ID: 3
[2025-12-16 00:36:21] System log created
[2025-12-16 00:36:21] Is re-attempt: YES (Previous attempts: 1)
[2025-12-16 00:36:22] Books completed count (any attempt): 2
[2025-12-16 00:36:22] Average score: 13%
[2025-12-16 00:36:22] Processing rewards based on 2 books completed...
[2025-12-16 00:36:22] Checking reward: Pen Reward (requires 10 books)
[2025-12-16 00:36:22] Not enough books for reward: Pen Reward
[2025-12-16 00:36:22] Checking reward: Notebook Reward (requires 25 books)
[2025-12-16 00:36:22] Not enough books for reward: Notebook Reward
[2025-12-16 00:36:22] Checking reward: Drawing Materials (requires 50 books)
[2025-12-16 00:36:22] Not enough books for reward: Drawing Materials
[2025-12-16 00:36:22] Checking reward: School Supplies Bundle (requires 100 books)
[2025-12-16 00:36:22] Not enough books for reward: School Supplies Bundle
[2025-12-16 00:36:22] Total rewards earned: 0
[2025-12-16 00:36:22] ✅ Transaction committed successfully
[2025-12-16 00:36:22] Response data: Array
(
    [attempt_id] => 3
    [books_completed] => 2
    [average_score] => 13
    [rewards_earned] => 0
    [new_rewards] => Array
        (
        )

    [all_rewards] => Array
        (
        )

    [user_name] => Juan Dela Cruz
    [book_title] => Wonder
    [passed] => 
    [is_reattempt] => 1
    [tab_switch_flagged] => 
)

[2025-12-16 00:36:22] === Quiz Save Successful ===
[2025-12-16 00:38:02] === Quiz Save Request Started ===
[2025-12-16 00:38:02] User logged in: 1
[2025-12-16 00:38:02] Raw JSON: {"user_id":1,"book_id":10,"total_questions":5,"correct_answers":0,"score_percentage":0,"time_taken":29,"responses":[{"question_id":50,"question_type":"multiple_choice","user_answer":"A","is_correct":false},{"question_id":46,"question_type":"multiple_choice","user_answer":"N/A","is_correct":false},{"question_id":47,"question_type":"multiple_choice","user_answer":"N/A","is_correct":false},{"question_id":48,"question_type":"multiple_choice","user_answer":"N/A","is_correct":false},{"question_id":49,"question_type":"multiple_choice","user_answer":"D","is_correct":false}],"tab_switch_count":1,"tab_switch_flagged":true,"tab_switch_log":[{"type":"window_blur","timestamp":"2025-12-15T16:37:35.892Z","question":1,"warning_number":1},{"type":"returned","timestamp":"2025-12-15T16:37:45.820Z","question":1}],"time_expired":false}
[2025-12-16 00:38:02] Quiz Data: Array
(
    [user_id] => 1
    [book_id] => 10
    [total_questions] => 5
    [correct_answers] => 0
    [score_percentage] => 0
    [time_taken] => 29
    [responses] => Array
        (
            [0] => Array
                (
                    [question_id] => 50
                    [question_type] => multiple_choice
                    [user_answer] => A
                    [is_correct] => 
                )

            [1] => Array
                (
                    [question_id] => 46
                    [question_type] => multiple_choice
                    [user_answer] => N/A
                    [is_correct] => 
                )

            [2] => Array
                (
                    [question_id] => 47
                    [question_type] => multiple_choice
                    [user_answer] => N/A
                    [is_correct] => 
                )

            [3] => Array
                (
                    [question_id] => 48
                    [question_type] => multiple_choice
                    [user_answer] => N/A
                    [is_correct] => 
                )

            [4] => Array
                (
                    [question_id] => 49
                    [question_type] => multiple_choice
                    [user_answer] => D
                    [is_correct] => 
                )

        )

    [tab_switch_count] => 1
    [tab_switch_flagged] => 1
    [tab_switch_log] => Array
        (
            [0] => Array
                (
                    [type] => window_blur
                    [timestamp] => 2025-12-15T16:37:35.892Z
                    [question] => 1
                    [warning_number] => 1
                )

            [1] => Array
                (
                    [type] => returned
                    [timestamp] => 2025-12-15T16:37:45.820Z
                    [question] => 1
                )

        )

    [time_expired] => 
)

[2025-12-16 00:38:02] Extracted data - User: 1, Book: 10, Score: 0/5 (0%)
[2025-12-16 00:38:02] Starting database operations...
[2025-12-16 00:38:02] Transaction started
[2025-12-16 00:38:02] User verified: Juan Dela Cruz
[2025-12-16 00:38:02] Book verified: Wonder
[2025-12-16 00:38:02] Attempting to save quiz attempt...
[2025-12-16 00:38:02] Quiz attempt saved successfully! Attempt ID: 0
[2025-12-16 00:38:02] System log created
[2025-12-16 00:38:02] Is re-attempt: YES (Previous attempts: 1)
[2025-12-16 00:38:02] Books completed count (any attempt): 2
[2025-12-16 00:38:02] Average score: 3%
[2025-12-16 00:38:02] Processing rewards based on 2 books completed...
[2025-12-16 00:38:02] Checking reward: Pen Reward (requires 10 books)
[2025-12-16 00:38:02] Not enough books for reward: Pen Reward
[2025-12-16 00:38:02] Checking reward: Notebook Reward (requires 25 books)
[2025-12-16 00:38:02] Not enough books for reward: Notebook Reward
[2025-12-16 00:38:02] Checking reward: Drawing Materials (requires 50 books)
[2025-12-16 00:38:02] Not enough books for reward: Drawing Materials
[2025-12-16 00:38:02] Checking reward: School Supplies Bundle (requires 100 books)
[2025-12-16 00:38:02] Not enough books for reward: School Supplies Bundle
[2025-12-16 00:38:02] Total rewards earned: 0
[2025-12-16 00:38:02] ✅ Transaction committed successfully
[2025-12-16 00:38:02] Response data: Array
(
    [attempt_id] => 0
    [books_completed] => 2
    [average_score] => 3
    [rewards_earned] => 0
    [new_rewards] => Array
        (
        )

    [all_rewards] => Array
        (
        )

    [user_name] => Juan Dela Cruz
    [book_title] => Wonder
    [passed] => 
    [is_reattempt] => 1
    [tab_switch_flagged] => 1
)

[2025-12-16 00:38:02] === Quiz Save Successful ===
[2025-12-16 02:33:15] === Quiz Save Request Started ===
[2025-12-16 02:33:15] User logged in: 8
[2025-12-16 02:33:15] Raw JSON: {"user_id":8,"book_id":10,"total_questions":5,"correct_answers":3,"score_percentage":60,"time_taken":12,"responses":[{"question_id":50,"question_type":"multiple_choice","user_answer":"D","is_correct":false},{"question_id":47,"question_type":"multiple_choice","user_answer":"C","is_correct":false},{"question_id":49,"question_type":"multiple_choice","user_answer":"B","is_correct":true},{"question_id":46,"question_type":"multiple_choice","user_answer":"A","is_correct":true},{"question_id":48,"question_type":"multiple_choice","user_answer":"A","is_correct":true}],"tab_switch_count":0,"tab_switch_flagged":false,"tab_switch_log":[],"time_expired":false}
[2025-12-16 02:33:15] Quiz Data: Array
(
    [user_id] => 8
    [book_id] => 10
    [total_questions] => 5
    [correct_answers] => 3
    [score_percentage] => 60
    [time_taken] => 12
    [responses] => Array
        (
            [0] => Array
                (
                    [question_id] => 50
                    [question_type] => multiple_choice
                    [user_answer] => D
                    [is_correct] => 
                )

            [1] => Array
                (
                    [question_id] => 47
                    [question_type] => multiple_choice
                    [user_answer] => C
                    [is_correct] => 
                )

            [2] => Array
                (
                    [question_id] => 49
                    [question_type] => multiple_choice
                    [user_answer] => B
                    [is_correct] => 1
                )

            [3] => Array
                (
                    [question_id] => 46
                    [question_type] => multiple_choice
                    [user_answer] => A
                    [is_correct] => 1
                )

            [4] => Array
                (
                    [question_id] => 48
                    [question_type] => multiple_choice
                    [user_answer] => A
                    [is_correct] => 1
                )

        )

    [tab_switch_count] => 0
    [tab_switch_flagged] => 
    [tab_switch_log] => Array
        (
        )

    [time_expired] => 
)

[2025-12-16 02:33:15] Extracted data - User: 8, Book: 10, Score: 3/5 (60%)
[2025-12-16 02:33:15] Starting database operations...
[2025-12-16 02:33:15] Transaction started
[2025-12-16 02:33:15] User verified: Christian Custodio
[2025-12-16 02:33:15] Book verified: Wonder (max_attempts=NULL)
[2025-12-16 02:33:15] Previous attempts for user 8 on book 10: 0
[2025-12-16 02:33:15] Attempting to save quiz attempt...
[2025-12-16 02:33:15] Quiz attempt saved successfully! Attempt ID: 4
[2025-12-16 02:33:15] System log created
[2025-12-16 02:33:15] Is re-attempt: YES (Previous attempts: 1)
[2025-12-16 02:33:15] Books completed count (any attempt): 2
[2025-12-16 02:33:15] Average score: 30%
[2025-12-16 02:33:15] Processing rewards based on 2 books completed...
[2025-12-16 02:33:15] Checking reward: Pen Reward (requires 10 books)
[2025-12-16 02:33:15] Not enough books for reward: Pen Reward
[2025-12-16 02:33:15] Checking reward: Notebook Reward (requires 25 books)
[2025-12-16 02:33:15] Not enough books for reward: Notebook Reward
[2025-12-16 02:33:15] Checking reward: Drawing Materials (requires 50 books)
[2025-12-16 02:33:15] Not enough books for reward: Drawing Materials
[2025-12-16 02:33:15] Checking reward: School Supplies Bundle (requires 100 books)
[2025-12-16 02:33:15] Not enough books for reward: School Supplies Bundle
[2025-12-16 02:33:15] Total rewards earned: 0
[2025-12-16 02:33:15] ✅ Transaction committed successfully
[2025-12-16 02:33:15] Response data: Array
(
    [attempt_id] => 4
    [books_completed] => 2
    [average_score] => 30
    [rewards_earned] => 0
    [new_rewards] => Array
        (
        )

    [all_rewards] => Array
        (
        )

    [user_name] => Christian Custodio
    [book_title] => Wonder
    [passed] => 
    [is_reattempt] => 1
    [tab_switch_flagged] => 
)

[2025-12-16 02:33:15] === Quiz Save Successful ===
[2025-12-16 02:41:47] === Quiz Save Request Started ===
[2025-12-16 02:41:47] User logged in: 8
[2025-12-16 02:41:47] Raw JSON: {"user_id":8,"book_id":1,"total_questions":6,"correct_answers":1,"score_percentage":17,"time_taken":14,"responses":[{"question_id":4,"question_type":"multiple_choice","user_answer":"D","is_correct":false},{"question_id":3,"question_type":"multiple_choice","user_answer":"B","is_correct":false},{"question_id":5,"question_type":"multiple_choice","user_answer":"D","is_correct":false},{"question_id":1,"question_type":"multiple_choice","user_answer":"A","is_correct":true},{"question_id":801,"question_type":"multiple_choice","user_answer":"A","is_correct":false},{"question_id":2,"question_type":"multiple_choice","user_answer":"A","is_correct":false}],"tab_switch_count":0,"tab_switch_flagged":false,"tab_switch_log":[],"time_expired":false}
[2025-12-16 02:41:47] Quiz Data: Array
(
    [user_id] => 8
    [book_id] => 1
    [total_questions] => 6
    [correct_answers] => 1
    [score_percentage] => 17
    [time_taken] => 14
    [responses] => Array
        (
            [0] => Array
                (
                    [question_id] => 4
                    [question_type] => multiple_choice
                    [user_answer] => D
                    [is_correct] => 
                )

            [1] => Array
                (
                    [question_id] => 3
                    [question_type] => multiple_choice
                    [user_answer] => B
                    [is_correct] => 
                )

            [2] => Array
                (
                    [question_id] => 5
                    [question_type] => multiple_choice
                    [user_answer] => D
                    [is_correct] => 
                )

            [3] => Array
                (
                    [question_id] => 1
                    [question_type] => multiple_choice
                    [user_answer] => A
                    [is_correct] => 1
                )

            [4] => Array
                (
                    [question_id] => 801
                    [question_type] => multiple_choice
                    [user_answer] => A
                    [is_correct] => 
                )

            [5] => Array
                (
                    [question_id] => 2
                    [question_type] => multiple_choice
                    [user_answer] => A
                    [is_correct] => 
                )

        )

    [tab_switch_count] => 0
    [tab_switch_flagged] => 
    [tab_switch_log] => Array
        (
        )

    [time_expired] => 
)

[2025-12-16 02:41:47] Extracted data - User: 8, Book: 1, Score: 1/6 (17%)
[2025-12-16 02:41:47] Starting database operations...
[2025-12-16 02:41:47] Transaction started
[2025-12-16 02:41:47] User verified: Christian Custodio
[2025-12-16 02:41:47] Book verified: The Adventures of Tom Sawyer (max_attempts=2)
[2025-12-16 02:41:47] Previous attempts for user 8 on book 1: 1
[2025-12-16 02:41:47] Attempting to save quiz attempt...
[2025-12-16 02:41:47] Quiz attempt saved successfully! Attempt ID: 0
[2025-12-16 02:41:47] System log created
[2025-12-16 02:41:47] Is re-attempt: YES (Previous attempts: 1)
[2025-12-16 02:41:47] Books completed count (any attempt): 2
[2025-12-16 02:41:47] Average score: 38.5%
[2025-12-16 02:41:47] Processing rewards based on 2 books completed...
[2025-12-16 02:41:47] Checking reward: Pen Reward (requires 10 books)
[2025-12-16 02:41:47] Not enough books for reward: Pen Reward
[2025-12-16 02:41:47] Checking reward: Notebook Reward (requires 25 books)
[2025-12-16 02:41:47] Not enough books for reward: Notebook Reward
[2025-12-16 02:41:47] Checking reward: Drawing Materials (requires 50 books)
[2025-12-16 02:41:47] Not enough books for reward: Drawing Materials
[2025-12-16 02:41:47] Checking reward: School Supplies Bundle (requires 100 books)
[2025-12-16 02:41:47] Not enough books for reward: School Supplies Bundle
[2025-12-16 02:41:47] Total rewards earned: 0
[2025-12-16 02:41:47] ✅ Transaction committed successfully
[2025-12-16 02:41:47] Response data: Array
(
    [attempt_id] => 0
    [books_completed] => 2
    [average_score] => 38.5
    [rewards_earned] => 0
    [new_rewards] => Array
        (
        )

    [all_rewards] => Array
        (
        )

    [user_name] => Christian Custodio
    [book_title] => The Adventures of Tom Sawyer
    [passed] => 
    [is_reattempt] => 1
    [tab_switch_flagged] => 
)

[2025-12-16 02:41:47] === Quiz Save Successful ===
[2025-12-16 03:09:46] === Quiz Save Request Started ===
[2025-12-16 03:09:46] User logged in: 8
[2025-12-16 03:09:46] Raw JSON: {"user_id":8,"book_id":1,"total_questions":6,"correct_answers":0,"score_percentage":0,"time_taken":37,"responses":[{"question_id":801,"question_type":"identification","user_answer":"Tom Sawyer","is_correct":false},{"question_id":1,"question_type":"multiple_choice","user_answer":"B","is_correct":false},{"question_id":3,"question_type":"multiple_choice","user_answer":"N/A","is_correct":false},{"question_id":2,"question_type":"multiple_choice","user_answer":"N/A","is_correct":false},{"question_id":4,"question_type":"multiple_choice","user_answer":"N/A","is_correct":false},{"question_id":5,"question_type":"multiple_choice","user_answer":"N/A","is_correct":false}],"tab_switch_count":0,"tab_switch_flagged":false,"tab_switch_log":[],"time_expired":false}
[2025-12-16 03:09:46] Quiz Data: Array
(
    [user_id] => 8
    [book_id] => 1
    [total_questions] => 6
    [correct_answers] => 0
    [score_percentage] => 0
    [time_taken] => 37
    [responses] => Array
        (
            [0] => Array
                (
                    [question_id] => 801
                    [question_type] => identification
                    [user_answer] => Tom Sawyer
                    [is_correct] => 
                )

            [1] => Array
                (
                    [question_id] => 1
                    [question_type] => multiple_choice
                    [user_answer] => B
                    [is_correct] => 
                )

            [2] => Array
                (
                    [question_id] => 3
                    [question_type] => multiple_choice
                    [user_answer] => N/A
                    [is_correct] => 
                )

            [3] => Array
                (
                    [question_id] => 2
                    [question_type] => multiple_choice
                    [user_answer] => N/A
                    [is_correct] => 
                )

            [4] => Array
                (
                    [question_id] => 4
                    [question_type] => multiple_choice
                    [user_answer] => N/A
                    [is_correct] => 
                )

            [5] => Array
                (
                    [question_id] => 5
                    [question_type] => multiple_choice
                    [user_answer] => N/A
                    [is_correct] => 
                )

        )

    [tab_switch_count] => 0
    [tab_switch_flagged] => 
    [tab_switch_log] => Array
        (
        )

    [time_expired] => 
)

[2025-12-16 03:09:46] Extracted data - User: 8, Book: 1, Score: 0/6 (0%)
[2025-12-16 03:09:46] Starting database operations...
[2025-12-16 03:09:46] Transaction started
[2025-12-16 03:09:46] User verified: Christian Custodio
[2025-12-16 03:09:46] Book verified: The Adventures of Tom Sawyer (max_attempts=2)
[2025-12-16 03:09:46] Previous attempts for user 8 on book 1: 1
[2025-12-16 03:09:46] Attempting to save quiz attempt...
[2025-12-16 03:09:46] Quiz attempt saved successfully! Attempt ID: 0
[2025-12-16 03:09:46] System log created
[2025-12-16 03:09:46] Is re-attempt: YES (Previous attempts: 1)
[2025-12-16 03:09:46] Books completed count (any attempt): 2
[2025-12-16 03:09:46] Average score: 30%
[2025-12-16 03:09:46] Processing rewards based on 2 books completed...
[2025-12-16 03:09:46] Checking reward: Pen Reward (requires 10 books)
[2025-12-16 03:09:46] Not enough books for reward: Pen Reward
[2025-12-16 03:09:46] Checking reward: Notebook Reward (requires 25 books)
[2025-12-16 03:09:46] Not enough books for reward: Notebook Reward
[2025-12-16 03:09:46] Checking reward: Drawing Materials (requires 50 books)
[2025-12-16 03:09:46] Not enough books for reward: Drawing Materials
[2025-12-16 03:09:46] Checking reward: School Supplies Bundle (requires 100 books)
[2025-12-16 03:09:46] Not enough books for reward: School Supplies Bundle
[2025-12-16 03:09:46] Total rewards earned: 0
[2025-12-16 03:09:46] ✅ Transaction committed successfully
[2025-12-16 03:09:46] Response data: Array
(
    [attempt_id] => 0
    [books_completed] => 2
    [average_score] => 30
    [rewards_earned] => 0
    [new_rewards] => Array
        (
        )

    [all_rewards] => Array
        (
        )

    [user_name] => Christian Custodio
    [book_title] => The Adventures of Tom Sawyer
    [passed] => 
    [is_reattempt] => 1
    [tab_switch_flagged] => 
)

[2025-12-16 03:09:46] === Quiz Save Successful ===
[2025-12-17 17:09:47] === Quiz Save Request Started ===
[2025-12-17 17:09:47] User logged in: 2
[2025-12-17 17:09:47] Raw JSON: {"user_id":2,"book_id":5,"total_questions":5,"correct_answers":1,"score_percentage":20,"time_taken":8,"responses":[{"question_id":24,"question_type":"multiple_choice","user_answer":"A","is_correct":false},{"question_id":21,"question_type":"multiple_choice","user_answer":"D","is_correct":false},{"question_id":25,"question_type":"multiple_choice","user_answer":"B","is_correct":true},{"question_id":22,"question_type":"multiple_choice","user_answer":"C","is_correct":false},{"question_id":23,"question_type":"multiple_choice","user_answer":"C","is_correct":false}],"tab_switch_count":0,"tab_switch_flagged":false,"tab_switch_log":[],"time_expired":false}
[2025-12-17 17:09:47] Quiz Data: Array
(
    [user_id] => 2
    [book_id] => 5
    [total_questions] => 5
    [correct_answers] => 1
    [score_percentage] => 20
    [time_taken] => 8
    [responses] => Array
        (
            [0] => Array
                (
                    [question_id] => 24
                    [question_type] => multiple_choice
                    [user_answer] => A
                    [is_correct] => 
                )

            [1] => Array
                (
                    [question_id] => 21
                    [question_type] => multiple_choice
                    [user_answer] => D
                    [is_correct] => 
                )

            [2] => Array
                (
                    [question_id] => 25
                    [question_type] => multiple_choice
                    [user_answer] => B
                    [is_correct] => 1
                )

            [3] => Array
                (
                    [question_id] => 22
                    [question_type] => multiple_choice
                    [user_answer] => C
                    [is_correct] => 
                )

            [4] => Array
                (
                    [question_id] => 23
                    [question_type] => multiple_choice
                    [user_answer] => C
                    [is_correct] => 
                )

        )

    [tab_switch_count] => 0
    [tab_switch_flagged] => 
    [tab_switch_log] => Array
        (
        )

    [time_expired] => 
)

[2025-12-17 17:09:47] Extracted data - User: 2, Book: 5, Score: 1/5 (20%)
[2025-12-17 17:09:47] Starting database operations...
[2025-12-17 17:09:47] Transaction started
[2025-12-17 17:09:47] User verified: Maria Santos
[2025-12-17 17:09:47] Book verified: Bridge to Terabithia (max_attempts=NULL)
[2025-12-17 17:09:47] Previous attempts for user 2 on book 5: 1
[2025-12-17 17:09:47] Attempting to save quiz attempt...
[2025-12-17 17:09:47] Quiz attempt saved successfully! Attempt ID: 0
[2025-12-17 17:09:47] System log created
[2025-12-17 17:09:47] Is re-attempt: YES (Previous attempts: 1)
[2025-12-17 17:09:47] Books completed count (any attempt): 3
[2025-12-17 17:09:47] Average score: 26.7%
[2025-12-17 17:09:47] Processing rewards based on 3 books completed...
[2025-12-17 17:09:47] Checking reward: Pen Reward (requires 10 books)
[2025-12-17 17:09:47] Not enough books for reward: Pen Reward
[2025-12-17 17:09:47] Checking reward: Notebook Reward (requires 25 books)
[2025-12-17 17:09:47] Not enough books for reward: Notebook Reward
[2025-12-17 17:09:47] Checking reward: Drawing Materials (requires 50 books)
[2025-12-17 17:09:47] Not enough books for reward: Drawing Materials
[2025-12-17 17:09:47] Checking reward: School Supplies Bundle (requires 100 books)
[2025-12-17 17:09:47] Not enough books for reward: School Supplies Bundle
[2025-12-17 17:09:47] Total rewards earned: 0
[2025-12-17 17:09:47] ✅ Transaction committed successfully
[2025-12-17 17:09:47] Response data: Array
(
    [attempt_id] => 0
    [books_completed] => 3
    [average_score] => 26.7
    [rewards_earned] => 0
    [new_rewards] => Array
        (
        )

    [all_rewards] => Array
        (
        )

    [user_name] => Maria Santos
    [book_title] => Bridge to Terabithia
    [passed] => 
    [is_reattempt] => 1
    [tab_switch_flagged] => 
)

[2025-12-17 17:09:47] === Quiz Save Successful ===
[2025-12-17 18:59:40] === Quiz Save Request Started ===
[2025-12-17 18:59:40] User logged in: 2
[2025-12-17 18:59:40] Raw JSON: {"user_id":2,"book_id":2,"total_questions":5,"correct_answers":2,"score_percentage":40,"time_taken":11,"responses":[{"question_id":6,"question_type":"multiple_choice","user_answer":"B","is_correct":false},{"question_id":10,"question_type":"multiple_choice","user_answer":"D","is_correct":false},{"question_id":7,"question_type":"multiple_choice","user_answer":"B","is_correct":true},{"question_id":9,"question_type":"multiple_choice","user_answer":"B","is_correct":true},{"question_id":8,"question_type":"multiple_choice","user_answer":"A","is_correct":false}],"tab_switch_count":0,"tab_switch_flagged":false,"tab_switch_log":[],"time_expired":false}
[2025-12-17 18:59:40] Quiz Data: Array
(
    [user_id] => 2
    [book_id] => 2
    [total_questions] => 5
    [correct_answers] => 2
    [score_percentage] => 40
    [time_taken] => 11
    [responses] => Array
        (
            [0] => Array
                (
                    [question_id] => 6
                    [question_type] => multiple_choice
                    [user_answer] => B
                    [is_correct] => 
                )

            [1] => Array
                (
                    [question_id] => 10
                    [question_type] => multiple_choice
                    [user_answer] => D
                    [is_correct] => 
                )

            [2] => Array
                (
                    [question_id] => 7
                    [question_type] => multiple_choice
                    [user_answer] => B
                    [is_correct] => 1
                )

            [3] => Array
                (
                    [question_id] => 9
                    [question_type] => multiple_choice
                    [user_answer] => B
                    [is_correct] => 1
                )

            [4] => Array
                (
                    [question_id] => 8
                    [question_type] => multiple_choice
                    [user_answer] => A
                    [is_correct] => 
                )

        )

    [tab_switch_count] => 0
    [tab_switch_flagged] => 
    [tab_switch_log] => Array
        (
        )

    [time_expired] => 
)

[2025-12-17 18:59:40] Extracted data - User: 2, Book: 2, Score: 2/5 (40%)
[2025-12-17 18:59:40] Starting database operations...
[2025-12-17 18:59:40] Transaction started
[2025-12-17 18:59:40] User verified: Maria Santos
[2025-12-17 18:59:40] Book verified: Charlotte's Web (max_attempts=NULL)
[2025-12-17 18:59:40] Previous attempts for user 2 on book 2: 0
[2025-12-17 18:59:40] Attempting to save quiz attempt...
[2025-12-17 18:59:40] Quiz attempt saved successfully! Attempt ID: 7
[2025-12-17 18:59:40] System log created
[2025-12-17 18:59:40] Is re-attempt: YES (Previous attempts: 1)
[2025-12-17 18:59:40] Books completed count (any attempt): 4
[2025-12-17 18:59:40] Average score: 30%
[2025-12-17 18:59:40] Processing rewards based on 4 books completed...
[2025-12-17 18:59:40] Checking reward: Pen Reward (requires 10 books)
[2025-12-17 18:59:40] Not enough books for reward: Pen Reward
[2025-12-17 18:59:40] Checking reward: Notebook Reward (requires 25 books)
[2025-12-17 18:59:40] Not enough books for reward: Notebook Reward
[2025-12-17 18:59:40] Checking reward: Drawing Materials (requires 50 books)
[2025-12-17 18:59:40] Not enough books for reward: Drawing Materials
[2025-12-17 18:59:40] Checking reward: School Supplies Bundle (requires 100 books)
[2025-12-17 18:59:40] Not enough books for reward: School Supplies Bundle
[2025-12-17 18:59:40] Total rewards earned: 0
[2025-12-17 18:59:40] ✅ Transaction committed successfully
[2025-12-17 18:59:40] Response data: Array
(
    [attempt_id] => 7
    [books_completed] => 4
    [average_score] => 30
    [rewards_earned] => 0
    [new_rewards] => Array
        (
        )

    [all_rewards] => Array
        (
        )

    [user_name] => Maria Santos
    [book_title] => Charlotte's Web
    [passed] => 
    [is_reattempt] => 1
    [tab_switch_flagged] => 
)

[2025-12-17 18:59:40] === Quiz Save Successful ===
[2025-12-17 19:02:58] === Quiz Save Request Started ===
[2025-12-17 19:02:58] User logged in: 2
[2025-12-17 19:02:58] Raw JSON: {"user_id":2,"book_id":5,"total_questions":5,"correct_answers":1,"score_percentage":20,"time_taken":9,"responses":[{"question_id":23,"question_type":"multiple_choice","user_answer":"A","is_correct":false},{"question_id":21,"question_type":"multiple_choice","user_answer":"B","is_correct":false},{"question_id":25,"question_type":"multiple_choice","user_answer":"D","is_correct":false},{"question_id":22,"question_type":"multiple_choice","user_answer":"C","is_correct":false},{"question_id":24,"question_type":"multiple_choice","user_answer":"B","is_correct":true}],"tab_switch_count":0,"tab_switch_flagged":false,"tab_switch_log":[],"time_expired":false}
[2025-12-17 19:02:58] Quiz Data: Array
(
    [user_id] => 2
    [book_id] => 5
    [total_questions] => 5
    [correct_answers] => 1
    [score_percentage] => 20
    [time_taken] => 9
    [responses] => Array
        (
            [0] => Array
                (
                    [question_id] => 23
                    [question_type] => multiple_choice
                    [user_answer] => A
                    [is_correct] => 
                )

            [1] => Array
                (
                    [question_id] => 21
                    [question_type] => multiple_choice
                    [user_answer] => B
                    [is_correct] => 
                )

            [2] => Array
                (
                    [question_id] => 25
                    [question_type] => multiple_choice
                    [user_answer] => D
                    [is_correct] => 
                )

            [3] => Array
                (
                    [question_id] => 22
                    [question_type] => multiple_choice
                    [user_answer] => C
                    [is_correct] => 
                )

            [4] => Array
                (
                    [question_id] => 24
                    [question_type] => multiple_choice
                    [user_answer] => B
                    [is_correct] => 1
                )

        )

    [tab_switch_count] => 0
    [tab_switch_flagged] => 
    [tab_switch_log] => Array
        (
        )

    [time_expired] => 
)

[2025-12-17 19:02:58] Extracted data - User: 2, Book: 5, Score: 1/5 (20%)
[2025-12-17 19:02:58] Starting database operations...
[2025-12-17 19:02:58] Transaction started
[2025-12-17 19:02:58] User verified: Maria Santos
[2025-12-17 19:02:58] Book verified: Bridge to Terabithia (max_attempts=NULL)
[2025-12-17 19:02:58] Previous attempts for user 2 on book 5: 1
[2025-12-17 19:02:58] Attempting to save quiz attempt...
[2025-12-17 19:02:58] Quiz attempt saved successfully! Attempt ID: 0
[2025-12-17 19:02:58] System log created
[2025-12-17 19:02:58] Is re-attempt: YES (Previous attempts: 1)
[2025-12-17 19:02:58] Books completed count (any attempt): 4
[2025-12-17 19:02:58] Average score: 30%
[2025-12-17 19:02:58] Processing rewards based on 4 books completed...
[2025-12-17 19:02:58] Checking reward: Pen Reward (requires 10 books)
[2025-12-17 19:02:58] Not enough books for reward: Pen Reward
[2025-12-17 19:02:58] Checking reward: Notebook Reward (requires 25 books)
[2025-12-17 19:02:58] Not enough books for reward: Notebook Reward
[2025-12-17 19:02:58] Checking reward: Drawing Materials (requires 50 books)
[2025-12-17 19:02:58] Not enough books for reward: Drawing Materials
[2025-12-17 19:02:58] Checking reward: School Supplies Bundle (requires 100 books)
[2025-12-17 19:02:58] Not enough books for reward: School Supplies Bundle
[2025-12-17 19:02:58] Total rewards earned: 0
[2025-12-17 19:02:58] ✅ Transaction committed successfully
[2025-12-17 19:02:58] Response data: Array
(
    [attempt_id] => 0
    [books_completed] => 4
    [average_score] => 30
    [rewards_earned] => 0
    [new_rewards] => Array
        (
        )

    [all_rewards] => Array
        (
        )

    [user_name] => Maria Santos
    [book_title] => Bridge to Terabithia
    [passed] => 
    [is_reattempt] => 1
    [tab_switch_flagged] => 
)

[2025-12-17 19:02:58] === Quiz Save Successful ===
[2025-12-17 19:30:54] === Quiz Save Request Started ===
[2025-12-17 19:30:54] User logged in: 2
[2025-12-17 19:30:54] Raw JSON: {"user_id":2,"book_id":5,"total_questions":5,"correct_answers":0,"score_percentage":0,"time_taken":8,"responses":[{"question_id":23,"question_type":"multiple_choice","user_answer":"N/A","is_correct":false},{"question_id":25,"question_type":"multiple_choice","user_answer":"N/A","is_correct":false},{"question_id":21,"question_type":"multiple_choice","user_answer":"N/A","is_correct":false},{"question_id":22,"question_type":"multiple_choice","user_answer":"N/A","is_correct":false},{"question_id":24,"question_type":"multiple_choice","user_answer":"N/A","is_correct":false}],"tab_switch_count":0,"tab_switch_flagged":false,"tab_switch_log":[],"time_expired":false}
[2025-12-17 19:30:54] Quiz Data: Array
(
    [user_id] => 2
    [book_id] => 5
    [total_questions] => 5
    [correct_answers] => 0
    [score_percentage] => 0
    [time_taken] => 8
    [responses] => Array
        (
            [0] => Array
                (
                    [question_id] => 23
                    [question_type] => multiple_choice
                    [user_answer] => N/A
                    [is_correct] => 
                )

            [1] => Array
                (
                    [question_id] => 25
                    [question_type] => multiple_choice
                    [user_answer] => N/A
                    [is_correct] => 
                )

            [2] => Array
                (
                    [question_id] => 21
                    [question_type] => multiple_choice
                    [user_answer] => N/A
                    [is_correct] => 
                )

            [3] => Array
                (
                    [question_id] => 22
                    [question_type] => multiple_choice
                    [user_answer] => N/A
                    [is_correct] => 
                )

            [4] => Array
                (
                    [question_id] => 24
                    [question_type] => multiple_choice
                    [user_answer] => N/A
                    [is_correct] => 
                )

        )

    [tab_switch_count] => 0
    [tab_switch_flagged] => 
    [tab_switch_log] => Array
        (
        )

    [time_expired] => 
)

[2025-12-17 19:30:54] Extracted data - User: 2, Book: 5, Score: 0/5 (0%)
[2025-12-17 19:30:54] Starting database operations...
[2025-12-17 19:30:54] Transaction started
[2025-12-17 19:30:54] User verified: Maria Santos
[2025-12-17 19:30:54] Book verified: Bridge to Terabithia (max_attempts=NULL)
[2025-12-17 19:30:54] Previous attempts for user 2 on book 5: 1
[2025-12-17 19:30:54] Attempting to save quiz attempt...
[2025-12-17 19:30:54] Quiz attempt saved successfully! Attempt ID: 0
[2025-12-17 19:30:54] System log created
[2025-12-17 19:30:54] Is re-attempt: YES (Previous attempts: 1)
[2025-12-17 19:30:54] Books completed count (any attempt): 4
[2025-12-17 19:30:54] Average score: 25%
[2025-12-17 19:30:54] Processing rewards based on 4 books completed...
[2025-12-17 19:30:54] Checking reward: Pen Reward (requires 10 books)
[2025-12-17 19:30:54] Not enough books for reward: Pen Reward
[2025-12-17 19:30:54] Checking reward: Notebook Reward (requires 25 books)
[2025-12-17 19:30:54] Not enough books for reward: Notebook Reward
[2025-12-17 19:30:54] Checking reward: Drawing Materials (requires 50 books)
[2025-12-17 19:30:54] Not enough books for reward: Drawing Materials
[2025-12-17 19:30:54] Checking reward: School Supplies Bundle (requires 100 books)
[2025-12-17 19:30:54] Not enough books for reward: School Supplies Bundle
[2025-12-17 19:30:54] Total rewards earned: 0
[2025-12-17 19:30:54] ✅ Transaction committed successfully
[2025-12-17 19:30:54] Response data: Array
(
    [attempt_id] => 0
    [books_completed] => 4
    [average_score] => 25
    [rewards_earned] => 0
    [new_rewards] => Array
        (
        )

    [all_rewards] => Array
        (
        )

    [user_name] => Maria Santos
    [book_title] => Bridge to Terabithia
    [passed] => 
    [is_reattempt] => 1
    [tab_switch_flagged] => 
)

[2025-12-17 19:30:54] === Quiz Save Successful ===
